-- Adminer 4.6.2 MySQL dump

SET NAMES utf8;
SET time_zone = '+00:00';
SET foreign_key_checks = 0;
SET sql_mode = 'NO_AUTO_VALUE_ON_ZERO';

DROP TABLE IF EXISTS `classes`;
CREATE TABLE `classes` (
  `id` int(10) unsigned NOT NULL AUTO_INCREMENT,
  `name` varchar(255) COLLATE utf8_unicode_ci NOT NULL,
  `created_at` timestamp NULL DEFAULT NULL,
  `updated_at` timestamp NULL DEFAULT NULL,
  `school_id` int(10) unsigned NOT NULL,
  PRIMARY KEY (`id`),
  KEY `classes_school_id_foreign` (`school_id`),
  CONSTRAINT `classes_school_id_foreign` FOREIGN KEY (`school_id`) REFERENCES `enviroments` (`id`)
) ENGINE=InnoDB DEFAULT CHARSET=utf8 COLLATE=utf8_unicode_ci;

INSERT INTO `classes` (`id`, `name`, `created_at`, `updated_at`, `school_id`) VALUES
(1,	'1AgroI1',	'2018-06-07 10:23:44',	'2018-06-07 10:23:44',	1),
(2,	'1AgroI2',	'2018-06-07 10:23:44',	'2018-06-07 10:23:44',	1),
(3,	'1AgroI3',	'2018-06-07 10:23:44',	'2018-06-07 10:23:44',	1),
(4,	'2AgroI1',	'2018-06-07 10:23:44',	'2018-06-07 10:23:44',	1),
(5,	'2AgroI2',	'2018-06-07 10:23:44',	'2018-06-07 10:23:44',	1),
(6,	'2AgroI3',	'2018-06-07 10:23:44',	'2018-06-07 10:23:44',	1),
(7,	'3AgroI1',	'2018-06-07 10:23:44',	'2018-06-07 10:23:44',	1),
(8,	'3AgroI2',	'2018-06-07 10:23:44',	'2018-06-07 10:23:44',	1),
(9,	'3AgroI3',	'2018-06-07 10:23:44',	'2018-06-07 10:23:44',	1),
(10,	'1InfoI1',	'2018-06-07 10:23:44',	'2018-06-07 10:23:44',	1),
(11,	'1InfoI2',	'2018-06-07 10:23:44',	'2018-06-07 10:23:44',	1),
(12,	'1InfoI3',	'2018-06-07 10:23:44',	'2018-06-07 10:23:44',	1),
(13,	'2InfoI1',	'2018-06-07 10:23:44',	'2018-06-07 10:23:44',	1),
(14,	'2InfoI2',	'2018-06-07 10:23:44',	'2018-06-07 10:23:44',	1),
(15,	'2InfoI3',	'2018-06-07 10:23:44',	'2018-06-07 10:23:44',	1),
(16,	'3InfoI1',	'2018-06-07 10:23:44',	'2018-06-07 10:23:44',	1),
(17,	'3InfoI2',	'2018-06-07 10:23:44',	'2018-06-07 10:23:44',	1),
(18,	'3InfoI3',	'2018-06-07 10:23:44',	'2018-06-07 10:23:44',	1),
(19,	'1Quimi',	'2018-06-07 10:23:44',	'2018-06-07 10:23:44',	1),
(20,	'2Quimi',	'2018-06-07 10:23:44',	'2018-06-07 10:23:44',	1),
(21,	'3Quimi',	'2018-06-07 10:23:44',	'2018-06-07 10:23:44',	1),
(22,	'4Quimi',	'2018-06-07 10:23:44',	'2018-06-07 10:23:44',	1);

DROP TABLE IF EXISTS `enviroments`;
CREATE TABLE `enviroments` (
  `id` int(10) unsigned NOT NULL AUTO_INCREMENT,
  `type` varchar(255) COLLATE utf8_unicode_ci NOT NULL,
  `name` varchar(255) COLLATE utf8_unicode_ci NOT NULL,
  `created_at` timestamp NULL DEFAULT NULL,
  `updated_at` timestamp NULL DEFAULT NULL,
  `deleted_at` timestamp NULL DEFAULT NULL,
  PRIMARY KEY (`id`)
) ENGINE=InnoDB DEFAULT CHARSET=utf8 COLLATE=utf8_unicode_ci;

INSERT INTO `enviroments` (`id`, `type`, `name`, `created_at`, `updated_at`, `deleted_at`) VALUES
(1,	'school',	'IFC - Araquari',	'2018-06-04 11:33:12',	'2018-06-04 11:33:12',	NULL);

DROP TABLE IF EXISTS `lunch_patterns`;
CREATE TABLE `lunch_patterns` (
  `id` int(10) unsigned NOT NULL AUTO_INCREMENT,
  `sunday` tinyint(1) NOT NULL,
  `monday` tinyint(1) NOT NULL,
  `tuesday` tinyint(1) NOT NULL,
  `wednesday` tinyint(1) NOT NULL,
  `thursday` tinyint(1) NOT NULL,
  `friday` tinyint(1) NOT NULL,
  `saturday` tinyint(1) NOT NULL,
  `created_at` timestamp NULL DEFAULT NULL,
  `updated_at` timestamp NULL DEFAULT NULL,
  `person_id` int(10) unsigned NOT NULL,
  PRIMARY KEY (`id`),
  KEY `lunch_patterns_person_id_foreign` (`person_id`),
  CONSTRAINT `lunch_patterns_person_id_foreign` FOREIGN KEY (`person_id`) REFERENCES `persons` (`id`)
) ENGINE=InnoDB DEFAULT CHARSET=utf8 COLLATE=utf8_unicode_ci;

INSERT INTO `lunch_patterns` (`id`, `sunday`, `monday`, `tuesday`, `wednesday`, `thursday`, `friday`, `saturday`, `created_at`, `updated_at`, `person_id`) VALUES
(1,	0,	1,	1,	1,	1,	1,	0,	'2018-06-04 11:34:06',	'2018-06-07 10:24:10',	1),
(2,	0,	1,	1,	1,	1,	1,	0,	'2018-06-04 11:34:06',	'2018-06-07 10:24:10',	2),
(3,	0,	1,	1,	1,	1,	1,	0,	'2018-06-04 11:34:06',	'2018-06-07 10:24:10',	3),
(4,	0,	1,	1,	1,	1,	1,	0,	'2018-06-04 11:34:06',	'2018-06-07 10:24:10',	4),
(5,	0,	1,	1,	1,	1,	1,	0,	'2018-06-04 11:34:06',	'2018-06-07 10:24:10',	5),
(6,	0,	1,	1,	1,	1,	1,	0,	'2018-06-04 11:34:06',	'2018-06-07 10:24:10',	6),
(7,	0,	1,	1,	1,	1,	1,	0,	'2018-06-04 11:34:06',	'2018-06-07 10:24:10',	7),
(8,	0,	1,	1,	1,	1,	1,	0,	'2018-06-04 11:34:06',	'2018-06-07 10:24:10',	8),
(9,	0,	1,	1,	1,	1,	1,	0,	'2018-06-04 11:34:06',	'2018-06-07 10:24:10',	9),
(10,	0,	1,	1,	1,	1,	1,	0,	'2018-06-04 11:34:06',	'2018-06-07 10:24:10',	10),
(11,	0,	1,	1,	1,	1,	1,	0,	'2018-06-04 11:34:06',	'2018-06-07 10:24:10',	11),
(12,	0,	1,	1,	1,	1,	1,	0,	'2018-06-04 11:34:06',	'2018-06-07 10:24:10',	12),
(13,	0,	1,	1,	1,	1,	1,	0,	'2018-06-04 11:34:06',	'2018-06-07 10:24:10',	13),
(14,	0,	1,	1,	1,	1,	1,	0,	'2018-06-04 11:34:06',	'2018-06-07 10:24:10',	14),
(15,	0,	1,	1,	1,	1,	1,	0,	'2018-06-04 11:34:06',	'2018-06-07 10:24:10',	15),
(16,	0,	1,	1,	1,	1,	1,	0,	'2018-06-04 11:34:06',	'2018-06-07 10:24:10',	16),
(17,	0,	1,	1,	1,	1,	1,	0,	'2018-06-04 11:34:06',	'2018-06-07 10:24:10',	17),
(18,	0,	1,	1,	1,	1,	1,	0,	'2018-06-04 11:34:06',	'2018-06-07 10:24:10',	18),
(19,	0,	1,	1,	1,	1,	1,	0,	'2018-06-04 11:34:06',	'2018-06-07 10:24:10',	19),
(20,	0,	1,	1,	1,	1,	1,	0,	'2018-06-04 11:34:06',	'2018-06-07 10:24:10',	20),
(21,	0,	1,	1,	1,	1,	1,	0,	'2018-06-04 11:34:06',	'2018-06-07 10:24:10',	21),
(22,	0,	1,	1,	1,	1,	1,	0,	'2018-06-04 11:34:06',	'2018-06-07 10:24:10',	22),
(23,	0,	1,	1,	1,	1,	1,	0,	'2018-06-04 11:34:06',	'2018-06-07 10:24:10',	23),
(24,	0,	1,	1,	1,	1,	1,	0,	'2018-06-04 11:34:06',	'2018-06-07 10:24:10',	24),
(25,	0,	1,	1,	1,	1,	1,	0,	'2018-06-04 11:34:06',	'2018-06-07 10:24:10',	25),
(26,	0,	1,	1,	1,	1,	1,	0,	'2018-06-04 11:34:06',	'2018-06-07 10:24:10',	26),
(27,	0,	1,	1,	1,	1,	1,	0,	'2018-06-04 11:34:06',	'2018-06-07 10:24:10',	27),
(28,	0,	1,	1,	1,	1,	1,	0,	'2018-06-04 11:34:06',	'2018-06-07 10:24:10',	28),
(29,	0,	1,	1,	1,	1,	1,	0,	'2018-06-04 11:34:06',	'2018-06-07 10:24:10',	29),
(30,	0,	1,	1,	1,	1,	1,	0,	'2018-06-04 11:34:07',	'2018-06-07 10:24:10',	30),
(31,	0,	1,	1,	1,	1,	1,	0,	'2018-06-04 11:34:07',	'2018-06-07 10:24:10',	31),
(32,	0,	1,	1,	1,	1,	1,	0,	'2018-06-04 11:34:07',	'2018-06-07 10:24:10',	32),
(33,	0,	1,	1,	1,	1,	1,	0,	'2018-06-04 11:34:07',	'2018-06-07 10:24:10',	33),
(34,	0,	1,	1,	1,	1,	1,	0,	'2018-06-04 11:34:07',	'2018-06-07 10:24:10',	34),
(35,	0,	1,	1,	1,	1,	1,	0,	'2018-06-04 11:34:07',	'2018-06-07 10:24:10',	35),
(36,	0,	1,	1,	1,	1,	1,	0,	'2018-06-04 11:34:07',	'2018-06-07 10:24:10',	36),
(37,	0,	1,	1,	1,	1,	1,	0,	'2018-06-04 11:34:07',	'2018-06-07 10:24:10',	37),
(38,	0,	1,	1,	1,	1,	1,	0,	'2018-06-04 11:34:07',	'2018-06-07 10:24:10',	38),
(39,	0,	1,	1,	1,	1,	1,	0,	'2018-06-04 11:34:07',	'2018-06-07 10:24:10',	39),
(40,	0,	1,	1,	1,	1,	1,	0,	'2018-06-04 11:34:07',	'2018-06-07 10:24:10',	40),
(41,	0,	1,	1,	1,	1,	1,	0,	'2018-06-04 11:34:07',	'2018-06-07 10:24:10',	41),
(42,	0,	1,	1,	1,	1,	1,	0,	'2018-06-04 11:34:07',	'2018-06-07 10:24:10',	42),
(43,	0,	1,	1,	1,	1,	1,	0,	'2018-06-04 11:34:07',	'2018-06-07 10:24:10',	43),
(44,	0,	1,	1,	1,	1,	1,	0,	'2018-06-04 11:34:07',	'2018-06-07 10:24:10',	44),
(45,	0,	1,	1,	1,	1,	1,	0,	'2018-06-04 11:34:07',	'2018-06-07 10:24:10',	45),
(46,	0,	1,	1,	1,	1,	1,	0,	'2018-06-04 11:34:07',	'2018-06-07 10:24:10',	46),
(47,	0,	1,	1,	1,	1,	1,	0,	'2018-06-04 11:34:07',	'2018-06-07 10:24:10',	47),
(48,	0,	1,	1,	1,	1,	1,	0,	'2018-06-04 11:34:07',	'2018-06-07 10:24:10',	48),
(49,	0,	1,	1,	1,	1,	1,	0,	'2018-06-04 11:34:07',	'2018-06-07 10:24:10',	49),
(50,	0,	1,	1,	1,	1,	1,	0,	'2018-06-04 11:34:07',	'2018-06-07 10:24:10',	50),
(51,	0,	1,	1,	1,	1,	1,	0,	'2018-06-04 11:34:07',	'2018-06-07 10:24:10',	51),
(52,	0,	1,	1,	1,	1,	1,	0,	'2018-06-04 11:34:07',	'2018-06-07 10:24:10',	52),
(53,	0,	1,	1,	1,	1,	1,	0,	'2018-06-04 11:34:07',	'2018-06-07 10:24:10',	53),
(54,	0,	1,	1,	1,	1,	1,	0,	'2018-06-04 11:34:07',	'2018-06-07 10:24:10',	54),
(55,	0,	1,	1,	1,	1,	1,	0,	'2018-06-04 11:34:07',	'2018-06-07 10:24:10',	55),
(56,	0,	1,	1,	1,	1,	1,	0,	'2018-06-04 11:34:07',	'2018-06-07 10:24:10',	56),
(57,	0,	1,	1,	1,	1,	1,	0,	'2018-06-04 11:34:07',	'2018-06-07 10:24:10',	57),
(58,	0,	1,	1,	1,	1,	1,	0,	'2018-06-04 11:34:07',	'2018-06-07 10:24:10',	58),
(59,	0,	1,	1,	1,	1,	1,	0,	'2018-06-04 11:34:07',	'2018-06-07 10:24:10',	59),
(60,	0,	1,	1,	1,	1,	1,	0,	'2018-06-04 11:34:07',	'2018-06-07 10:24:10',	60),
(61,	0,	1,	1,	1,	1,	1,	0,	'2018-06-04 11:34:07',	'2018-06-07 10:24:10',	61),
(62,	0,	1,	1,	1,	1,	1,	0,	'2018-06-04 11:34:07',	'2018-06-07 10:24:10',	62),
(63,	0,	1,	1,	1,	1,	1,	0,	'2018-06-04 11:34:07',	'2018-06-07 10:24:10',	63),
(64,	0,	1,	1,	1,	1,	1,	0,	'2018-06-04 11:34:07',	'2018-06-07 10:24:10',	64),
(65,	0,	1,	1,	1,	1,	1,	0,	'2018-06-04 11:34:07',	'2018-06-07 10:24:10',	65),
(66,	0,	1,	1,	1,	1,	1,	0,	'2018-06-04 11:34:07',	'2018-06-07 10:24:10',	66),
(67,	0,	1,	1,	1,	1,	1,	0,	'2018-06-04 11:34:07',	'2018-06-07 10:24:10',	67),
(68,	0,	1,	1,	1,	1,	1,	0,	'2018-06-04 11:34:07',	'2018-06-07 10:24:10',	68),
(69,	0,	1,	1,	1,	1,	1,	0,	'2018-06-04 11:34:07',	'2018-06-07 10:24:10',	69),
(70,	0,	1,	1,	1,	1,	1,	0,	'2018-06-04 11:34:07',	'2018-06-07 10:24:10',	70),
(71,	0,	1,	1,	1,	1,	1,	0,	'2018-06-04 11:34:07',	'2018-06-07 10:24:10',	71),
(72,	0,	1,	1,	1,	1,	1,	0,	'2018-06-04 11:34:07',	'2018-06-07 10:24:10',	72),
(73,	0,	1,	1,	1,	1,	1,	0,	'2018-06-04 11:34:07',	'2018-06-07 10:24:10',	73),
(74,	0,	1,	1,	1,	1,	1,	0,	'2018-06-04 11:34:07',	'2018-06-07 10:24:10',	74),
(75,	0,	1,	1,	1,	1,	1,	0,	'2018-06-04 11:34:07',	'2018-06-07 10:24:10',	75),
(76,	0,	1,	1,	1,	1,	1,	0,	'2018-06-04 11:34:07',	'2018-06-07 10:24:10',	76),
(77,	0,	1,	1,	1,	1,	1,	0,	'2018-06-04 11:34:07',	'2018-06-07 10:24:10',	77),
(78,	0,	1,	1,	1,	1,	1,	0,	'2018-06-04 11:34:07',	'2018-06-07 10:24:10',	78),
(79,	0,	1,	1,	1,	1,	1,	0,	'2018-06-04 11:34:07',	'2018-06-07 10:24:10',	79),
(80,	0,	1,	1,	1,	1,	1,	0,	'2018-06-04 11:34:07',	'2018-06-07 10:24:10',	80),
(81,	0,	1,	1,	1,	1,	1,	0,	'2018-06-04 11:34:07',	'2018-06-07 10:24:10',	81),
(82,	0,	1,	1,	1,	1,	1,	0,	'2018-06-04 11:34:07',	'2018-06-07 10:24:10',	82),
(83,	0,	1,	1,	1,	1,	1,	0,	'2018-06-04 11:34:07',	'2018-06-07 10:24:10',	83),
(84,	0,	1,	1,	1,	1,	1,	0,	'2018-06-04 11:34:07',	'2018-06-07 10:24:10',	84),
(85,	0,	1,	1,	1,	1,	1,	0,	'2018-06-04 11:34:07',	'2018-06-07 10:24:10',	85),
(86,	0,	1,	1,	1,	1,	1,	0,	'2018-06-04 11:34:07',	'2018-06-07 10:24:10',	86),
(87,	0,	1,	1,	1,	1,	1,	0,	'2018-06-04 11:34:07',	'2018-06-07 10:24:10',	87),
(88,	0,	1,	1,	1,	1,	1,	0,	'2018-06-04 11:34:07',	'2018-06-07 10:24:10',	88),
(89,	0,	1,	1,	1,	1,	1,	0,	'2018-06-04 11:34:07',	'2018-06-07 10:24:10',	89),
(90,	0,	1,	1,	1,	1,	1,	0,	'2018-06-04 11:34:07',	'2018-06-07 10:24:10',	90),
(91,	0,	1,	1,	1,	1,	1,	0,	'2018-06-04 11:34:07',	'2018-06-07 10:24:10',	91),
(92,	0,	1,	1,	1,	1,	1,	0,	'2018-06-04 11:34:07',	'2018-06-07 10:24:10',	92),
(93,	0,	1,	1,	1,	1,	1,	0,	'2018-06-04 11:34:07',	'2018-06-07 10:24:10',	93),
(94,	0,	1,	1,	1,	1,	1,	0,	'2018-06-04 11:34:07',	'2018-06-07 10:24:10',	94),
(95,	0,	1,	1,	1,	1,	1,	0,	'2018-06-04 11:34:07',	'2018-06-07 10:24:10',	95),
(96,	0,	1,	1,	1,	1,	1,	0,	'2018-06-04 11:34:07',	'2018-06-07 10:24:10',	96),
(97,	0,	1,	1,	1,	1,	1,	0,	'2018-06-04 11:34:07',	'2018-06-07 10:24:10',	97),
(98,	0,	1,	1,	1,	1,	1,	0,	'2018-06-04 11:34:07',	'2018-06-07 10:24:10',	98),
(99,	0,	1,	1,	1,	1,	1,	0,	'2018-06-04 11:34:07',	'2018-06-07 10:24:10',	99),
(100,	0,	1,	1,	1,	1,	1,	0,	'2018-06-04 11:34:07',	'2018-06-07 10:24:10',	100),
(101,	0,	1,	1,	1,	1,	1,	0,	'2018-06-04 11:34:07',	'2018-06-07 10:24:10',	101),
(102,	0,	1,	1,	1,	1,	1,	0,	'2018-06-04 11:34:07',	'2018-06-07 10:24:10',	102),
(103,	0,	1,	1,	1,	1,	1,	0,	'2018-06-04 11:34:07',	'2018-06-07 10:24:10',	103),
(104,	0,	1,	1,	1,	1,	1,	0,	'2018-06-04 11:34:07',	'2018-06-07 10:24:10',	104),
(105,	0,	1,	1,	1,	1,	1,	0,	'2018-06-04 11:34:07',	'2018-06-07 10:24:10',	105),
(106,	0,	1,	1,	1,	1,	1,	0,	'2018-06-04 11:34:07',	'2018-06-07 10:24:10',	106),
(107,	0,	1,	1,	1,	1,	1,	0,	'2018-06-04 11:34:07',	'2018-06-07 10:24:10',	107),
(108,	0,	1,	1,	1,	1,	1,	0,	'2018-06-04 11:34:07',	'2018-06-07 10:24:10',	108),
(109,	0,	1,	1,	1,	1,	1,	0,	'2018-06-04 11:34:07',	'2018-06-07 10:24:10',	109),
(110,	0,	1,	1,	1,	1,	1,	0,	'2018-06-04 11:34:07',	'2018-06-07 10:24:10',	110),
(111,	0,	1,	1,	1,	1,	1,	0,	'2018-06-04 11:34:07',	'2018-06-07 10:24:10',	111),
(112,	0,	1,	1,	1,	1,	1,	0,	'2018-06-04 11:34:07',	'2018-06-07 10:24:10',	112),
(113,	0,	1,	1,	1,	1,	1,	0,	'2018-06-04 11:34:07',	'2018-06-07 10:24:10',	113),
(114,	0,	1,	1,	1,	1,	1,	0,	'2018-06-04 11:34:07',	'2018-06-07 10:24:10',	114),
(115,	0,	1,	1,	1,	1,	1,	0,	'2018-06-04 11:34:07',	'2018-06-07 10:24:10',	115),
(116,	0,	1,	1,	1,	1,	1,	0,	'2018-06-04 11:34:07',	'2018-06-07 10:24:10',	116),
(117,	0,	1,	1,	1,	1,	1,	0,	'2018-06-04 11:34:07',	'2018-06-07 10:24:10',	117),
(118,	0,	1,	1,	1,	1,	1,	0,	'2018-06-04 11:34:07',	'2018-06-07 10:24:10',	118),
(119,	0,	1,	1,	1,	1,	1,	0,	'2018-06-04 11:34:07',	'2018-06-07 10:24:10',	119),
(120,	0,	1,	1,	1,	1,	1,	0,	'2018-06-04 11:34:07',	'2018-06-07 10:24:10',	120),
(121,	0,	1,	1,	1,	1,	1,	0,	'2018-06-04 11:34:07',	'2018-06-07 10:24:10',	121),
(122,	0,	1,	1,	1,	1,	1,	0,	'2018-06-04 11:34:07',	'2018-06-07 10:24:10',	122),
(123,	0,	1,	1,	1,	1,	1,	0,	'2018-06-04 11:34:07',	'2018-06-07 10:24:10',	123),
(124,	0,	1,	1,	1,	1,	1,	0,	'2018-06-04 11:34:07',	'2018-06-07 10:24:10',	124),
(125,	0,	1,	1,	1,	1,	1,	0,	'2018-06-04 11:34:07',	'2018-06-07 10:24:10',	125),
(126,	0,	1,	1,	1,	1,	1,	0,	'2018-06-04 11:34:07',	'2018-06-07 10:24:10',	126),
(127,	0,	1,	1,	1,	1,	1,	0,	'2018-06-04 11:34:07',	'2018-06-07 10:24:10',	127),
(128,	0,	1,	1,	1,	1,	1,	0,	'2018-06-04 11:34:07',	'2018-06-07 10:24:10',	128),
(129,	0,	1,	1,	1,	1,	1,	0,	'2018-06-04 11:34:07',	'2018-06-07 10:24:10',	129),
(130,	0,	1,	1,	1,	1,	1,	0,	'2018-06-04 11:34:07',	'2018-06-07 10:24:10',	130),
(131,	0,	1,	1,	1,	1,	1,	0,	'2018-06-04 11:34:07',	'2018-06-07 10:24:10',	131),
(132,	0,	1,	1,	1,	1,	1,	0,	'2018-06-04 11:34:07',	'2018-06-07 10:24:10',	132),
(133,	0,	1,	1,	1,	1,	1,	0,	'2018-06-04 11:34:07',	'2018-06-07 10:24:11',	133),
(134,	0,	1,	1,	1,	1,	1,	0,	'2018-06-04 11:34:07',	'2018-06-07 10:24:11',	134),
(135,	0,	1,	1,	1,	1,	1,	0,	'2018-06-04 11:34:07',	'2018-06-07 10:24:11',	135),
(136,	0,	1,	1,	1,	1,	1,	0,	'2018-06-04 11:34:07',	'2018-06-07 10:24:11',	136),
(137,	0,	1,	1,	1,	1,	1,	0,	'2018-06-04 11:34:07',	'2018-06-07 10:24:11',	137),
(138,	0,	1,	1,	1,	1,	1,	0,	'2018-06-04 11:34:07',	'2018-06-07 10:24:11',	138),
(139,	0,	1,	1,	1,	1,	1,	0,	'2018-06-04 11:34:07',	'2018-06-07 10:24:11',	139),
(140,	0,	1,	1,	1,	1,	1,	0,	'2018-06-04 11:34:07',	'2018-06-07 10:24:11',	140),
(141,	0,	1,	1,	1,	1,	1,	0,	'2018-06-04 11:34:07',	'2018-06-07 10:24:11',	141),
(142,	0,	1,	1,	1,	1,	1,	0,	'2018-06-04 11:34:07',	'2018-06-07 10:24:11',	142),
(143,	0,	1,	1,	1,	1,	1,	0,	'2018-06-04 11:34:07',	'2018-06-07 10:24:11',	143),
(144,	0,	1,	1,	1,	1,	1,	0,	'2018-06-04 11:34:07',	'2018-06-07 10:24:11',	144),
(145,	0,	1,	1,	1,	1,	1,	0,	'2018-06-04 11:34:07',	'2018-06-07 10:24:11',	145),
(146,	0,	1,	1,	1,	1,	1,	0,	'2018-06-04 11:34:07',	'2018-06-07 10:24:11',	146),
(147,	0,	1,	1,	1,	1,	1,	0,	'2018-06-04 11:34:07',	'2018-06-07 10:24:11',	147),
(148,	0,	1,	1,	1,	1,	1,	0,	'2018-06-04 11:34:07',	'2018-06-07 10:24:11',	148),
(149,	0,	1,	1,	1,	1,	1,	0,	'2018-06-04 11:34:07',	'2018-06-07 10:24:11',	149),
(150,	0,	1,	1,	1,	1,	1,	0,	'2018-06-04 11:34:07',	'2018-06-07 10:24:11',	150),
(151,	0,	1,	1,	1,	1,	1,	0,	'2018-06-04 11:34:07',	'2018-06-07 10:24:11',	151),
(152,	0,	1,	1,	1,	1,	1,	0,	'2018-06-04 11:34:07',	'2018-06-07 10:24:11',	152),
(153,	0,	1,	1,	1,	1,	1,	0,	'2018-06-04 11:34:07',	'2018-06-07 10:24:11',	153),
(154,	0,	1,	1,	1,	1,	1,	0,	'2018-06-04 11:34:07',	'2018-06-07 10:24:11',	154),
(155,	0,	1,	1,	1,	1,	1,	0,	'2018-06-04 11:34:07',	'2018-06-07 10:24:11',	155),
(156,	0,	1,	1,	1,	1,	1,	0,	'2018-06-04 11:34:07',	'2018-06-07 10:24:11',	156),
(157,	0,	1,	1,	1,	1,	1,	0,	'2018-06-04 11:34:07',	'2018-06-07 10:24:11',	157),
(158,	0,	1,	1,	1,	1,	1,	0,	'2018-06-04 11:34:07',	'2018-06-07 10:24:11',	158),
(159,	0,	1,	1,	1,	1,	1,	0,	'2018-06-04 11:34:07',	'2018-06-07 10:24:11',	159),
(160,	0,	1,	1,	1,	1,	1,	0,	'2018-06-04 11:34:07',	'2018-06-07 10:24:11',	160),
(161,	0,	1,	1,	1,	1,	1,	0,	'2018-06-04 11:34:07',	'2018-06-07 10:24:11',	161),
(162,	0,	1,	1,	1,	1,	1,	0,	'2018-06-04 11:34:07',	'2018-06-07 10:24:11',	162),
(163,	0,	1,	1,	1,	1,	1,	0,	'2018-06-04 11:34:07',	'2018-06-07 10:24:11',	163),
(164,	0,	1,	1,	1,	1,	1,	0,	'2018-06-04 11:34:07',	'2018-06-07 10:24:11',	164),
(165,	0,	1,	1,	1,	1,	1,	0,	'2018-06-04 11:34:07',	'2018-06-07 10:24:11',	165),
(166,	0,	1,	1,	1,	1,	1,	0,	'2018-06-04 11:34:07',	'2018-06-07 10:24:11',	166),
(167,	0,	1,	1,	1,	1,	1,	0,	'2018-06-04 11:34:07',	'2018-06-07 10:24:11',	167),
(168,	0,	1,	1,	1,	1,	1,	0,	'2018-06-04 11:34:07',	'2018-06-07 10:24:11',	168),
(169,	0,	1,	1,	1,	1,	1,	0,	'2018-06-04 11:34:07',	'2018-06-07 10:24:11',	169),
(170,	0,	1,	1,	1,	1,	1,	0,	'2018-06-04 11:34:07',	'2018-06-07 10:24:11',	170),
(171,	0,	1,	1,	1,	1,	1,	0,	'2018-06-04 11:34:07',	'2018-06-07 10:24:11',	171),
(172,	0,	1,	1,	1,	1,	1,	0,	'2018-06-04 11:34:07',	'2018-06-07 10:24:11',	172),
(173,	0,	1,	1,	1,	1,	1,	0,	'2018-06-04 11:34:07',	'2018-06-07 10:24:11',	173),
(174,	0,	1,	1,	1,	1,	1,	0,	'2018-06-04 11:34:07',	'2018-06-07 10:24:11',	174),
(175,	0,	1,	1,	1,	1,	1,	0,	'2018-06-04 11:34:07',	'2018-06-07 10:24:11',	175),
(176,	0,	1,	1,	1,	1,	1,	0,	'2018-06-04 11:34:07',	'2018-06-07 10:24:11',	176),
(177,	0,	1,	1,	1,	1,	1,	0,	'2018-06-04 11:34:07',	'2018-06-07 10:24:11',	177),
(178,	0,	1,	1,	1,	1,	1,	0,	'2018-06-04 11:34:07',	'2018-06-07 10:24:11',	178),
(179,	0,	1,	1,	1,	1,	1,	0,	'2018-06-04 11:34:07',	'2018-06-07 10:24:11',	179),
(180,	0,	1,	1,	1,	1,	1,	0,	'2018-06-04 11:34:07',	'2018-06-07 10:24:11',	180),
(181,	0,	1,	1,	1,	1,	1,	0,	'2018-06-04 11:34:07',	'2018-06-07 10:24:11',	181),
(182,	0,	1,	1,	1,	1,	1,	0,	'2018-06-04 11:34:07',	'2018-06-07 10:24:11',	182),
(183,	0,	1,	1,	1,	1,	1,	0,	'2018-06-04 11:34:07',	'2018-06-07 10:24:11',	183),
(184,	0,	1,	1,	1,	1,	1,	0,	'2018-06-04 11:34:07',	'2018-06-07 10:24:11',	184),
(185,	0,	1,	1,	1,	1,	1,	0,	'2018-06-04 11:34:07',	'2018-06-07 10:24:11',	185),
(186,	0,	1,	1,	1,	1,	1,	0,	'2018-06-04 11:34:07',	'2018-06-07 10:24:11',	186),
(187,	0,	1,	1,	1,	1,	1,	0,	'2018-06-04 11:34:07',	'2018-06-07 10:24:11',	187),
(188,	0,	1,	1,	1,	1,	1,	0,	'2018-06-04 11:34:07',	'2018-06-07 10:24:11',	188),
(189,	0,	1,	1,	1,	1,	1,	0,	'2018-06-04 11:34:07',	'2018-06-07 10:24:11',	189),
(190,	0,	1,	1,	1,	1,	1,	0,	'2018-06-04 11:34:07',	'2018-06-07 10:24:11',	190),
(191,	0,	1,	1,	1,	1,	1,	0,	'2018-06-04 11:34:07',	'2018-06-07 10:24:11',	191),
(192,	0,	1,	1,	1,	1,	1,	0,	'2018-06-04 11:34:07',	'2018-06-07 10:24:11',	192),
(193,	0,	1,	1,	1,	1,	1,	0,	'2018-06-04 11:34:07',	'2018-06-07 10:24:11',	193),
(194,	0,	1,	1,	1,	1,	1,	0,	'2018-06-04 11:34:07',	'2018-06-07 10:24:11',	194),
(195,	0,	1,	1,	1,	1,	1,	0,	'2018-06-04 11:34:07',	'2018-06-07 10:24:11',	195),
(196,	0,	1,	1,	1,	1,	1,	0,	'2018-06-04 11:34:07',	'2018-06-07 10:24:11',	196),
(197,	0,	1,	1,	1,	1,	1,	0,	'2018-06-04 11:34:07',	'2018-06-07 10:24:11',	197),
(198,	0,	1,	1,	1,	1,	1,	0,	'2018-06-04 11:34:07',	'2018-06-07 10:24:11',	198),
(199,	0,	1,	1,	1,	1,	1,	0,	'2018-06-04 11:34:07',	'2018-06-07 10:24:11',	199),
(200,	0,	1,	1,	1,	1,	1,	0,	'2018-06-04 11:34:07',	'2018-06-07 10:24:11',	200),
(201,	0,	1,	1,	1,	1,	1,	0,	'2018-06-04 11:34:07',	'2018-06-07 10:24:11',	201),
(202,	0,	1,	1,	1,	1,	1,	0,	'2018-06-04 11:34:07',	'2018-06-07 10:24:11',	202),
(203,	0,	1,	1,	1,	1,	1,	0,	'2018-06-04 11:34:07',	'2018-06-07 10:24:11',	203),
(204,	0,	1,	1,	1,	1,	1,	0,	'2018-06-04 11:34:07',	'2018-06-07 10:24:11',	204),
(205,	0,	1,	1,	1,	1,	1,	0,	'2018-06-04 11:34:07',	'2018-06-07 10:24:11',	205),
(206,	0,	1,	1,	1,	1,	1,	0,	'2018-06-04 11:34:07',	'2018-06-07 10:24:11',	206),
(207,	0,	1,	1,	1,	1,	1,	0,	'2018-06-04 11:34:07',	'2018-06-07 10:24:11',	207),
(208,	0,	1,	1,	1,	1,	1,	0,	'2018-06-04 11:34:07',	'2018-06-07 10:24:11',	208),
(209,	0,	1,	1,	0,	1,	1,	0,	'2018-06-04 11:34:07',	'2018-06-07 10:24:11',	209),
(210,	0,	1,	1,	1,	1,	1,	0,	'2018-06-04 11:34:07',	'2018-06-07 10:24:11',	210),
(211,	0,	1,	1,	1,	1,	1,	0,	'2018-06-04 11:34:07',	'2018-06-07 10:24:11',	211),
(212,	0,	1,	1,	0,	1,	1,	0,	'2018-06-04 11:34:07',	'2018-06-07 10:24:11',	212),
(213,	0,	1,	1,	0,	1,	1,	0,	'2018-06-04 11:34:07',	'2018-06-07 10:24:11',	213),
(214,	0,	1,	1,	1,	1,	1,	0,	'2018-06-04 11:34:07',	'2018-06-07 10:24:11',	214),
(215,	0,	1,	1,	1,	1,	1,	0,	'2018-06-04 11:34:07',	'2018-06-07 10:24:11',	215),
(216,	0,	1,	1,	0,	1,	1,	0,	'2018-06-04 11:34:07',	'2018-06-07 10:24:11',	216),
(217,	0,	1,	1,	0,	1,	1,	0,	'2018-06-04 11:34:07',	'2018-06-07 10:24:11',	217),
(218,	0,	1,	1,	1,	1,	1,	0,	'2018-06-04 11:34:07',	'2018-06-07 10:24:11',	218),
(219,	0,	1,	1,	0,	1,	1,	0,	'2018-06-04 11:34:07',	'2018-06-07 10:24:11',	219),
(220,	0,	1,	1,	1,	1,	1,	0,	'2018-06-04 11:34:07',	'2018-06-07 10:24:11',	220),
(221,	0,	1,	1,	0,	1,	1,	0,	'2018-06-04 11:34:07',	'2018-06-07 10:24:11',	221),
(222,	0,	1,	1,	0,	1,	1,	0,	'2018-06-04 11:34:07',	'2018-06-07 10:24:11',	222),
(223,	0,	1,	1,	1,	1,	1,	0,	'2018-06-04 11:34:07',	'2018-06-07 10:24:11',	223),
(224,	0,	1,	1,	0,	1,	1,	0,	'2018-06-04 11:34:07',	'2018-06-07 10:24:11',	224),
(225,	0,	1,	1,	0,	1,	1,	0,	'2018-06-04 11:34:07',	'2018-06-07 10:24:11',	225),
(226,	0,	1,	1,	0,	1,	1,	0,	'2018-06-04 11:34:07',	'2018-06-07 10:24:11',	226),
(227,	0,	1,	1,	0,	1,	1,	0,	'2018-06-04 11:34:07',	'2018-06-07 10:24:11',	227),
(228,	0,	1,	1,	1,	1,	1,	0,	'2018-06-04 11:34:07',	'2018-06-07 10:24:11',	228),
(229,	0,	1,	1,	1,	1,	1,	0,	'2018-06-04 11:34:07',	'2018-06-07 10:24:11',	229),
(230,	0,	1,	1,	0,	1,	1,	0,	'2018-06-04 11:34:07',	'2018-06-07 10:24:11',	230),
(231,	0,	1,	1,	1,	1,	1,	0,	'2018-06-04 11:34:07',	'2018-06-07 10:24:11',	231),
(232,	0,	1,	1,	1,	1,	1,	0,	'2018-06-04 11:34:07',	'2018-06-07 10:24:11',	232),
(233,	0,	1,	1,	0,	1,	1,	0,	'2018-06-04 11:34:07',	'2018-06-07 10:24:11',	233),
(234,	0,	1,	1,	0,	1,	1,	0,	'2018-06-04 11:34:07',	'2018-06-07 10:24:11',	234),
(235,	0,	1,	1,	0,	1,	1,	0,	'2018-06-04 11:34:07',	'2018-06-07 10:24:11',	235),
(236,	0,	1,	1,	0,	1,	1,	0,	'2018-06-04 11:34:07',	'2018-06-07 10:24:11',	236),
(237,	0,	1,	1,	0,	1,	1,	0,	'2018-06-04 11:34:07',	'2018-06-07 10:24:11',	237),
(238,	0,	1,	1,	0,	1,	1,	0,	'2018-06-04 11:34:07',	'2018-06-07 10:24:11',	238),
(239,	0,	1,	1,	1,	1,	1,	0,	'2018-06-04 11:34:07',	'2018-06-07 10:24:11',	239),
(240,	0,	1,	1,	1,	1,	1,	0,	'2018-06-04 11:34:07',	'2018-06-07 10:24:11',	240),
(241,	0,	1,	1,	1,	1,	1,	0,	'2018-06-04 11:34:07',	'2018-06-07 10:24:11',	241),
(242,	0,	1,	1,	0,	1,	1,	0,	'2018-06-04 11:34:07',	'2018-06-07 10:24:11',	242),
(243,	0,	1,	1,	1,	1,	1,	0,	'2018-06-04 11:34:07',	'2018-06-07 10:24:11',	243),
(244,	0,	1,	1,	0,	1,	1,	0,	'2018-06-04 11:34:07',	'2018-06-07 10:24:11',	244),
(245,	0,	1,	1,	1,	1,	1,	0,	'2018-06-04 11:34:07',	'2018-06-07 10:24:11',	245),
(246,	0,	1,	1,	0,	1,	1,	0,	'2018-06-04 11:34:07',	'2018-06-07 10:24:11',	246),
(247,	0,	1,	1,	0,	1,	1,	0,	'2018-06-04 11:34:07',	'2018-06-07 10:24:11',	247),
(248,	0,	1,	1,	0,	1,	1,	0,	'2018-06-04 11:34:07',	'2018-06-07 10:24:11',	248),
(249,	0,	1,	1,	0,	1,	1,	0,	'2018-06-04 11:34:07',	'2018-06-07 10:24:11',	249),
(250,	0,	1,	1,	0,	1,	1,	0,	'2018-06-04 11:34:07',	'2018-06-07 10:24:11',	250),
(251,	0,	1,	1,	1,	1,	1,	0,	'2018-06-04 11:34:07',	'2018-06-07 10:24:11',	251),
(252,	0,	1,	1,	0,	1,	1,	0,	'2018-06-04 11:34:07',	'2018-06-07 10:24:11',	252),
(253,	0,	1,	1,	1,	1,	1,	0,	'2018-06-04 11:34:07',	'2018-06-07 10:24:11',	253),
(254,	0,	1,	1,	1,	1,	1,	0,	'2018-06-04 11:34:07',	'2018-06-07 10:24:11',	254),
(255,	0,	1,	1,	0,	1,	1,	0,	'2018-06-04 11:34:07',	'2018-06-07 10:24:11',	255),
(256,	0,	1,	1,	0,	1,	1,	0,	'2018-06-04 11:34:07',	'2018-06-07 10:24:11',	256),
(257,	0,	1,	1,	1,	1,	1,	0,	'2018-06-04 11:34:07',	'2018-06-07 10:24:11',	257),
(258,	0,	1,	1,	0,	1,	1,	0,	'2018-06-04 11:34:07',	'2018-06-07 10:24:11',	258),
(259,	0,	1,	1,	1,	1,	1,	0,	'2018-06-04 11:34:07',	'2018-06-07 10:24:11',	259),
(260,	0,	1,	1,	0,	1,	1,	0,	'2018-06-04 11:34:07',	'2018-06-07 10:24:11',	260),
(261,	0,	1,	1,	0,	1,	1,	0,	'2018-06-04 11:34:07',	'2018-06-07 10:24:11',	261),
(262,	0,	1,	1,	0,	1,	1,	0,	'2018-06-04 11:34:07',	'2018-06-07 10:24:11',	262),
(263,	0,	1,	1,	0,	1,	1,	0,	'2018-06-04 11:34:07',	'2018-06-07 10:24:11',	263),
(264,	0,	1,	1,	0,	1,	1,	0,	'2018-06-04 11:34:07',	'2018-06-07 10:24:11',	264),
(265,	0,	1,	1,	0,	1,	1,	0,	'2018-06-04 11:34:07',	'2018-06-07 10:24:11',	265),
(266,	0,	1,	1,	0,	1,	1,	0,	'2018-06-04 11:34:07',	'2018-06-07 10:24:11',	266),
(267,	0,	1,	1,	0,	1,	1,	0,	'2018-06-04 11:34:07',	'2018-06-07 10:24:11',	267),
(268,	0,	1,	1,	0,	1,	1,	0,	'2018-06-04 11:34:07',	'2018-06-07 10:24:11',	268),
(269,	0,	1,	1,	0,	1,	1,	0,	'2018-06-04 11:34:07',	'2018-06-07 10:24:11',	269),
(270,	0,	1,	1,	1,	1,	1,	0,	'2018-06-04 11:34:07',	'2018-06-07 10:24:11',	270),
(271,	0,	1,	1,	0,	1,	1,	0,	'2018-06-04 11:34:07',	'2018-06-07 10:24:11',	271),
(272,	0,	1,	1,	0,	1,	1,	0,	'2018-06-04 11:34:07',	'2018-06-07 10:24:11',	272),
(273,	0,	1,	1,	0,	1,	1,	0,	'2018-06-04 11:34:07',	'2018-06-07 10:24:11',	273),
(274,	0,	1,	1,	1,	1,	1,	0,	'2018-06-04 11:34:07',	'2018-06-07 10:24:11',	274),
(275,	0,	1,	1,	1,	1,	1,	0,	'2018-06-04 11:34:07',	'2018-06-07 10:24:11',	275),
(276,	0,	1,	1,	0,	1,	1,	0,	'2018-06-04 11:34:07',	'2018-06-07 10:24:11',	276),
(277,	0,	1,	1,	0,	1,	1,	0,	'2018-06-04 11:34:07',	'2018-06-07 10:24:11',	277),
(278,	0,	1,	1,	0,	1,	1,	0,	'2018-06-04 11:34:07',	'2018-06-07 10:24:11',	278),
(279,	0,	1,	1,	1,	1,	1,	0,	'2018-06-04 11:34:07',	'2018-06-07 10:24:11',	279),
(280,	0,	1,	1,	1,	1,	1,	0,	'2018-06-04 11:34:07',	'2018-06-07 10:24:11',	280),
(281,	0,	1,	1,	0,	1,	1,	0,	'2018-06-04 11:34:07',	'2018-06-07 10:24:11',	281),
(282,	0,	1,	1,	0,	1,	1,	0,	'2018-06-04 11:34:07',	'2018-06-07 10:24:11',	282),
(283,	0,	1,	1,	1,	1,	1,	0,	'2018-06-04 11:34:07',	'2018-06-07 10:24:11',	283),
(284,	0,	1,	1,	0,	1,	1,	0,	'2018-06-04 11:34:07',	'2018-06-07 10:24:11',	284),
(285,	0,	1,	1,	1,	1,	1,	0,	'2018-06-04 11:34:08',	'2018-06-07 10:24:11',	285),
(286,	0,	1,	1,	1,	1,	1,	0,	'2018-06-04 11:34:08',	'2018-06-07 10:24:11',	286),
(287,	0,	1,	1,	1,	1,	1,	0,	'2018-06-04 11:34:08',	'2018-06-07 10:24:11',	287),
(288,	0,	1,	1,	0,	1,	1,	0,	'2018-06-04 11:34:08',	'2018-06-07 10:24:11',	288),
(289,	0,	1,	1,	0,	1,	1,	0,	'2018-06-04 11:34:08',	'2018-06-07 10:24:11',	289),
(290,	0,	1,	1,	0,	1,	1,	0,	'2018-06-04 11:34:08',	'2018-06-07 10:24:11',	290),
(291,	0,	1,	1,	1,	1,	1,	0,	'2018-06-04 11:34:08',	'2018-06-07 10:24:11',	291),
(292,	0,	1,	1,	0,	1,	1,	0,	'2018-06-04 11:34:08',	'2018-06-07 10:24:11',	292),
(293,	0,	1,	1,	0,	1,	1,	0,	'2018-06-04 11:34:08',	'2018-06-07 10:24:11',	293),
(294,	0,	1,	1,	0,	1,	1,	0,	'2018-06-04 11:34:08',	'2018-06-07 10:24:11',	294),
(295,	0,	1,	1,	0,	1,	1,	0,	'2018-06-04 11:34:08',	'2018-06-07 10:24:11',	295),
(296,	0,	1,	1,	1,	1,	0,	0,	'2018-06-04 11:34:08',	'2018-06-07 10:24:11',	296),
(297,	0,	1,	1,	1,	1,	0,	0,	'2018-06-04 11:34:08',	'2018-06-07 10:24:11',	297),
(298,	0,	1,	1,	1,	1,	0,	0,	'2018-06-04 11:34:08',	'2018-06-07 10:24:11',	298),
(299,	0,	1,	1,	1,	1,	0,	0,	'2018-06-04 11:34:08',	'2018-06-07 10:24:11',	299),
(300,	0,	1,	1,	1,	1,	0,	0,	'2018-06-04 11:34:08',	'2018-06-07 10:24:11',	300),
(301,	0,	1,	1,	1,	1,	0,	0,	'2018-06-04 11:34:08',	'2018-06-07 10:24:11',	301),
(302,	0,	1,	1,	1,	1,	0,	0,	'2018-06-04 11:34:08',	'2018-06-07 10:24:11',	302),
(303,	0,	1,	1,	1,	1,	0,	0,	'2018-06-04 11:34:08',	'2018-06-07 10:24:11',	303),
(304,	0,	1,	1,	1,	1,	0,	0,	'2018-06-04 11:34:08',	'2018-06-07 10:24:11',	304),
(305,	0,	1,	1,	1,	1,	0,	0,	'2018-06-04 11:34:08',	'2018-06-07 10:24:11',	305),
(306,	0,	1,	1,	1,	1,	0,	0,	'2018-06-04 11:34:08',	'2018-06-07 10:24:11',	306),
(307,	0,	1,	1,	1,	1,	0,	0,	'2018-06-04 11:34:08',	'2018-06-07 10:24:11',	307),
(308,	0,	1,	1,	1,	1,	0,	0,	'2018-06-04 11:34:08',	'2018-06-07 10:24:11',	308),
(309,	0,	1,	1,	1,	1,	0,	0,	'2018-06-04 11:34:08',	'2018-06-07 10:24:11',	309),
(310,	0,	1,	1,	1,	1,	0,	0,	'2018-06-04 11:34:08',	'2018-06-07 10:24:11',	310),
(311,	0,	1,	1,	1,	1,	0,	0,	'2018-06-04 11:34:08',	'2018-06-07 10:24:11',	311),
(312,	0,	1,	1,	1,	1,	0,	0,	'2018-06-04 11:34:08',	'2018-06-07 10:24:11',	312),
(313,	0,	1,	1,	1,	1,	0,	0,	'2018-06-04 11:34:08',	'2018-06-07 10:24:11',	313),
(314,	0,	1,	1,	1,	1,	0,	0,	'2018-06-04 11:34:08',	'2018-06-07 10:24:11',	314),
(315,	0,	1,	1,	1,	1,	0,	0,	'2018-06-04 11:34:08',	'2018-06-07 10:24:11',	315),
(316,	0,	1,	1,	1,	1,	0,	0,	'2018-06-04 11:34:08',	'2018-06-07 10:24:11',	316),
(317,	0,	1,	1,	1,	1,	0,	0,	'2018-06-04 11:34:08',	'2018-06-07 10:24:11',	317),
(318,	0,	1,	1,	1,	1,	0,	0,	'2018-06-04 11:34:08',	'2018-06-07 10:24:11',	318),
(319,	0,	1,	1,	1,	1,	0,	0,	'2018-06-04 11:34:08',	'2018-06-07 10:24:11',	319),
(320,	0,	1,	1,	1,	1,	0,	0,	'2018-06-04 11:34:08',	'2018-06-07 10:24:11',	320),
(321,	0,	1,	1,	1,	1,	0,	0,	'2018-06-04 11:34:08',	'2018-06-07 10:24:11',	321),
(322,	0,	1,	1,	1,	1,	0,	0,	'2018-06-04 11:34:08',	'2018-06-07 10:24:11',	322),
(323,	0,	1,	1,	1,	1,	0,	0,	'2018-06-04 11:34:08',	'2018-06-07 10:24:11',	323),
(324,	0,	1,	1,	1,	1,	0,	0,	'2018-06-04 11:34:08',	'2018-06-07 10:24:11',	324),
(325,	0,	1,	1,	1,	1,	0,	0,	'2018-06-04 11:34:08',	'2018-06-07 10:24:11',	325),
(326,	0,	1,	1,	1,	1,	0,	0,	'2018-06-04 11:34:08',	'2018-06-07 10:24:11',	326),
(327,	0,	1,	1,	1,	1,	0,	0,	'2018-06-04 11:34:08',	'2018-06-07 10:24:11',	327),
(328,	0,	1,	1,	1,	1,	0,	0,	'2018-06-04 11:34:08',	'2018-06-07 10:24:11',	328),
(329,	0,	1,	1,	1,	1,	0,	0,	'2018-06-04 11:34:08',	'2018-06-07 10:24:11',	329),
(330,	0,	1,	1,	1,	1,	0,	0,	'2018-06-04 11:34:08',	'2018-06-07 10:24:11',	330),
(331,	0,	1,	1,	1,	1,	0,	0,	'2018-06-04 11:34:08',	'2018-06-07 10:24:11',	331),
(332,	0,	1,	1,	1,	1,	0,	0,	'2018-06-04 11:34:08',	'2018-06-07 10:24:11',	332),
(333,	0,	1,	1,	1,	1,	0,	0,	'2018-06-04 11:34:08',	'2018-06-07 10:24:11',	333),
(334,	0,	1,	1,	1,	1,	0,	0,	'2018-06-04 11:34:08',	'2018-06-07 10:24:11',	334),
(335,	0,	1,	1,	1,	1,	0,	0,	'2018-06-04 11:34:08',	'2018-06-07 10:24:11',	335),
(336,	0,	1,	1,	1,	1,	0,	0,	'2018-06-04 11:34:08',	'2018-06-07 10:24:11',	336),
(337,	0,	1,	1,	1,	1,	0,	0,	'2018-06-04 11:34:08',	'2018-06-07 10:24:11',	337),
(338,	0,	1,	1,	1,	1,	0,	0,	'2018-06-04 11:34:08',	'2018-06-07 10:24:11',	338),
(339,	0,	1,	1,	1,	1,	0,	0,	'2018-06-04 11:34:08',	'2018-06-07 10:24:11',	339),
(340,	0,	1,	1,	1,	1,	0,	0,	'2018-06-04 11:34:08',	'2018-06-07 10:24:11',	340),
(341,	0,	1,	1,	1,	1,	0,	0,	'2018-06-04 11:34:08',	'2018-06-07 10:24:11',	341),
(342,	0,	1,	1,	1,	1,	0,	0,	'2018-06-04 11:34:08',	'2018-06-07 10:24:11',	342),
(343,	0,	1,	1,	1,	1,	0,	0,	'2018-06-04 11:34:08',	'2018-06-07 10:24:11',	343),
(344,	0,	1,	1,	1,	1,	0,	0,	'2018-06-04 11:34:08',	'2018-06-07 10:24:11',	344),
(345,	0,	1,	1,	1,	1,	0,	0,	'2018-06-04 11:34:08',	'2018-06-07 10:24:11',	345),
(346,	0,	1,	1,	1,	1,	0,	0,	'2018-06-04 11:34:08',	'2018-06-07 10:24:11',	346),
(347,	0,	1,	1,	1,	1,	0,	0,	'2018-06-04 11:34:08',	'2018-06-07 10:24:11',	347),
(348,	0,	1,	1,	1,	1,	0,	0,	'2018-06-04 11:34:08',	'2018-06-07 10:24:11',	348),
(349,	0,	1,	1,	1,	1,	0,	0,	'2018-06-04 11:34:08',	'2018-06-07 10:24:11',	349),
(350,	0,	1,	1,	1,	1,	0,	0,	'2018-06-04 11:34:08',	'2018-06-07 10:24:11',	350),
(351,	0,	1,	1,	1,	1,	0,	0,	'2018-06-04 11:34:08',	'2018-06-07 10:24:11',	351),
(352,	0,	1,	1,	1,	1,	0,	0,	'2018-06-04 11:34:08',	'2018-06-07 10:24:12',	352),
(353,	0,	1,	1,	1,	1,	0,	0,	'2018-06-04 11:34:08',	'2018-06-07 10:24:12',	353),
(354,	0,	1,	1,	1,	1,	0,	0,	'2018-06-04 11:34:08',	'2018-06-07 10:24:12',	354),
(355,	0,	1,	1,	1,	1,	0,	0,	'2018-06-04 11:34:08',	'2018-06-07 10:24:12',	355),
(356,	0,	1,	1,	1,	1,	0,	0,	'2018-06-04 11:34:08',	'2018-06-07 10:24:12',	356),
(357,	0,	1,	1,	1,	1,	0,	0,	'2018-06-04 11:34:08',	'2018-06-07 10:24:12',	357),
(358,	0,	1,	1,	1,	1,	0,	0,	'2018-06-04 11:34:08',	'2018-06-07 10:24:12',	358),
(359,	0,	1,	1,	1,	1,	0,	0,	'2018-06-04 11:34:08',	'2018-06-07 10:24:12',	359),
(360,	0,	1,	1,	1,	1,	0,	0,	'2018-06-04 11:34:08',	'2018-06-07 10:24:12',	360),
(361,	0,	1,	1,	1,	1,	0,	0,	'2018-06-04 11:34:08',	'2018-06-07 10:24:12',	361),
(362,	0,	1,	1,	1,	1,	0,	0,	'2018-06-04 11:34:08',	'2018-06-07 10:24:12',	362),
(363,	0,	1,	1,	1,	1,	0,	0,	'2018-06-04 11:34:08',	'2018-06-07 10:24:12',	363),
(364,	0,	1,	1,	1,	1,	0,	0,	'2018-06-04 11:34:08',	'2018-06-07 10:24:12',	364),
(365,	0,	1,	1,	1,	1,	0,	0,	'2018-06-04 11:34:08',	'2018-06-07 10:24:12',	365),
(366,	0,	1,	1,	1,	1,	0,	0,	'2018-06-04 11:34:08',	'2018-06-07 10:24:12',	366),
(367,	0,	1,	1,	1,	1,	0,	0,	'2018-06-04 11:34:08',	'2018-06-07 10:24:12',	367),
(368,	0,	1,	1,	1,	1,	0,	0,	'2018-06-04 11:34:08',	'2018-06-07 10:24:12',	368),
(369,	0,	1,	1,	1,	1,	0,	0,	'2018-06-04 11:34:08',	'2018-06-07 10:24:12',	369),
(370,	0,	1,	1,	1,	1,	0,	0,	'2018-06-04 11:34:08',	'2018-06-07 10:24:12',	370),
(371,	0,	1,	1,	0,	1,	1,	0,	'2018-06-04 11:34:08',	'2018-06-07 10:24:12',	371),
(372,	0,	1,	1,	0,	1,	1,	0,	'2018-06-04 11:34:08',	'2018-06-07 10:24:12',	372),
(373,	0,	1,	1,	0,	1,	1,	0,	'2018-06-04 11:34:08',	'2018-06-07 10:24:12',	373),
(374,	0,	1,	1,	0,	1,	1,	0,	'2018-06-04 11:34:08',	'2018-06-07 10:24:12',	374),
(375,	0,	1,	1,	0,	1,	1,	0,	'2018-06-04 11:34:08',	'2018-06-07 10:24:12',	375),
(376,	0,	1,	1,	0,	1,	1,	0,	'2018-06-04 11:34:08',	'2018-06-07 10:24:12',	376),
(377,	0,	1,	1,	0,	1,	1,	0,	'2018-06-04 11:34:08',	'2018-06-07 10:24:12',	377),
(378,	0,	1,	1,	0,	1,	1,	0,	'2018-06-04 11:34:08',	'2018-06-07 10:24:12',	378),
(379,	0,	1,	1,	0,	1,	1,	0,	'2018-06-04 11:34:08',	'2018-06-07 10:24:12',	379),
(380,	0,	1,	1,	0,	1,	1,	0,	'2018-06-04 11:34:08',	'2018-06-07 10:24:12',	380),
(381,	0,	1,	1,	0,	1,	1,	0,	'2018-06-04 11:34:08',	'2018-06-07 10:24:12',	381),
(382,	0,	1,	1,	0,	1,	1,	0,	'2018-06-04 11:34:08',	'2018-06-07 10:24:12',	382),
(383,	0,	1,	1,	0,	1,	1,	0,	'2018-06-04 11:34:08',	'2018-06-07 10:24:12',	383),
(384,	0,	1,	1,	0,	1,	1,	0,	'2018-06-04 11:34:08',	'2018-06-07 10:24:12',	384),
(385,	0,	1,	1,	0,	1,	1,	0,	'2018-06-04 11:34:08',	'2018-06-07 10:24:12',	385),
(386,	0,	1,	1,	0,	1,	1,	0,	'2018-06-04 11:34:08',	'2018-06-07 10:24:12',	386),
(387,	0,	1,	1,	0,	1,	1,	0,	'2018-06-04 11:34:08',	'2018-06-07 10:24:12',	387),
(388,	0,	1,	1,	0,	1,	1,	0,	'2018-06-04 11:34:08',	'2018-06-07 10:24:12',	388),
(389,	0,	1,	1,	0,	1,	1,	0,	'2018-06-04 11:34:08',	'2018-06-07 10:24:12',	389),
(390,	0,	1,	1,	0,	1,	1,	0,	'2018-06-04 11:34:08',	'2018-06-07 10:24:12',	390),
(391,	0,	1,	1,	0,	1,	1,	0,	'2018-06-04 11:34:08',	'2018-06-07 10:24:12',	391),
(392,	0,	1,	1,	0,	1,	1,	0,	'2018-06-04 11:34:08',	'2018-06-07 10:24:12',	392),
(393,	0,	1,	1,	0,	1,	1,	0,	'2018-06-04 11:34:08',	'2018-06-07 10:24:12',	393),
(394,	0,	1,	1,	0,	1,	1,	0,	'2018-06-04 11:34:08',	'2018-06-07 10:24:12',	394),
(395,	0,	1,	1,	0,	1,	1,	0,	'2018-06-04 11:34:08',	'2018-06-07 10:24:12',	395),
(396,	0,	1,	1,	0,	1,	1,	0,	'2018-06-04 11:34:08',	'2018-06-07 10:24:12',	396),
(397,	0,	1,	1,	0,	1,	1,	0,	'2018-06-04 11:34:08',	'2018-06-07 10:24:12',	397),
(398,	0,	1,	1,	0,	1,	1,	0,	'2018-06-04 11:34:08',	'2018-06-07 10:24:12',	398),
(399,	0,	1,	1,	0,	1,	1,	0,	'2018-06-04 11:34:08',	'2018-06-07 10:24:12',	399),
(400,	0,	1,	1,	0,	1,	1,	0,	'2018-06-04 11:34:08',	'2018-06-07 10:24:12',	400),
(401,	0,	1,	1,	0,	1,	1,	0,	'2018-06-04 11:34:08',	'2018-06-07 10:24:12',	401),
(402,	0,	1,	1,	0,	1,	1,	0,	'2018-06-04 11:34:08',	'2018-06-07 10:24:12',	402),
(403,	0,	1,	1,	0,	1,	1,	0,	'2018-06-04 11:34:08',	'2018-06-07 10:24:12',	403),
(404,	0,	1,	1,	0,	1,	1,	0,	'2018-06-04 11:34:08',	'2018-06-07 10:24:12',	404),
(405,	0,	1,	1,	0,	1,	1,	0,	'2018-06-04 11:34:08',	'2018-06-07 10:24:12',	405),
(406,	0,	1,	1,	0,	1,	1,	0,	'2018-06-04 11:34:08',	'2018-06-07 10:24:12',	406),
(407,	0,	1,	1,	0,	1,	1,	0,	'2018-06-04 11:34:08',	'2018-06-07 10:24:12',	407),
(408,	0,	1,	1,	0,	1,	1,	0,	'2018-06-04 11:34:08',	'2018-06-07 10:24:12',	408),
(409,	0,	1,	1,	0,	1,	1,	0,	'2018-06-04 11:34:08',	'2018-06-07 10:24:12',	409),
(410,	0,	1,	1,	0,	1,	1,	0,	'2018-06-04 11:34:08',	'2018-06-07 10:24:12',	410),
(411,	0,	1,	1,	0,	1,	1,	0,	'2018-06-04 11:34:08',	'2018-06-07 10:24:12',	411),
(412,	0,	1,	1,	1,	1,	1,	0,	'2018-06-04 11:34:08',	'2018-06-07 10:24:12',	412),
(413,	0,	1,	1,	0,	1,	1,	0,	'2018-06-04 11:34:08',	'2018-06-07 10:24:12',	413),
(414,	0,	1,	1,	0,	1,	1,	0,	'2018-06-04 11:34:08',	'2018-06-07 10:24:12',	414),
(415,	0,	1,	1,	1,	1,	1,	0,	'2018-06-04 11:34:08',	'2018-06-07 10:24:12',	415),
(416,	0,	1,	1,	1,	1,	1,	0,	'2018-06-04 11:34:08',	'2018-06-07 10:24:12',	416),
(417,	0,	1,	1,	0,	1,	1,	0,	'2018-06-04 11:34:08',	'2018-06-07 10:24:12',	417),
(418,	0,	1,	1,	0,	1,	1,	0,	'2018-06-04 11:34:08',	'2018-06-07 10:24:12',	418),
(419,	0,	1,	1,	0,	1,	1,	0,	'2018-06-04 11:34:08',	'2018-06-07 10:24:12',	419),
(420,	0,	1,	1,	0,	1,	1,	0,	'2018-06-04 11:34:08',	'2018-06-07 10:24:12',	420),
(421,	0,	1,	1,	0,	1,	1,	0,	'2018-06-04 11:34:08',	'2018-06-07 10:24:12',	421),
(422,	0,	1,	1,	0,	1,	1,	0,	'2018-06-04 11:34:08',	'2018-06-07 10:24:12',	422),
(423,	0,	1,	1,	0,	1,	1,	0,	'2018-06-04 11:34:08',	'2018-06-07 10:24:12',	423),
(424,	0,	1,	1,	1,	1,	1,	0,	'2018-06-04 11:34:08',	'2018-06-07 10:24:12',	424),
(425,	0,	1,	1,	0,	1,	1,	0,	'2018-06-04 11:34:08',	'2018-06-07 10:24:12',	425),
(426,	0,	1,	1,	0,	1,	1,	0,	'2018-06-04 11:34:08',	'2018-06-07 10:24:12',	426),
(427,	0,	1,	1,	0,	1,	1,	0,	'2018-06-04 11:34:08',	'2018-06-07 10:24:12',	427),
(428,	0,	1,	1,	0,	1,	1,	0,	'2018-06-04 11:34:08',	'2018-06-07 10:24:12',	428),
(429,	0,	1,	1,	0,	1,	1,	0,	'2018-06-04 11:34:08',	'2018-06-07 10:24:12',	429),
(430,	0,	1,	1,	1,	1,	1,	0,	'2018-06-04 11:34:08',	'2018-06-07 10:24:12',	430),
(431,	0,	1,	1,	0,	1,	1,	0,	'2018-06-04 11:34:08',	'2018-06-07 10:24:12',	431),
(432,	0,	1,	1,	1,	1,	1,	0,	'2018-06-04 11:34:08',	'2018-06-07 10:24:12',	432),
(433,	0,	1,	1,	0,	1,	1,	0,	'2018-06-04 11:34:08',	'2018-06-07 10:24:12',	433),
(434,	0,	1,	1,	1,	1,	1,	0,	'2018-06-04 11:34:08',	'2018-06-07 10:24:12',	434),
(435,	0,	1,	1,	0,	1,	1,	0,	'2018-06-04 11:34:08',	'2018-06-07 10:24:12',	435),
(436,	0,	1,	1,	1,	1,	1,	0,	'2018-06-04 11:34:08',	'2018-06-07 10:24:12',	436),
(437,	0,	1,	1,	1,	1,	1,	0,	'2018-06-04 11:34:08',	'2018-06-07 10:24:12',	437),
(438,	0,	1,	1,	0,	1,	1,	0,	'2018-06-04 11:34:08',	'2018-06-07 10:24:12',	438),
(439,	0,	1,	1,	0,	1,	1,	0,	'2018-06-04 11:34:08',	'2018-06-07 10:24:12',	439),
(440,	0,	1,	1,	0,	1,	1,	0,	'2018-06-04 11:34:08',	'2018-06-07 10:24:12',	440),
(441,	0,	1,	1,	0,	1,	1,	0,	'2018-06-04 11:34:08',	'2018-06-07 10:24:12',	441),
(442,	0,	1,	1,	0,	1,	1,	0,	'2018-06-04 11:34:08',	'2018-06-07 10:24:12',	442),
(443,	0,	1,	1,	1,	1,	1,	0,	'2018-06-04 11:34:08',	'2018-06-07 10:24:12',	443),
(444,	0,	1,	1,	0,	1,	1,	0,	'2018-06-04 11:34:08',	'2018-06-07 10:24:12',	444),
(445,	0,	1,	1,	0,	1,	1,	0,	'2018-06-04 11:34:08',	'2018-06-07 10:24:12',	445),
(446,	0,	1,	1,	0,	1,	1,	0,	'2018-06-04 11:34:08',	'2018-06-07 10:24:12',	446),
(447,	0,	1,	1,	0,	1,	1,	0,	'2018-06-04 11:34:08',	'2018-06-07 10:24:12',	447),
(448,	0,	1,	1,	0,	1,	1,	0,	'2018-06-04 11:34:08',	'2018-06-07 10:24:12',	448),
(449,	0,	1,	1,	0,	1,	1,	0,	'2018-06-04 11:34:08',	'2018-06-07 10:24:12',	449),
(450,	0,	1,	1,	0,	1,	1,	0,	'2018-06-04 11:34:08',	'2018-06-07 10:24:12',	450),
(451,	0,	1,	1,	1,	1,	1,	0,	'2018-06-04 11:34:08',	'2018-06-07 10:24:12',	451),
(452,	0,	1,	1,	1,	1,	1,	0,	'2018-06-04 11:34:08',	'2018-06-07 10:24:12',	452),
(453,	0,	1,	1,	0,	1,	1,	0,	'2018-06-04 11:34:08',	'2018-06-07 10:24:12',	453),
(454,	0,	1,	1,	0,	1,	1,	0,	'2018-06-04 11:34:08',	'2018-06-07 10:24:12',	454),
(455,	0,	1,	1,	0,	1,	1,	0,	'2018-06-04 11:34:08',	'2018-06-07 10:24:12',	455),
(456,	0,	1,	1,	0,	1,	1,	0,	'2018-06-04 11:34:08',	'2018-06-07 10:24:12',	456),
(457,	0,	1,	1,	0,	1,	1,	0,	'2018-06-04 11:34:08',	'2018-06-07 10:24:12',	457),
(458,	0,	1,	1,	0,	1,	1,	0,	'2018-06-04 11:34:08',	'2018-06-07 10:24:12',	458),
(459,	0,	1,	1,	0,	1,	1,	0,	'2018-06-04 11:34:08',	'2018-06-07 10:24:12',	459),
(460,	0,	1,	1,	1,	1,	1,	0,	'2018-06-04 11:34:08',	'2018-06-07 10:24:12',	460),
(461,	0,	1,	1,	0,	1,	1,	0,	'2018-06-04 11:34:08',	'2018-06-07 10:24:12',	461),
(462,	0,	1,	1,	0,	1,	1,	0,	'2018-06-04 11:34:08',	'2018-06-07 10:24:12',	462),
(463,	0,	1,	1,	0,	1,	1,	0,	'2018-06-04 11:34:08',	'2018-06-07 10:24:12',	463),
(464,	0,	1,	1,	0,	1,	1,	0,	'2018-06-04 11:34:08',	'2018-06-07 10:24:12',	464),
(465,	0,	1,	1,	1,	1,	1,	0,	'2018-06-04 11:34:08',	'2018-06-07 10:24:12',	465),
(466,	0,	1,	1,	0,	1,	1,	0,	'2018-06-04 11:34:08',	'2018-06-07 10:24:12',	466),
(467,	0,	1,	1,	1,	1,	1,	0,	'2018-06-04 11:34:08',	'2018-06-07 10:24:12',	467),
(468,	0,	1,	1,	0,	1,	1,	0,	'2018-06-04 11:34:08',	'2018-06-07 10:24:12',	468),
(469,	0,	1,	1,	1,	1,	1,	0,	'2018-06-04 11:34:08',	'2018-06-07 10:24:12',	469),
(470,	0,	1,	1,	0,	1,	1,	0,	'2018-06-04 11:34:08',	'2018-06-07 10:24:12',	470),
(471,	0,	1,	1,	0,	1,	1,	0,	'2018-06-04 11:34:08',	'2018-06-07 10:24:12',	471),
(472,	0,	1,	1,	0,	1,	1,	0,	'2018-06-04 11:34:08',	'2018-06-07 10:24:12',	472),
(473,	0,	1,	1,	0,	1,	1,	0,	'2018-06-04 11:34:08',	'2018-06-07 10:24:12',	473),
(474,	0,	1,	1,	0,	1,	1,	0,	'2018-06-04 11:34:08',	'2018-06-07 10:24:12',	474),
(475,	0,	1,	1,	0,	1,	1,	0,	'2018-06-04 11:34:08',	'2018-06-07 10:24:12',	475),
(476,	0,	1,	1,	0,	1,	1,	0,	'2018-06-04 11:34:08',	'2018-06-07 10:24:12',	476),
(477,	0,	1,	1,	0,	1,	1,	0,	'2018-06-04 11:34:08',	'2018-06-07 10:24:12',	477),
(478,	0,	1,	1,	0,	1,	1,	0,	'2018-06-04 11:34:08',	'2018-06-07 10:24:12',	478),
(479,	0,	1,	1,	0,	1,	1,	0,	'2018-06-04 11:34:08',	'2018-06-07 10:24:12',	479),
(480,	0,	1,	1,	0,	1,	1,	0,	'2018-06-04 11:34:08',	'2018-06-07 10:24:12',	480),
(481,	0,	1,	1,	0,	1,	1,	0,	'2018-06-04 11:34:08',	'2018-06-07 10:24:12',	481),
(482,	0,	1,	1,	0,	1,	1,	0,	'2018-06-04 11:34:08',	'2018-06-07 10:24:12',	482),
(483,	0,	1,	1,	0,	1,	1,	0,	'2018-06-04 11:34:08',	'2018-06-07 10:24:12',	483),
(484,	0,	1,	1,	0,	1,	1,	0,	'2018-06-04 11:34:08',	'2018-06-07 10:24:12',	484),
(485,	0,	1,	1,	0,	1,	1,	0,	'2018-06-04 11:34:08',	'2018-06-07 10:24:12',	485),
(486,	0,	1,	1,	1,	1,	1,	0,	'2018-06-04 11:34:08',	'2018-06-07 10:24:12',	486),
(487,	0,	1,	1,	0,	1,	1,	0,	'2018-06-04 11:34:08',	'2018-06-07 10:24:12',	487),
(488,	0,	1,	1,	0,	1,	1,	0,	'2018-06-04 11:34:08',	'2018-06-07 10:24:12',	488),
(489,	0,	1,	1,	1,	1,	1,	0,	'2018-06-04 11:34:08',	'2018-06-07 10:24:12',	489),
(490,	0,	1,	1,	0,	1,	1,	0,	'2018-06-04 11:34:08',	'2018-06-07 10:24:12',	490),
(491,	0,	1,	1,	0,	1,	1,	0,	'2018-06-04 11:34:08',	'2018-06-07 10:24:12',	491),
(492,	0,	1,	1,	0,	1,	1,	0,	'2018-06-04 11:34:08',	'2018-06-07 10:24:12',	492),
(493,	0,	1,	1,	0,	1,	1,	0,	'2018-06-04 11:34:08',	'2018-06-07 10:24:12',	493),
(494,	0,	1,	1,	0,	1,	1,	0,	'2018-06-04 11:34:08',	'2018-06-07 10:24:12',	494),
(495,	0,	1,	1,	0,	1,	1,	0,	'2018-06-04 11:34:08',	'2018-06-07 10:24:12',	495),
(496,	0,	1,	1,	0,	1,	1,	0,	'2018-06-04 11:34:08',	'2018-06-07 10:24:12',	496),
(497,	0,	1,	1,	0,	1,	1,	0,	'2018-06-04 11:34:08',	'2018-06-07 10:24:12',	497),
(498,	0,	1,	1,	0,	1,	1,	0,	'2018-06-04 11:34:08',	'2018-06-07 10:24:12',	498),
(499,	0,	1,	1,	0,	1,	1,	0,	'2018-06-04 11:34:08',	'2018-06-07 10:24:12',	499),
(500,	0,	1,	1,	0,	1,	1,	0,	'2018-06-04 11:34:08',	'2018-06-07 10:24:12',	500),
(501,	0,	1,	1,	0,	1,	1,	0,	'2018-06-04 11:34:08',	'2018-06-07 10:24:12',	501),
(502,	0,	1,	1,	0,	1,	1,	0,	'2018-06-04 11:34:08',	'2018-06-07 10:24:12',	502),
(503,	0,	1,	1,	0,	1,	1,	0,	'2018-06-04 11:34:08',	'2018-06-07 10:24:12',	503),
(504,	0,	1,	1,	0,	1,	1,	0,	'2018-06-04 11:34:08',	'2018-06-07 10:24:12',	504),
(505,	0,	1,	1,	0,	1,	1,	0,	'2018-06-04 11:34:08',	'2018-06-07 10:24:12',	505),
(506,	0,	1,	1,	0,	1,	1,	0,	'2018-06-04 11:34:08',	'2018-06-07 10:24:12',	506),
(507,	0,	1,	1,	0,	1,	1,	0,	'2018-06-04 11:34:08',	'2018-06-07 10:24:12',	507),
(508,	0,	1,	1,	1,	1,	1,	0,	'2018-06-04 11:34:08',	'2018-06-07 10:24:12',	508),
(509,	0,	1,	1,	1,	1,	1,	0,	'2018-06-04 11:34:08',	'2018-06-07 10:24:12',	509),
(510,	0,	1,	1,	0,	1,	1,	0,	'2018-06-04 11:34:08',	'2018-06-07 10:24:12',	510),
(511,	0,	1,	1,	0,	1,	1,	0,	'2018-06-04 11:34:08',	'2018-06-07 10:24:12',	511),
(512,	0,	1,	1,	1,	1,	1,	0,	'2018-06-04 11:34:08',	'2018-06-07 10:24:12',	512),
(513,	0,	1,	1,	1,	1,	1,	0,	'2018-06-04 11:34:08',	'2018-06-07 10:24:12',	513),
(514,	0,	1,	1,	1,	1,	1,	0,	'2018-06-04 11:34:08',	'2018-06-07 10:24:12',	514),
(515,	0,	1,	1,	1,	1,	1,	0,	'2018-06-04 11:34:08',	'2018-06-07 10:24:12',	515),
(516,	0,	1,	1,	1,	1,	1,	0,	'2018-06-04 11:34:08',	'2018-06-07 10:24:12',	516),
(517,	0,	1,	1,	1,	1,	1,	0,	'2018-06-04 11:34:08',	'2018-06-07 10:24:12',	517),
(518,	0,	1,	1,	1,	1,	1,	0,	'2018-06-04 11:34:08',	'2018-06-07 10:24:12',	518),
(519,	0,	1,	1,	1,	1,	1,	0,	'2018-06-04 11:34:08',	'2018-06-07 10:24:12',	519),
(520,	0,	1,	1,	1,	1,	1,	0,	'2018-06-04 11:34:08',	'2018-06-07 10:24:12',	520),
(521,	0,	1,	1,	1,	1,	1,	0,	'2018-06-04 11:34:08',	'2018-06-07 10:24:12',	521),
(522,	0,	1,	1,	1,	1,	1,	0,	'2018-06-04 11:34:08',	'2018-06-07 10:24:12',	522),
(523,	0,	1,	1,	1,	1,	1,	0,	'2018-06-04 11:34:08',	'2018-06-07 10:24:12',	523),
(524,	0,	1,	1,	1,	1,	1,	0,	'2018-06-04 11:34:08',	'2018-06-07 10:24:12',	524),
(525,	0,	1,	1,	1,	1,	1,	0,	'2018-06-04 11:34:09',	'2018-06-07 10:24:12',	525),
(526,	0,	1,	1,	1,	1,	1,	0,	'2018-06-04 11:34:09',	'2018-06-07 10:24:12',	526),
(527,	0,	1,	1,	1,	1,	1,	0,	'2018-06-04 11:34:09',	'2018-06-07 10:24:12',	527),
(528,	0,	1,	1,	1,	1,	1,	0,	'2018-06-04 11:34:09',	'2018-06-07 10:24:12',	528),
(529,	0,	1,	1,	1,	1,	1,	0,	'2018-06-04 11:34:09',	'2018-06-07 10:24:12',	529),
(530,	0,	1,	1,	1,	1,	1,	0,	'2018-06-04 11:34:09',	'2018-06-07 10:24:12',	530),
(531,	0,	1,	1,	1,	1,	1,	0,	'2018-06-04 11:34:09',	'2018-06-07 10:24:12',	531),
(532,	0,	1,	1,	1,	1,	1,	0,	'2018-06-04 11:34:09',	'2018-06-07 10:24:12',	532),
(533,	0,	1,	1,	1,	1,	1,	0,	'2018-06-04 11:34:09',	'2018-06-07 10:24:12',	533),
(534,	0,	1,	1,	1,	1,	1,	0,	'2018-06-04 11:34:09',	'2018-06-07 10:24:12',	534),
(535,	0,	1,	1,	1,	1,	1,	0,	'2018-06-04 11:34:09',	'2018-06-07 10:24:12',	535),
(536,	0,	1,	1,	1,	1,	1,	0,	'2018-06-04 11:34:09',	'2018-06-07 10:24:12',	536),
(537,	0,	1,	1,	1,	1,	1,	0,	'2018-06-04 11:34:09',	'2018-06-07 10:24:12',	537),
(538,	0,	1,	1,	1,	1,	1,	0,	'2018-06-04 11:34:09',	'2018-06-07 10:24:12',	538),
(539,	0,	1,	1,	1,	1,	1,	0,	'2018-06-04 11:34:09',	'2018-06-07 10:24:12',	539),
(540,	0,	1,	1,	1,	1,	1,	0,	'2018-06-04 11:34:09',	'2018-06-07 10:24:12',	540),
(541,	0,	1,	1,	1,	1,	1,	0,	'2018-06-04 11:34:09',	'2018-06-07 10:24:12',	541),
(542,	0,	1,	1,	1,	1,	1,	0,	'2018-06-04 11:34:09',	'2018-06-07 10:24:12',	542),
(543,	0,	1,	1,	1,	1,	1,	0,	'2018-06-04 11:34:09',	'2018-06-07 10:24:12',	543),
(544,	0,	1,	1,	1,	1,	1,	0,	'2018-06-04 11:34:09',	'2018-06-07 10:24:12',	544),
(545,	0,	1,	1,	1,	1,	1,	0,	'2018-06-04 11:34:09',	'2018-06-07 10:24:12',	545),
(546,	0,	1,	1,	1,	1,	1,	0,	'2018-06-04 11:34:09',	'2018-06-07 10:24:12',	546),
(547,	0,	1,	1,	1,	1,	1,	0,	'2018-06-04 11:34:09',	'2018-06-07 10:24:12',	547),
(548,	0,	1,	1,	1,	1,	1,	0,	'2018-06-04 11:34:09',	'2018-06-07 10:24:12',	548),
(549,	0,	1,	1,	1,	1,	1,	0,	'2018-06-04 11:34:09',	'2018-06-07 10:24:12',	549),
(550,	0,	1,	1,	1,	1,	1,	0,	'2018-06-04 11:34:09',	'2018-06-07 10:24:12',	550),
(551,	0,	1,	1,	1,	1,	1,	0,	'2018-06-04 11:34:09',	'2018-06-07 10:24:12',	551),
(552,	0,	1,	1,	1,	1,	1,	0,	'2018-06-04 11:34:09',	'2018-06-07 10:24:12',	552),
(553,	0,	1,	1,	1,	1,	1,	0,	'2018-06-04 11:34:09',	'2018-06-07 10:24:12',	553),
(554,	0,	1,	1,	1,	1,	1,	0,	'2018-06-04 11:34:09',	'2018-06-07 10:24:12',	554),
(555,	0,	1,	1,	1,	1,	1,	0,	'2018-06-04 11:34:09',	'2018-06-07 10:24:12',	555),
(556,	0,	1,	1,	1,	1,	1,	0,	'2018-06-04 11:34:09',	'2018-06-07 10:24:12',	556),
(557,	0,	1,	1,	1,	1,	1,	0,	'2018-06-04 11:34:09',	'2018-06-07 10:24:12',	557),
(558,	0,	1,	1,	1,	1,	1,	0,	'2018-06-04 11:34:09',	'2018-06-07 10:24:12',	558),
(559,	0,	1,	1,	1,	1,	1,	0,	'2018-06-04 11:34:09',	'2018-06-07 10:24:12',	559),
(560,	0,	1,	1,	1,	1,	1,	0,	'2018-06-04 11:34:09',	'2018-06-07 10:24:12',	560),
(561,	0,	1,	1,	1,	1,	1,	0,	'2018-06-04 11:34:09',	'2018-06-07 10:24:12',	561),
(562,	0,	1,	1,	1,	1,	1,	0,	'2018-06-04 11:34:09',	'2018-06-07 10:24:12',	562),
(563,	0,	1,	1,	1,	1,	1,	0,	'2018-06-04 11:34:09',	'2018-06-07 10:24:12',	563),
(564,	0,	1,	1,	1,	1,	1,	0,	'2018-06-04 11:34:09',	'2018-06-07 10:24:12',	564),
(565,	0,	1,	1,	1,	1,	1,	0,	'2018-06-04 11:34:09',	'2018-06-07 10:24:12',	565),
(566,	0,	1,	1,	1,	1,	1,	0,	'2018-06-04 11:34:09',	'2018-06-07 10:24:13',	566),
(567,	0,	1,	1,	1,	1,	1,	0,	'2018-06-04 11:34:09',	'2018-06-07 10:24:13',	567),
(568,	0,	1,	1,	1,	1,	1,	0,	'2018-06-04 11:34:09',	'2018-06-07 10:24:13',	568),
(569,	0,	1,	1,	1,	1,	1,	0,	'2018-06-04 11:34:09',	'2018-06-07 10:24:13',	569),
(570,	0,	1,	1,	1,	1,	1,	0,	'2018-06-04 11:34:09',	'2018-06-07 10:24:13',	570),
(571,	0,	1,	1,	1,	1,	1,	0,	'2018-06-04 11:34:09',	'2018-06-07 10:24:13',	571),
(572,	0,	1,	1,	1,	1,	1,	0,	'2018-06-04 11:34:09',	'2018-06-07 10:24:13',	572),
(573,	0,	1,	1,	1,	1,	1,	0,	'2018-06-04 11:34:09',	'2018-06-07 10:24:13',	573),
(574,	0,	1,	1,	1,	1,	1,	0,	'2018-06-04 11:34:09',	'2018-06-07 10:24:13',	574),
(575,	0,	1,	1,	1,	1,	1,	0,	'2018-06-04 11:34:09',	'2018-06-07 10:24:13',	575),
(576,	0,	1,	1,	1,	1,	1,	0,	'2018-06-04 11:34:09',	'2018-06-07 10:24:13',	576),
(577,	0,	1,	1,	1,	1,	1,	0,	'2018-06-04 11:34:09',	'2018-06-07 10:24:13',	577),
(578,	0,	1,	1,	1,	1,	1,	0,	'2018-06-04 11:34:09',	'2018-06-07 10:24:13',	578),
(579,	0,	1,	1,	1,	1,	1,	0,	'2018-06-04 11:34:09',	'2018-06-07 10:24:13',	579),
(580,	0,	1,	1,	1,	1,	1,	0,	'2018-06-04 11:34:09',	'2018-06-07 10:24:13',	580),
(581,	0,	1,	1,	1,	1,	1,	0,	'2018-06-04 11:34:09',	'2018-06-07 10:24:13',	581),
(582,	0,	1,	1,	1,	1,	1,	0,	'2018-06-04 11:34:09',	'2018-06-07 10:24:13',	582),
(583,	0,	1,	1,	1,	1,	1,	0,	'2018-06-04 11:34:09',	'2018-06-07 10:24:13',	583),
(584,	0,	1,	1,	1,	1,	1,	0,	'2018-06-04 11:34:09',	'2018-06-07 10:24:13',	584),
(585,	0,	1,	1,	1,	1,	1,	0,	'2018-06-04 11:34:09',	'2018-06-07 10:24:13',	585),
(586,	0,	1,	1,	1,	1,	1,	0,	'2018-06-04 11:34:09',	'2018-06-07 10:24:13',	586),
(587,	0,	1,	1,	1,	1,	1,	0,	'2018-06-04 11:34:09',	'2018-06-07 10:24:13',	587),
(588,	0,	1,	1,	1,	1,	1,	0,	'2018-06-04 11:34:09',	'2018-06-07 10:24:13',	588),
(589,	0,	1,	1,	1,	1,	1,	0,	'2018-06-04 11:34:09',	'2018-06-07 10:24:13',	589),
(590,	0,	1,	1,	1,	1,	1,	0,	'2018-06-04 11:34:09',	'2018-06-07 10:24:13',	590),
(591,	0,	1,	1,	1,	1,	1,	0,	'2018-06-04 11:34:09',	'2018-06-07 10:24:13',	591),
(592,	0,	1,	1,	1,	1,	1,	0,	'2018-06-04 11:34:09',	'2018-06-07 10:24:13',	592),
(593,	0,	1,	1,	1,	1,	1,	0,	'2018-06-04 11:34:09',	'2018-06-07 10:24:13',	593),
(594,	0,	1,	1,	1,	1,	1,	0,	'2018-06-04 11:34:09',	'2018-06-07 10:24:13',	594),
(595,	0,	1,	1,	1,	1,	1,	0,	'2018-06-04 11:34:09',	'2018-06-07 10:24:13',	595),
(596,	0,	1,	1,	1,	1,	0,	0,	'2018-06-04 11:34:09',	'2018-06-07 10:24:13',	596),
(597,	0,	1,	1,	0,	1,	0,	0,	'2018-06-04 11:34:09',	'2018-06-07 10:24:13',	597),
(598,	0,	1,	1,	1,	1,	0,	0,	'2018-06-04 11:34:09',	'2018-06-07 10:24:13',	598),
(599,	0,	1,	1,	1,	1,	0,	0,	'2018-06-04 11:34:09',	'2018-06-07 10:24:13',	599),
(600,	0,	1,	1,	1,	1,	0,	0,	'2018-06-04 11:34:09',	'2018-06-07 10:24:13',	600),
(601,	0,	1,	1,	0,	1,	0,	0,	'2018-06-04 11:34:09',	'2018-06-07 10:24:13',	601),
(602,	0,	1,	1,	0,	1,	0,	0,	'2018-06-04 11:34:09',	'2018-06-07 10:24:13',	602),
(603,	0,	1,	1,	0,	1,	0,	0,	'2018-06-04 11:34:09',	'2018-06-07 10:24:13',	603),
(604,	0,	1,	1,	0,	1,	0,	0,	'2018-06-04 11:34:09',	'2018-06-07 10:24:13',	604),
(605,	0,	1,	1,	0,	1,	0,	0,	'2018-06-04 11:34:09',	'2018-06-07 10:24:13',	605),
(606,	0,	1,	1,	1,	1,	0,	0,	'2018-06-04 11:34:09',	'2018-06-07 10:24:13',	606),
(607,	0,	1,	1,	0,	1,	0,	0,	'2018-06-04 11:34:09',	'2018-06-07 10:24:13',	607),
(608,	0,	1,	1,	1,	1,	0,	0,	'2018-06-04 11:34:09',	'2018-06-07 10:24:13',	608),
(609,	0,	1,	1,	1,	1,	0,	0,	'2018-06-04 11:34:09',	'2018-06-07 10:24:13',	609),
(610,	0,	1,	1,	1,	1,	0,	0,	'2018-06-04 11:34:09',	'2018-06-07 10:24:13',	610),
(611,	0,	1,	1,	1,	1,	0,	0,	'2018-06-04 11:34:09',	'2018-06-07 10:24:13',	611),
(612,	0,	1,	1,	1,	1,	0,	0,	'2018-06-04 11:34:09',	'2018-06-07 10:24:13',	612),
(613,	0,	1,	1,	1,	1,	0,	0,	'2018-06-04 11:34:09',	'2018-06-07 10:24:13',	613),
(614,	0,	1,	1,	0,	1,	0,	0,	'2018-06-04 11:34:09',	'2018-06-07 10:24:13',	614),
(615,	0,	1,	1,	1,	1,	0,	0,	'2018-06-04 11:34:09',	'2018-06-07 10:24:13',	615),
(616,	0,	1,	1,	1,	1,	0,	0,	'2018-06-04 11:34:09',	'2018-06-07 10:24:13',	616),
(617,	0,	1,	1,	1,	1,	0,	0,	'2018-06-04 11:34:09',	'2018-06-07 10:24:13',	617),
(618,	0,	1,	1,	1,	1,	0,	0,	'2018-06-04 11:34:09',	'2018-06-07 10:24:13',	618),
(619,	0,	1,	1,	1,	1,	0,	0,	'2018-06-04 11:34:09',	'2018-06-07 10:24:13',	619),
(620,	0,	1,	1,	1,	1,	0,	0,	'2018-06-04 11:34:09',	'2018-06-07 10:24:13',	620),
(621,	0,	1,	1,	1,	1,	0,	0,	'2018-06-04 11:34:09',	'2018-06-07 10:24:13',	621),
(622,	0,	1,	1,	1,	1,	0,	0,	'2018-06-04 11:34:09',	'2018-06-07 10:24:13',	622),
(623,	0,	1,	1,	0,	1,	0,	0,	'2018-06-04 11:34:09',	'2018-06-07 10:24:13',	623),
(624,	0,	1,	1,	0,	1,	0,	0,	'2018-06-04 11:34:09',	'2018-06-07 10:24:13',	624),
(625,	0,	1,	1,	1,	1,	0,	0,	'2018-06-04 11:34:09',	'2018-06-07 10:24:13',	625),
(626,	0,	1,	1,	1,	1,	0,	0,	'2018-06-04 11:34:09',	'2018-06-07 10:24:13',	626),
(627,	0,	1,	1,	1,	1,	0,	0,	'2018-06-04 11:34:09',	'2018-06-07 10:24:13',	627),
(628,	0,	1,	1,	1,	1,	0,	0,	'2018-06-04 11:34:09',	'2018-06-07 10:24:13',	628),
(629,	0,	1,	1,	0,	1,	0,	0,	'2018-06-04 11:34:09',	'2018-06-07 10:24:13',	629),
(630,	0,	1,	0,	1,	1,	0,	0,	'2018-06-04 11:34:09',	'2018-06-07 10:24:13',	630),
(631,	0,	1,	0,	1,	1,	0,	0,	'2018-06-04 11:34:09',	'2018-06-07 10:24:13',	631),
(632,	0,	1,	0,	1,	1,	0,	0,	'2018-06-04 11:34:09',	'2018-06-07 10:24:13',	632),
(633,	0,	1,	0,	1,	1,	0,	0,	'2018-06-04 11:34:09',	'2018-06-07 10:24:13',	633),
(634,	0,	1,	1,	1,	1,	1,	0,	'2018-06-04 11:34:09',	'2018-06-07 10:24:13',	634),
(635,	0,	1,	0,	1,	1,	0,	0,	'2018-06-04 11:34:09',	'2018-06-07 10:24:13',	635),
(636,	0,	1,	0,	1,	1,	0,	0,	'2018-06-04 11:34:09',	'2018-06-07 10:24:13',	636),
(637,	0,	1,	0,	1,	1,	0,	0,	'2018-06-04 11:34:09',	'2018-06-07 10:24:13',	637),
(638,	0,	1,	0,	1,	1,	0,	0,	'2018-06-04 11:34:09',	'2018-06-07 10:24:13',	638),
(639,	0,	1,	0,	1,	1,	0,	0,	'2018-06-04 11:34:09',	'2018-06-07 10:24:13',	639),
(640,	0,	1,	0,	1,	1,	0,	0,	'2018-06-04 11:34:09',	'2018-06-07 10:24:13',	640),
(641,	0,	1,	0,	1,	1,	0,	0,	'2018-06-04 11:34:09',	'2018-06-07 10:24:13',	641),
(642,	0,	1,	0,	1,	1,	0,	0,	'2018-06-04 11:34:09',	'2018-06-07 10:24:13',	642),
(643,	0,	1,	0,	1,	1,	0,	0,	'2018-06-04 11:34:09',	'2018-06-07 10:24:13',	643),
(644,	0,	1,	0,	1,	1,	0,	0,	'2018-06-04 11:34:09',	'2018-06-07 10:24:13',	644),
(645,	0,	1,	0,	1,	1,	0,	0,	'2018-06-04 11:34:09',	'2018-06-07 10:24:13',	645),
(646,	0,	1,	0,	1,	1,	0,	0,	'2018-06-04 11:34:09',	'2018-06-07 10:24:13',	646),
(647,	0,	1,	0,	1,	1,	0,	0,	'2018-06-04 11:34:09',	'2018-06-07 10:24:13',	647),
(648,	0,	1,	0,	1,	1,	0,	0,	'2018-06-04 11:34:09',	'2018-06-07 10:24:13',	648),
(649,	0,	1,	0,	1,	1,	0,	0,	'2018-06-04 11:34:09',	'2018-06-07 10:24:13',	649),
(650,	0,	1,	1,	1,	1,	1,	0,	'2018-06-04 11:34:09',	'2018-06-07 10:24:13',	650),
(651,	0,	1,	1,	1,	1,	1,	0,	'2018-06-04 11:34:09',	'2018-06-07 10:24:13',	651),
(652,	0,	1,	0,	1,	1,	0,	0,	'2018-06-04 11:34:09',	'2018-06-07 10:24:13',	652),
(653,	0,	1,	0,	1,	1,	0,	0,	'2018-06-04 11:34:09',	'2018-06-07 10:24:13',	653),
(654,	0,	1,	0,	1,	1,	0,	0,	'2018-06-04 11:34:09',	'2018-06-07 10:24:13',	654),
(655,	0,	1,	0,	1,	1,	0,	0,	'2018-06-04 11:34:09',	'2018-06-07 10:24:13',	655),
(656,	0,	1,	0,	1,	1,	0,	0,	'2018-06-04 11:34:09',	'2018-06-07 10:24:13',	656),
(657,	0,	1,	0,	1,	1,	0,	0,	'2018-06-04 11:34:09',	'2018-06-07 10:24:13',	657),
(658,	0,	1,	1,	1,	1,	1,	0,	'2018-06-04 11:34:09',	'2018-06-07 10:24:13',	658),
(659,	0,	1,	0,	1,	1,	0,	0,	'2018-06-04 11:34:09',	'2018-06-07 10:24:13',	659),
(660,	0,	1,	0,	1,	1,	0,	0,	'2018-06-04 11:34:09',	'2018-06-07 10:24:13',	660),
(661,	0,	1,	1,	1,	1,	1,	0,	'2018-06-04 11:34:09',	'2018-06-07 10:24:13',	661),
(662,	0,	1,	0,	1,	1,	0,	0,	'2018-06-04 11:34:09',	'2018-06-07 10:24:13',	662),
(663,	0,	1,	0,	1,	1,	0,	0,	'2018-06-04 11:34:09',	'2018-06-07 10:24:13',	663),
(664,	0,	1,	0,	1,	1,	0,	0,	'2018-06-04 11:34:09',	'2018-06-07 10:24:13',	664),
(665,	0,	1,	0,	1,	1,	0,	0,	'2018-06-04 11:34:09',	'2018-06-07 10:24:13',	665),
(666,	0,	1,	0,	1,	1,	0,	0,	'2018-06-04 11:34:09',	'2018-06-07 10:24:13',	666),
(667,	0,	1,	1,	1,	1,	1,	0,	'2018-06-04 11:34:09',	'2018-06-07 10:24:13',	667),
(668,	0,	1,	1,	1,	1,	0,	0,	'2018-06-04 11:34:09',	'2018-06-07 10:24:13',	668),
(669,	0,	1,	1,	0,	1,	0,	0,	'2018-06-04 11:34:09',	'2018-06-07 10:24:13',	669),
(670,	0,	1,	1,	1,	1,	0,	0,	'2018-06-04 11:34:09',	'2018-06-07 10:24:13',	670),
(671,	0,	1,	1,	1,	1,	0,	0,	'2018-06-04 11:34:09',	'2018-06-07 10:24:13',	671),
(672,	0,	1,	1,	0,	1,	0,	0,	'2018-06-04 11:34:09',	'2018-06-07 10:24:13',	672),
(673,	0,	1,	1,	0,	1,	0,	0,	'2018-06-04 11:34:09',	'2018-06-07 10:24:13',	673),
(674,	0,	1,	1,	1,	1,	0,	0,	'2018-06-04 11:34:09',	'2018-06-07 10:24:13',	674),
(675,	0,	1,	1,	1,	1,	0,	0,	'2018-06-04 11:34:09',	'2018-06-07 10:24:13',	675),
(676,	0,	1,	1,	1,	1,	0,	0,	'2018-06-04 11:34:09',	'2018-06-07 10:24:13',	676),
(677,	0,	1,	1,	1,	1,	0,	0,	'2018-06-04 11:34:09',	'2018-06-07 10:24:13',	677),
(678,	0,	1,	1,	0,	1,	0,	0,	'2018-06-04 11:34:09',	'2018-06-07 10:24:13',	678),
(679,	0,	1,	1,	0,	1,	0,	0,	'2018-06-04 11:34:09',	'2018-06-07 10:24:13',	679),
(680,	0,	1,	1,	1,	1,	0,	0,	'2018-06-04 11:34:09',	'2018-06-07 10:24:13',	680),
(681,	0,	1,	1,	1,	1,	1,	0,	'2018-06-04 11:34:09',	'2018-06-07 10:24:13',	681),
(682,	0,	1,	1,	1,	1,	0,	0,	'2018-06-04 11:34:09',	'2018-06-07 10:24:13',	682),
(683,	0,	1,	1,	1,	1,	0,	0,	'2018-06-04 11:34:09',	'2018-06-07 10:24:13',	683),
(684,	0,	1,	1,	0,	1,	0,	0,	'2018-06-04 11:34:09',	'2018-06-07 10:24:13',	684),
(685,	0,	1,	1,	1,	1,	0,	0,	'2018-06-04 11:34:09',	'2018-06-07 10:24:13',	685),
(686,	0,	1,	1,	1,	1,	1,	0,	'2018-06-04 11:34:09',	'2018-06-07 10:24:13',	686),
(687,	0,	1,	1,	0,	1,	0,	0,	'2018-06-04 11:34:09',	'2018-06-07 10:24:13',	687),
(688,	0,	1,	1,	0,	1,	0,	0,	'2018-06-04 11:34:09',	'2018-06-07 10:24:13',	688),
(689,	0,	1,	1,	1,	1,	0,	0,	'2018-06-04 11:34:09',	'2018-06-07 10:24:13',	689),
(690,	0,	1,	1,	1,	1,	0,	0,	'2018-06-04 11:34:09',	'2018-06-07 10:24:13',	690),
(691,	0,	1,	1,	1,	1,	0,	0,	'2018-06-04 11:34:09',	'2018-06-07 10:24:13',	691),
(692,	0,	1,	1,	0,	1,	0,	0,	'2018-06-04 11:34:09',	'2018-06-07 10:24:13',	692),
(693,	0,	1,	1,	1,	1,	1,	0,	'2018-06-04 11:34:09',	'2018-06-07 10:24:13',	693),
(694,	0,	1,	1,	0,	1,	0,	0,	'2018-06-04 11:34:09',	'2018-06-07 10:24:13',	694),
(695,	0,	1,	1,	1,	1,	0,	0,	'2018-06-04 11:34:09',	'2018-06-07 10:24:13',	695),
(696,	0,	1,	1,	1,	1,	0,	0,	'2018-06-04 11:34:09',	'2018-06-07 10:24:13',	696),
(697,	0,	1,	1,	1,	1,	0,	0,	'2018-06-04 11:34:09',	'2018-06-07 10:24:13',	697),
(698,	0,	1,	1,	1,	1,	0,	0,	'2018-06-04 11:34:09',	'2018-06-07 10:24:13',	698),
(699,	0,	1,	1,	0,	1,	0,	0,	'2018-06-04 11:34:09',	'2018-06-07 10:24:13',	699),
(700,	0,	1,	1,	1,	1,	0,	0,	'2018-06-04 11:34:09',	'2018-06-07 10:24:13',	700),
(701,	0,	1,	1,	1,	1,	1,	0,	'2018-06-04 11:34:09',	'2018-06-07 10:24:13',	701),
(702,	0,	1,	1,	1,	1,	0,	0,	'2018-06-04 11:34:09',	'2018-06-07 10:24:13',	702),
(703,	0,	1,	1,	1,	1,	0,	0,	'2018-06-04 11:34:09',	'2018-06-07 10:24:13',	703),
(704,	0,	1,	1,	1,	1,	0,	0,	'2018-06-04 11:34:09',	'2018-06-07 10:24:13',	704),
(705,	0,	1,	1,	1,	0,	0,	0,	'2018-06-04 11:34:09',	'2018-06-07 10:24:13',	705),
(706,	0,	1,	1,	1,	1,	1,	0,	'2018-06-04 11:34:09',	'2018-06-07 10:24:13',	706),
(707,	0,	1,	1,	1,	0,	0,	0,	'2018-06-04 11:34:09',	'2018-06-07 10:24:13',	707),
(708,	0,	1,	1,	1,	0,	0,	0,	'2018-06-04 11:34:09',	'2018-06-07 10:24:13',	708),
(709,	0,	1,	1,	1,	1,	1,	0,	'2018-06-04 11:34:09',	'2018-06-07 10:24:13',	709),
(710,	0,	1,	1,	1,	1,	1,	0,	'2018-06-04 11:34:09',	'2018-06-07 10:24:13',	710),
(711,	0,	1,	1,	1,	0,	0,	0,	'2018-06-04 11:34:09',	'2018-06-07 10:24:13',	711),
(712,	0,	1,	1,	1,	0,	0,	0,	'2018-06-04 11:34:09',	'2018-06-07 10:24:13',	712),
(713,	0,	1,	1,	1,	0,	0,	0,	'2018-06-04 11:34:09',	'2018-06-07 10:24:13',	713),
(714,	0,	1,	1,	1,	0,	0,	0,	'2018-06-04 11:34:09',	'2018-06-07 10:24:13',	714),
(715,	0,	1,	1,	1,	0,	0,	0,	'2018-06-04 11:34:09',	'2018-06-07 10:24:13',	715),
(716,	0,	1,	1,	1,	0,	0,	0,	'2018-06-04 11:34:09',	'2018-06-07 10:24:13',	716),
(717,	0,	1,	1,	1,	0,	0,	0,	'2018-06-04 11:34:09',	'2018-06-07 10:24:13',	717),
(718,	0,	1,	1,	1,	0,	0,	0,	'2018-06-04 11:34:09',	'2018-06-07 10:24:13',	718),
(719,	0,	1,	1,	1,	1,	0,	0,	'2018-06-04 11:34:09',	'2018-06-07 10:24:13',	719),
(720,	0,	1,	1,	1,	0,	0,	0,	'2018-06-04 11:34:09',	'2018-06-07 10:24:13',	720),
(721,	0,	1,	1,	1,	0,	0,	0,	'2018-06-04 11:34:09',	'2018-06-07 10:24:13',	721),
(722,	0,	1,	1,	1,	0,	0,	0,	'2018-06-04 11:34:09',	'2018-06-07 10:24:13',	722),
(723,	0,	1,	1,	1,	0,	0,	0,	'2018-06-04 11:34:09',	'2018-06-07 10:24:13',	723),
(724,	0,	1,	1,	1,	1,	1,	0,	'2018-06-04 11:34:09',	'2018-06-07 10:24:13',	724),
(725,	0,	1,	1,	1,	0,	0,	0,	'2018-06-04 11:34:09',	'2018-06-07 10:24:13',	725),
(726,	0,	1,	1,	1,	1,	1,	0,	'2018-06-04 11:34:09',	'2018-06-07 10:24:13',	726),
(727,	0,	1,	1,	1,	1,	0,	0,	'2018-06-04 11:34:09',	'2018-06-07 10:24:13',	727),
(728,	0,	1,	1,	1,	1,	1,	0,	'2018-06-04 11:34:09',	'2018-06-07 10:24:13',	728);

DROP TABLE IF EXISTS `migrations`;
CREATE TABLE `migrations` (
  `id` int(10) unsigned NOT NULL AUTO_INCREMENT,
  `migration` varchar(255) COLLATE utf8_unicode_ci NOT NULL,
  `batch` int(11) NOT NULL,
  PRIMARY KEY (`id`)
) ENGINE=InnoDB DEFAULT CHARSET=utf8 COLLATE=utf8_unicode_ci;

INSERT INTO `migrations` (`id`, `migration`, `batch`) VALUES
(1,	'2016_03_08_164317_create_users_table',	1),
(2,	'2016_03_08_164400_create_password_resets_table',	1),
(3,	'2018_05_09_092630_create_lunch_patterns_table',	2),
(4,	'2018_05_09_092724_create_persons_table',	2),
(5,	'2018_05_09_093317_create_enviroments_table',	2),
(6,	'2018_05_09_093424_create_students_table',	2),
(7,	'2018_05_09_094049_create_record_father_table',	2),
(8,	'2018_05_09_094225_create_money_values_table',	2),
(9,	'2018_05_09_094803_create_record_children_table',	2),
(10,	'2018_05_09_162442_invert_person_and_pattern_realtionship',	2),
(11,	'2018_05_09_163124_add_classroom_column_students',	2),
(12,	'2018_05_09_163232_remove_name_column_students',	2),
(13,	'2018_05_09_163758_add_default_photo_column_persons_table',	2),
(14,	'2018_05_09_164316_classroom_column_nullable_students_table',	2),
(15,	'2018_05_11_210011_remove_deleted_at_students_table',	2),
(16,	'2018_05_11_210413_remove_classroom_column__students_table',	2),
(17,	'2018_05_12_163454_change_money_values_table',	2),
(18,	'2018_05_12_165907_set_enviroment_id_nullable_payment_types_table',	2),
(19,	'2018_05_19_150540_create_dinner_patterns_table',	2),
(20,	'2018_06_04_164254_delete_dinner_pattern_table',	3),
(21,	'2018_06_05_142506_create_classes_table',	4),
(22,	'2018_06_05_142859_assoc_students_table_classes_table',	4),
(23,	'2018_06_07_134935_add_roles_column_user_table',	5);

DROP TABLE IF EXISTS `password_resets`;
CREATE TABLE `password_resets` (
  `email` varchar(255) COLLATE utf8_unicode_ci NOT NULL,
  `token` varchar(255) COLLATE utf8_unicode_ci NOT NULL,
  `created_at` timestamp NOT NULL DEFAULT CURRENT_TIMESTAMP ON UPDATE CURRENT_TIMESTAMP,
  KEY `password_resets_email_index` (`email`),
  KEY `password_resets_token_index` (`token`)
) ENGINE=InnoDB DEFAULT CHARSET=utf8 COLLATE=utf8_unicode_ci;


DROP TABLE IF EXISTS `payment_types`;
CREATE TABLE `payment_types` (
  `id` int(10) unsigned NOT NULL AUTO_INCREMENT,
  `value` double(8,2) NOT NULL,
  `created_at` timestamp NULL DEFAULT NULL,
  `updated_at` timestamp NULL DEFAULT NULL,
  `type` varchar(255) COLLATE utf8_unicode_ci NOT NULL,
  `enviroment_id` int(10) unsigned DEFAULT NULL,
  PRIMARY KEY (`id`),
  KEY `payment_types_enviroment_id_foreign` (`enviroment_id`),
  CONSTRAINT `payment_types_enviroment_id_foreign` FOREIGN KEY (`enviroment_id`) REFERENCES `enviroments` (`id`)
) ENGINE=InnoDB DEFAULT CHARSET=utf8 COLLATE=utf8_unicode_ci;

INSERT INTO `payment_types` (`id`, `value`, `created_at`, `updated_at`, `type`, `enviroment_id`) VALUES
(1,	7.75,	'2018-06-04 11:33:12',	'2018-06-04 11:33:12',	'byEnviroment',	1),
(2,	7.75,	'2018-06-04 11:33:12',	'2018-06-04 11:33:12',	'byPerson',	1);

DROP TABLE IF EXISTS `persons`;
CREATE TABLE `persons` (
  `id` int(10) unsigned NOT NULL AUTO_INCREMENT,
  `name` varchar(255) COLLATE utf8_unicode_ci NOT NULL,
  `photo` varchar(255) COLLATE utf8_unicode_ci DEFAULT 'qrcode',
  `created_at` timestamp NULL DEFAULT NULL,
  `updated_at` timestamp NULL DEFAULT NULL,
  `deleted_at` timestamp NULL DEFAULT NULL,
  PRIMARY KEY (`id`)
) ENGINE=InnoDB DEFAULT CHARSET=utf8 COLLATE=utf8_unicode_ci;

INSERT INTO `persons` (`id`, `name`, `photo`, `created_at`, `updated_at`, `deleted_at`) VALUES
(1,	'Adriana Montibelli',	'qrcode',	'2018-06-04 11:34:06',	'2018-06-04 11:34:06',	NULL),
(2,	'Amanda Dartora',	'qrcode',	'2018-06-04 11:34:06',	'2018-06-04 11:34:06',	NULL),
(3,	'Andressa Oliveira Machado',	'qrcode',	'2018-06-04 11:34:06',	'2018-06-04 11:34:06',	NULL),
(4,	'Breno Ferreira',	'qrcode',	'2018-06-04 11:34:06',	'2018-06-04 11:34:06',	NULL),
(5,	'Bruna Da Costa Faenello',	'qrcode',	'2018-06-04 11:34:06',	'2018-06-04 11:34:06',	NULL),
(6,	'Bruna Martins Germano',	'qrcode',	'2018-06-04 11:34:06',	'2018-06-04 11:34:06',	NULL),
(7,	'Bruna Mifune Ribeiro',	'qrcode',	'2018-06-04 11:34:06',	'2018-06-04 11:34:06',	NULL),
(8,	'Camilly Vitria Miranda De Oliveira',	'qrcode',	'2018-06-04 11:34:06',	'2018-06-04 11:34:06',	NULL),
(9,	'Carla Beatriz Dias',	'qrcode',	'2018-06-04 11:34:06',	'2018-06-04 11:34:06',	NULL),
(10,	'Carlos Cezar Borba Neto',	'qrcode',	'2018-06-04 11:34:06',	'2018-06-04 11:34:06',	NULL),
(11,	'Cauan Rosa Bernardo',	'qrcode',	'2018-06-04 11:34:06',	'2018-06-04 11:34:06',	NULL),
(12,	'Daphine Emanuelle Silveira',	'qrcode',	'2018-06-04 11:34:06',	'2018-06-04 11:34:06',	NULL),
(13,	'Gabriel Flores Momm',	'qrcode',	'2018-06-04 11:34:06',	'2018-06-04 11:34:06',	NULL),
(14,	'Gabriely Borges',	'qrcode',	'2018-06-04 11:34:06',	'2018-06-04 11:34:06',	NULL),
(15,	'Helen Cristina Lembeck Maciel',	'qrcode',	'2018-06-04 11:34:06',	'2018-06-04 11:34:06',	NULL),
(16,	'Jehnyffer Julia Bittelbrunn',	'qrcode',	'2018-06-04 11:34:06',	'2018-06-04 11:34:06',	NULL),
(17,	'Jenifer Rodrigues Machado',	'qrcode',	'2018-06-04 11:34:06',	'2018-06-04 11:34:06',	NULL),
(18,	'Jhonny Steffen',	'qrcode',	'2018-06-04 11:34:06',	'2018-06-04 11:34:06',	NULL),
(19,	'Julia Ester Menegazzo',	'qrcode',	'2018-06-04 11:34:06',	'2018-06-04 11:34:06',	NULL),
(20,	'Lais De Souza',	'qrcode',	'2018-06-04 11:34:06',	'2018-06-04 11:34:06',	NULL),
(21,	'Larissa Nicole Germano Sacenti',	'qrcode',	'2018-06-04 11:34:06',	'2018-06-04 11:34:06',	NULL),
(22,	'Lauro Jonas De Oliveira Junior',	'qrcode',	'2018-06-04 11:34:06',	'2018-06-04 11:34:06',	NULL),
(23,	'Leandro Alexandre Lohn',	'qrcode',	'2018-06-04 11:34:06',	'2018-06-04 11:34:06',	NULL),
(24,	'Lecian Mrio Mutschaewski De Souza',	'qrcode',	'2018-06-04 11:34:06',	'2018-06-04 11:34:06',	NULL),
(25,	'Luana Reinert de Souza',	'qrcode',	'2018-06-04 11:34:06',	'2018-06-04 11:34:06',	NULL),
(26,	'Luca Carvalho Da Silva',	'qrcode',	'2018-06-04 11:34:06',	'2018-06-04 11:34:06',	NULL),
(27,	'Luiza Eduarda Longarete da Silva',	'qrcode',	'2018-06-04 11:34:06',	'2018-06-04 11:34:06',	NULL),
(28,	'Mahyara Luiza dos Santos',	'qrcode',	'2018-06-04 11:34:06',	'2018-06-04 11:34:06',	NULL),
(29,	'Maria Eduarda Ramos Albano',	'qrcode',	'2018-06-04 11:34:06',	'2018-06-04 11:34:06',	NULL),
(30,	'Maria Eduarda Vieira',	'qrcode',	'2018-06-04 11:34:06',	'2018-06-04 11:34:06',	NULL),
(31,	'Mateus Henrique Mrias (RET)',	'qrcode',	'2018-06-04 11:34:07',	'2018-06-04 11:34:07',	NULL),
(32,	'Nicolle da Roza Hasse',	'qrcode',	'2018-06-04 11:34:07',	'2018-06-04 11:34:07',	NULL),
(33,	'Pablo Henrique Barbosa Carneiro',	'qrcode',	'2018-06-04 11:34:07',	'2018-06-04 11:34:07',	NULL),
(34,	'Rabeche Nykole do Nascimento',	'qrcode',	'2018-06-04 11:34:07',	'2018-06-04 11:34:07',	NULL),
(35,	'Rebeca Radke',	'qrcode',	'2018-06-04 11:34:07',	'2018-06-04 11:34:07',	NULL),
(36,	'Thaysa Dalpiaz',	'qrcode',	'2018-06-04 11:34:07',	'2018-06-04 11:34:07',	NULL),
(37,	'Vinicius Wilian Afelis Nardes',	'qrcode',	'2018-06-04 11:34:07',	'2018-06-04 11:34:07',	NULL),
(38,	'Vitria Iradi Schmoller',	'qrcode',	'2018-06-04 11:34:07',	'2018-06-04 11:34:07',	NULL),
(39,	'Wallace Camilo do Amarante',	'qrcode',	'2018-06-04 11:34:07',	'2018-06-04 11:34:07',	NULL),
(40,	'Adilson Pavarin Jnior',	'qrcode',	'2018-06-04 11:34:07',	'2018-06-04 11:34:07',	NULL),
(41,	'Adriano Nunes Da Silva',	'qrcode',	'2018-06-04 11:34:07',	'2018-06-04 11:34:07',	NULL),
(42,	'Aim Mller Correia Dos Santos',	'qrcode',	'2018-06-04 11:34:07',	'2018-06-04 11:34:07',	NULL),
(43,	'Amabille Fagundes Osti',	'qrcode',	'2018-06-04 11:34:07',	'2018-06-04 11:34:07',	NULL),
(44,	'Amanda Francine Janing',	'qrcode',	'2018-06-04 11:34:07',	'2018-06-04 11:34:07',	NULL),
(45,	'Ana Paula Albrecht',	'qrcode',	'2018-06-04 11:34:07',	'2018-06-04 11:34:07',	NULL),
(46,	'Andrilia Heiler',	'qrcode',	'2018-06-04 11:34:07',	'2018-06-04 11:34:07',	NULL),
(47,	'Beatriz Adelia Vieira',	'qrcode',	'2018-06-04 11:34:07',	'2018-06-04 11:34:07',	NULL),
(48,	'Bruna Leffler',	'qrcode',	'2018-06-04 11:34:07',	'2018-06-04 11:34:07',	NULL),
(49,	'Bruna Suelen Pereira',	'qrcode',	'2018-06-04 11:34:07',	'2018-06-04 11:34:07',	NULL),
(50,	'Carlos Eduardo Ellmer',	'qrcode',	'2018-06-04 11:34:07',	'2018-06-04 11:34:07',	NULL),
(51,	'Cintia Elen Nascimento Chaves',	'qrcode',	'2018-06-04 11:34:07',	'2018-06-04 11:34:07',	NULL),
(52,	'Dbora Cristina Dias',	'qrcode',	'2018-06-04 11:34:07',	'2018-06-04 11:34:07',	NULL),
(53,	'Douglas Strey',	'qrcode',	'2018-06-04 11:34:07',	'2018-06-04 11:34:07',	NULL),
(54,	'Ellen Krger',	'qrcode',	'2018-06-04 11:34:07',	'2018-06-04 11:34:07',	NULL),
(55,	'Gabriel Batistella De Espindola',	'qrcode',	'2018-06-04 11:34:07',	'2018-06-04 11:34:07',	NULL),
(56,	'Gabriela Carara',	'qrcode',	'2018-06-04 11:34:07',	'2018-06-04 11:34:07',	NULL),
(57,	'Giovana Eloisa Maia Soares',	'qrcode',	'2018-06-04 11:34:07',	'2018-06-04 11:34:07',	NULL),
(58,	'Giovanna Fernandes',	'qrcode',	'2018-06-04 11:34:07',	'2018-06-04 11:34:07',	NULL),
(59,	'Gisele De Brito Dos Santos',	'qrcode',	'2018-06-04 11:34:07',	'2018-06-04 11:34:07',	NULL),
(60,	'Helena Freitas De Amaral',	'qrcode',	'2018-06-04 11:34:07',	'2018-06-04 11:34:07',	NULL),
(61,	'Jssica Siladji Maieski',	'qrcode',	'2018-06-04 11:34:07',	'2018-06-04 11:34:07',	NULL),
(62,	'Joo Paulo Anastcio Porta',	'qrcode',	'2018-06-04 11:34:07',	'2018-06-04 11:34:07',	NULL),
(63,	'Jordana Ferreira Justiniano de Souza',	'qrcode',	'2018-06-04 11:34:07',	'2018-06-04 11:34:07',	NULL),
(64,	'Julia Pabst Anastcio',	'qrcode',	'2018-06-04 11:34:07',	'2018-06-04 11:34:07',	NULL),
(65,	'Kelwyn Eduardo Silva Loos',	'qrcode',	'2018-06-04 11:34:07',	'2018-06-04 11:34:07',	NULL),
(66,	'Khetlyn Silva Loos',	'qrcode',	'2018-06-04 11:34:07',	'2018-06-04 11:34:07',	NULL),
(67,	'Laura Selner Brietzig',	'qrcode',	'2018-06-04 11:34:07',	'2018-06-04 11:34:07',	NULL),
(68,	'Lucas Rafael Santana',	'qrcode',	'2018-06-04 11:34:07',	'2018-06-04 11:34:07',	NULL),
(69,	'Maiara Lopes Toniote',	'qrcode',	'2018-06-04 11:34:07',	'2018-06-04 11:34:07',	NULL),
(70,	'Marcos Tirone Kruger',	'qrcode',	'2018-06-04 11:34:07',	'2018-06-04 11:34:07',	NULL),
(71,	'Maria Eduarda Dos Santos',	'qrcode',	'2018-06-04 11:34:07',	'2018-06-04 11:34:07',	NULL),
(72,	'Marlon Marcelo Soares',	'qrcode',	'2018-06-04 11:34:07',	'2018-06-04 11:34:07',	NULL),
(73,	'Melania Ligia Alves',	'qrcode',	'2018-06-04 11:34:07',	'2018-06-04 11:34:07',	NULL),
(74,	'Ohana Cristina Da Silva',	'qrcode',	'2018-06-04 11:34:07',	'2018-06-04 11:34:07',	NULL),
(75,	'Pamela Zelinda Prmoli',	'qrcode',	'2018-06-04 11:34:07',	'2018-06-04 11:34:07',	NULL),
(76,	'Peterson Gustavo Da Silva',	'qrcode',	'2018-06-04 11:34:07',	'2018-06-04 11:34:07',	NULL),
(77,	'Ruan Monteiro Do Nascimento',	'qrcode',	'2018-06-04 11:34:07',	'2018-06-04 11:34:07',	NULL),
(78,	'Thiago da Costa Paulina',	'qrcode',	'2018-06-04 11:34:07',	'2018-06-04 11:34:07',	NULL),
(79,	'Weslei Fagundes',	'qrcode',	'2018-06-04 11:34:07',	'2018-06-04 11:34:07',	NULL),
(80,	'Yasmin Hoffman',	'qrcode',	'2018-06-04 11:34:07',	'2018-06-04 11:34:07',	NULL),
(81,	'Alisson Alvino Abreu',	'qrcode',	'2018-06-04 11:34:07',	'2018-06-04 11:34:07',	NULL),
(82,	'Allan Nakalski',	'qrcode',	'2018-06-04 11:34:07',	'2018-06-04 11:34:07',	NULL),
(83,	'Amanda Ftima Hostin',	'qrcode',	'2018-06-04 11:34:07',	'2018-06-04 11:34:07',	NULL),
(84,	'Ana Heloisa Leonel Grecco',	'qrcode',	'2018-06-04 11:34:07',	'2018-06-04 11:34:07',	NULL),
(85,	'Anamaia Demutris Miranda',	'qrcode',	'2018-06-04 11:34:07',	'2018-06-04 11:34:07',	NULL),
(86,	'Andriele Adriane Mira',	'qrcode',	'2018-06-04 11:34:07',	'2018-06-04 11:34:07',	NULL),
(87,	'Arthur Roque Funk',	'qrcode',	'2018-06-04 11:34:07',	'2018-06-04 11:34:07',	NULL),
(88,	'Caroline De Souza Tobias',	'qrcode',	'2018-06-04 11:34:07',	'2018-06-04 11:34:07',	NULL),
(89,	'Flavio Alberto Silveira',	'qrcode',	'2018-06-04 11:34:07',	'2018-06-04 11:34:07',	NULL),
(90,	'Glria Emanuele Reis de Jesus',	'qrcode',	'2018-06-04 11:34:07',	'2018-06-04 11:34:07',	NULL),
(91,	'Gracyele De Oliveira',	'qrcode',	'2018-06-04 11:34:07',	'2018-06-04 11:34:07',	NULL),
(92,	'Heloisa Do Amaral Mafra',	'qrcode',	'2018-06-04 11:34:07',	'2018-06-04 11:34:07',	NULL),
(93,	'Joo Luis Oliveira Tedesco',	'qrcode',	'2018-06-04 11:34:07',	'2018-06-04 11:34:07',	NULL),
(94,	'Joo Victor Galvan',	'qrcode',	'2018-06-04 11:34:07',	'2018-06-04 11:34:07',	NULL),
(95,	'Laiane Mariana de Paula Pitta',	'qrcode',	'2018-06-04 11:34:07',	'2018-06-04 11:34:07',	NULL),
(96,	'Lais Soares Da Silva',	'qrcode',	'2018-06-04 11:34:07',	'2018-06-04 11:34:07',	NULL),
(97,	'Louise Gabrielli Loureno',	'qrcode',	'2018-06-04 11:34:07',	'2018-06-04 11:34:07',	NULL),
(98,	'Luiza Antes De Salves',	'qrcode',	'2018-06-04 11:34:07',	'2018-06-04 11:34:07',	NULL),
(99,	'Maisa Kraisch',	'qrcode',	'2018-06-04 11:34:07',	'2018-06-04 11:34:07',	NULL),
(100,	'Manoela Hoffmann Luciano',	'qrcode',	'2018-06-04 11:34:07',	'2018-06-04 11:34:07',	NULL),
(101,	'Marcela Souza Peres',	'qrcode',	'2018-06-04 11:34:07',	'2018-06-04 11:34:07',	NULL),
(102,	'Maria Eduarda Da Silva Jaques',	'qrcode',	'2018-06-04 11:34:07',	'2018-06-04 11:34:07',	NULL),
(103,	'Maria Eduarda Lri Amorim dos Santos',	'qrcode',	'2018-06-04 11:34:07',	'2018-06-04 11:34:07',	NULL),
(104,	'Maria Gabriella Delfino',	'qrcode',	'2018-06-04 11:34:07',	'2018-06-04 11:34:07',	NULL),
(105,	'Mariana Schmitt De Oliveira',	'qrcode',	'2018-06-04 11:34:07',	'2018-06-04 11:34:07',	NULL),
(106,	'Marina Peters Ruiz',	'qrcode',	'2018-06-04 11:34:07',	'2018-06-04 11:34:07',	NULL),
(107,	'Mateus Reginaldo Sarmento Rodrigues',	'qrcode',	'2018-06-04 11:34:07',	'2018-06-04 11:34:07',	NULL),
(108,	'Michele Malaquias da Costa',	'qrcode',	'2018-06-04 11:34:07',	'2018-06-04 11:34:07',	NULL),
(109,	'Nathalia Eduarda Mayevski',	'qrcode',	'2018-06-04 11:34:07',	'2018-06-04 11:34:07',	NULL),
(110,	'Nicolas De Goes Pereira',	'qrcode',	'2018-06-04 11:34:07',	'2018-06-04 11:34:07',	NULL),
(111,	'Paulo Antonio Pereira Rodrigues Bezerra',	'qrcode',	'2018-06-04 11:34:07',	'2018-06-04 11:34:07',	NULL),
(112,	'Rafaela Coelho',	'qrcode',	'2018-06-04 11:34:07',	'2018-06-04 11:34:07',	NULL),
(113,	'Rodrigo de Oliveira',	'qrcode',	'2018-06-04 11:34:07',	'2018-06-04 11:34:07',	NULL),
(114,	'Samantha Emiliana Spichak',	'qrcode',	'2018-06-04 11:34:07',	'2018-06-04 11:34:07',	NULL),
(115,	'Talita Bruna De Freitas',	'qrcode',	'2018-06-04 11:34:07',	'2018-06-04 11:34:07',	NULL),
(116,	'Taynara Martins',	'qrcode',	'2018-06-04 11:34:07',	'2018-06-04 11:34:07',	NULL),
(117,	'Vitria Gabriele Rincawetscki De Santana',	'qrcode',	'2018-06-04 11:34:07',	'2018-06-04 11:34:07',	NULL),
(118,	'Vitoria Oliveira Dos Santos',	'qrcode',	'2018-06-04 11:34:07',	'2018-06-04 11:34:07',	NULL),
(119,	'Yasmin Soares Forte',	'qrcode',	'2018-06-04 11:34:07',	'2018-06-04 11:34:07',	NULL),
(120,	'Alexia Carolina Cara',	'qrcode',	'2018-06-04 11:34:07',	'2018-06-04 11:34:07',	NULL),
(121,	'Aramis Bruczeck Ruthes',	'qrcode',	'2018-06-04 11:34:07',	'2018-06-04 11:34:07',	NULL),
(122,	'Bruna Vidal de Assis',	'qrcode',	'2018-06-04 11:34:07',	'2018-06-04 11:34:07',	NULL),
(123,	'Bruno Cidral',	'qrcode',	'2018-06-04 11:34:07',	'2018-06-04 11:34:07',	NULL),
(124,	'Camila Wensiboski da Costa',	'qrcode',	'2018-06-04 11:34:07',	'2018-06-04 11:34:07',	NULL),
(125,	'Caroline Brunhorotto Vedoveto',	'qrcode',	'2018-06-04 11:34:07',	'2018-06-04 11:34:07',	NULL),
(126,	'Daniel Willian Saibert de Almeida',	'qrcode',	'2018-06-04 11:34:07',	'2018-06-04 11:34:07',	NULL),
(127,	'Ederson Havrelhuk',	'qrcode',	'2018-06-04 11:34:07',	'2018-06-04 11:34:07',	NULL),
(128,	'Elora Cristina Beiler',	'qrcode',	'2018-06-04 11:34:07',	'2018-06-04 11:34:07',	NULL),
(129,	'Emily Luana Deucher de Oliveira',	'qrcode',	'2018-06-04 11:34:07',	'2018-06-04 11:34:07',	NULL),
(130,	'Fabio Rodrigues Machado Junior',	'qrcode',	'2018-06-04 11:34:07',	'2018-06-04 11:34:07',	NULL),
(131,	'Gabriel Alves de Souza',	'qrcode',	'2018-06-04 11:34:07',	'2018-06-04 11:34:07',	NULL),
(132,	'Geverson Schmedler',	'qrcode',	'2018-06-04 11:34:07',	'2018-06-04 11:34:07',	NULL),
(133,	'Giovanna Paola Macedo Lindemann',	'qrcode',	'2018-06-04 11:34:07',	'2018-06-04 11:34:07',	NULL),
(134,	'Gustavo Simas',	'qrcode',	'2018-06-04 11:34:07',	'2018-06-04 11:34:07',	NULL),
(135,	'Helena Ruggeri Kutscher de Oliveira',	'qrcode',	'2018-06-04 11:34:07',	'2018-06-04 11:34:07',	NULL),
(136,	'Helosa Girardi Pereira',	'qrcode',	'2018-06-04 11:34:07',	'2018-06-04 11:34:07',	NULL),
(137,	'Jssica Quintino',	'qrcode',	'2018-06-04 11:34:07',	'2018-06-04 11:34:07',	NULL),
(138,	'Joana Mari da Conceio',	'qrcode',	'2018-06-04 11:34:07',	'2018-06-04 11:34:07',	NULL),
(139,	'Joo Victor Donida Furtado',	'qrcode',	'2018-06-04 11:34:07',	'2018-06-04 11:34:07',	NULL),
(140,	'Julia Sofia da Conceio',	'qrcode',	'2018-06-04 11:34:07',	'2018-06-04 11:34:07',	NULL),
(141,	'Lucas Francisco Olczyk',	'qrcode',	'2018-06-04 11:34:07',	'2018-06-04 11:34:07',	NULL),
(142,	'Lucelia Vieira',	'qrcode',	'2018-06-04 11:34:07',	'2018-06-04 11:34:07',	NULL),
(143,	'Maria Eduarda Lino',	'qrcode',	'2018-06-04 11:34:07',	'2018-06-04 11:34:07',	NULL),
(144,	'Maria Eduarda Saramento',	'qrcode',	'2018-06-04 11:34:07',	'2018-06-04 11:34:07',	NULL),
(145,	'Marina Cardoso Ocampo',	'qrcode',	'2018-06-04 11:34:07',	'2018-06-04 11:34:07',	NULL),
(146,	'Richard Eduardo da Silveira',	'qrcode',	'2018-06-04 11:34:07',	'2018-06-04 11:34:07',	NULL),
(147,	'Suzana Varela Bueno de Oliveira',	'qrcode',	'2018-06-04 11:34:07',	'2018-06-04 11:34:07',	NULL),
(148,	'Victor Boldori Duarte',	'qrcode',	'2018-06-04 11:34:07',	'2018-06-04 11:34:07',	NULL),
(149,	'Vivian Emanuelle Rocha',	'qrcode',	'2018-06-04 11:34:07',	'2018-06-04 11:34:07',	NULL),
(150,	'Willian Urbanovicz',	'qrcode',	'2018-06-04 11:34:07',	'2018-06-04 11:34:07',	NULL),
(151,	'Adrieli Cherpinski',	'qrcode',	'2018-06-04 11:34:07',	'2018-06-04 11:34:07',	NULL),
(152,	'ghata Emiliane Mazonas Coelho',	'qrcode',	'2018-06-04 11:34:07',	'2018-06-04 11:34:07',	NULL),
(153,	'Allana Cristina Coppi',	'qrcode',	'2018-06-04 11:34:07',	'2018-06-04 11:34:07',	NULL),
(154,	'Amanda Batista Schirmer',	'qrcode',	'2018-06-04 11:34:07',	'2018-06-04 11:34:07',	NULL),
(155,	'Emanuela de Souza',	'qrcode',	'2018-06-04 11:34:07',	'2018-06-04 11:34:07',	NULL),
(156,	'Fernanda Kohn',	'qrcode',	'2018-06-04 11:34:07',	'2018-06-04 11:34:07',	NULL),
(157,	'Gabriela Inacio Giovanela',	'qrcode',	'2018-06-04 11:34:07',	'2018-06-04 11:34:07',	NULL),
(158,	'Henrique Warmeling Benvenutti',	'qrcode',	'2018-06-04 11:34:07',	'2018-06-04 11:34:07',	NULL),
(159,	'Joo Pedro Wilbert',	'qrcode',	'2018-06-04 11:34:07',	'2018-06-04 11:34:07',	NULL),
(160,	'Larissa Mkfa Duarte',	'qrcode',	'2018-06-04 11:34:07',	'2018-06-04 11:34:07',	NULL),
(161,	'Larissa Stockhausen',	'qrcode',	'2018-06-04 11:34:07',	'2018-06-04 11:34:07',	NULL),
(162,	'Leonardo Cerchiari Vieira',	'qrcode',	'2018-06-04 11:34:07',	'2018-06-04 11:34:07',	NULL),
(163,	'Leticia Vitria da Silva',	'qrcode',	'2018-06-04 11:34:07',	'2018-06-04 11:34:07',	NULL),
(164,	'Lucas Lickfett Rodrigues',	'qrcode',	'2018-06-04 11:34:07',	'2018-06-04 11:34:07',	NULL),
(165,	'Marcos Paulo Erhardt de Oliveira',	'qrcode',	'2018-06-04 11:34:07',	'2018-06-04 11:34:07',	NULL),
(166,	'Maria Eduarda de Souza',	'qrcode',	'2018-06-04 11:34:07',	'2018-06-04 11:34:07',	NULL),
(167,	'Maria Eduarda Jaques',	'qrcode',	'2018-06-04 11:34:07',	'2018-06-04 11:34:07',	NULL),
(168,	'Michel Lus Rohr',	'qrcode',	'2018-06-04 11:34:07',	'2018-06-04 11:34:07',	NULL),
(169,	'Miguel Thomasi Acrdi',	'qrcode',	'2018-06-04 11:34:07',	'2018-06-04 11:34:07',	NULL),
(170,	'Morgana da Silva',	'qrcode',	'2018-06-04 11:34:07',	'2018-06-04 11:34:07',	NULL),
(171,	'Ncolas Vieira Train',	'qrcode',	'2018-06-04 11:34:07',	'2018-06-04 11:34:07',	NULL),
(172,	'Nicole Faust Felipe',	'qrcode',	'2018-06-04 11:34:07',	'2018-06-04 11:34:07',	NULL),
(173,	'Nilo Ramos da Silva Neto',	'qrcode',	'2018-06-04 11:34:07',	'2018-06-04 11:34:07',	NULL),
(174,	'Paola Vitria Bratti',	'qrcode',	'2018-06-04 11:34:07',	'2018-06-04 11:34:07',	NULL),
(175,	'Thales Ruan Rodrigues',	'qrcode',	'2018-06-04 11:34:07',	'2018-06-04 11:34:07',	NULL),
(176,	'Victoria Bueno Pires',	'qrcode',	'2018-06-04 11:34:07',	'2018-06-04 11:34:07',	NULL),
(177,	'Vitria Cristina Fortunato',	'qrcode',	'2018-06-04 11:34:07',	'2018-06-04 11:34:07',	NULL),
(178,	'Yasmim Diana Antunes',	'qrcode',	'2018-06-04 11:34:07',	'2018-06-04 11:34:07',	NULL),
(179,	'Amanda Ferreira Hoepfner',	'qrcode',	'2018-06-04 11:34:07',	'2018-06-04 11:34:07',	NULL),
(180,	'Anglica Francine da Silva',	'qrcode',	'2018-06-04 11:34:07',	'2018-06-04 11:34:07',	NULL),
(181,	'Bruna do Amaral Zimmer',	'qrcode',	'2018-06-04 11:34:07',	'2018-06-04 11:34:07',	NULL),
(182,	'Clara do Amaral Zimmer',	'qrcode',	'2018-06-04 11:34:07',	'2018-06-04 11:34:07',	NULL),
(183,	'Diane Sabrina dos Santos',	'qrcode',	'2018-06-04 11:34:07',	'2018-06-04 11:34:07',	NULL),
(184,	'Emanoele Nicle Rosa',	'qrcode',	'2018-06-04 11:34:07',	'2018-06-04 11:34:07',	NULL),
(185,	'Giovana Fagundes de Oliveira',	'qrcode',	'2018-06-04 11:34:07',	'2018-06-04 11:34:07',	NULL),
(186,	'Henrique Luis Poncio da Silva',	'qrcode',	'2018-06-04 11:34:07',	'2018-06-04 11:34:07',	NULL),
(187,	'Isabela Patricio Rodrigues',	'qrcode',	'2018-06-04 11:34:07',	'2018-06-04 11:34:07',	NULL),
(188,	'Jennyfer Talita Schimanoski',	'qrcode',	'2018-06-04 11:34:07',	'2018-06-04 11:34:07',	NULL),
(189,	'Jos Augusto Kamarowski',	'qrcode',	'2018-06-04 11:34:07',	'2018-06-04 11:34:07',	NULL),
(190,	'Katia Benk Azevedo',	'qrcode',	'2018-06-04 11:34:07',	'2018-06-04 11:34:07',	NULL),
(191,	'Lethicia Giese',	'qrcode',	'2018-06-04 11:34:07',	'2018-06-04 11:34:07',	NULL),
(192,	'Letcia da Silva',	'qrcode',	'2018-06-04 11:34:07',	'2018-06-04 11:34:07',	NULL),
(193,	'Lucas Rafael Kloczko',	'qrcode',	'2018-06-04 11:34:07',	'2018-06-04 11:34:07',	NULL),
(194,	'Lucas Schmidt Maia',	'qrcode',	'2018-06-04 11:34:07',	'2018-06-04 11:34:07',	NULL),
(195,	'Luciano Brske Pinto Junior',	'qrcode',	'2018-06-04 11:34:07',	'2018-06-04 11:34:07',	NULL),
(196,	'Maria Luiza Lana',	'qrcode',	'2018-06-04 11:34:07',	'2018-06-04 11:34:07',	NULL),
(197,	'Mariah Mafra Vargas',	'qrcode',	'2018-06-04 11:34:07',	'2018-06-04 11:34:07',	NULL),
(198,	'Mateus Pereira Jagielski',	'qrcode',	'2018-06-04 11:34:07',	'2018-06-04 11:34:07',	NULL),
(199,	'Morgana Luiz de Oliveira',	'qrcode',	'2018-06-04 11:34:07',	'2018-06-04 11:34:07',	NULL),
(200,	'Oberdan Moreira Felipe',	'qrcode',	'2018-06-04 11:34:07',	'2018-06-04 11:34:07',	NULL),
(201,	'Pedro Santos Teixeira',	'qrcode',	'2018-06-04 11:34:07',	'2018-06-04 11:34:07',	NULL),
(202,	'Rebca Maria Sarmento',	'qrcode',	'2018-06-04 11:34:07',	'2018-06-04 11:34:07',	NULL),
(203,	'Renan Carlos Rozin',	'qrcode',	'2018-06-04 11:34:07',	'2018-06-04 11:34:07',	NULL),
(204,	'Ruan Gustavo Marcolino Rankel',	'qrcode',	'2018-06-04 11:34:07',	'2018-06-04 11:34:07',	NULL),
(205,	'Samara Caroline Andrade',	'qrcode',	'2018-06-04 11:34:07',	'2018-06-04 11:34:07',	NULL),
(206,	'Vtor Sorgetz da Silva',	'qrcode',	'2018-06-04 11:34:07',	'2018-06-04 11:34:07',	NULL),
(207,	'Welliton Vieira Machado',	'qrcode',	'2018-06-04 11:34:07',	'2018-06-04 11:34:07',	NULL),
(208,	'Amanda Cristhyne Senderski',	'qrcode',	'2018-06-04 11:34:07',	'2018-06-04 11:34:07',	NULL),
(209,	'Angelo Antonio Cerchiari Vieira',	'qrcode',	'2018-06-04 11:34:07',	'2018-06-04 11:34:07',	NULL),
(210,	'Anisio Sofiatti Neto',	'qrcode',	'2018-06-04 11:34:07',	'2018-06-04 11:34:07',	NULL),
(211,	'Antonio Luiz Faruk de Souza',	'qrcode',	'2018-06-04 11:34:07',	'2018-06-04 11:34:07',	NULL),
(212,	'Eduarda Boroski',	'qrcode',	'2018-06-04 11:34:07',	'2018-06-04 11:34:07',	NULL),
(213,	'Eduardo Luis Alves de Jesus',	'qrcode',	'2018-06-04 11:34:07',	'2018-06-04 11:34:07',	NULL),
(214,	'Evelyn Garcia Carvalho',	'qrcode',	'2018-06-04 11:34:07',	'2018-06-04 11:34:07',	NULL),
(215,	'Fbio dos Santos da Silveira',	'qrcode',	'2018-06-04 11:34:07',	'2018-06-04 11:34:07',	NULL),
(216,	'Gabriel Burg',	'qrcode',	'2018-06-04 11:34:07',	'2018-06-04 11:34:07',	NULL),
(217,	'Gabriela Borges dos Santos',	'qrcode',	'2018-06-04 11:34:07',	'2018-06-04 11:34:07',	NULL),
(218,	'Gerson Baiyer',	'qrcode',	'2018-06-04 11:34:07',	'2018-06-04 11:34:07',	NULL),
(219,	'Grazille Elias',	'qrcode',	'2018-06-04 11:34:07',	'2018-06-04 11:34:07',	NULL),
(220,	'Guilherme Neitzel',	'qrcode',	'2018-06-04 11:34:07',	'2018-06-04 11:34:07',	NULL),
(221,	'Isabela Leopoldo de Lima',	'qrcode',	'2018-06-04 11:34:07',	'2018-06-04 11:34:07',	NULL),
(222,	'Jessica Luiza Tavares',	'qrcode',	'2018-06-04 11:34:07',	'2018-06-04 11:34:07',	NULL),
(223,	'Joo Antonio Silvano',	'qrcode',	'2018-06-04 11:34:07',	'2018-06-04 11:34:07',	NULL),
(224,	'Joo Gabriel da Silva',	'qrcode',	'2018-06-04 11:34:07',	'2018-06-04 11:34:07',	NULL),
(225,	'Julia Delmonego Hess',	'qrcode',	'2018-06-04 11:34:07',	'2018-06-04 11:34:07',	NULL),
(226,	'Julia Tavares',	'qrcode',	'2018-06-04 11:34:07',	'2018-06-04 11:34:07',	NULL),
(227,	'Las Becker Barbosa Lima',	'qrcode',	'2018-06-04 11:34:07',	'2018-06-04 11:34:07',	NULL),
(228,	'Lucas Lehm Oliare',	'qrcode',	'2018-06-04 11:34:07',	'2018-06-04 11:34:07',	NULL),
(229,	'Luiz Colzani Neto',	'qrcode',	'2018-06-04 11:34:07',	'2018-06-04 11:34:07',	NULL),
(230,	'Maiara Kipfer Ximendes',	'qrcode',	'2018-06-04 11:34:07',	'2018-06-04 11:34:07',	NULL),
(231,	'Marcus Vinicius de Souza Pereira',	'qrcode',	'2018-06-04 11:34:07',	'2018-06-04 11:34:07',	NULL),
(232,	'Maria Eduarda Lffler',	'qrcode',	'2018-06-04 11:34:07',	'2018-06-04 11:34:07',	NULL),
(233,	'Maria Eduarda Vieira',	'qrcode',	'2018-06-04 11:34:07',	'2018-06-04 11:34:07',	NULL),
(234,	'Maria Rita Kupicki',	'qrcode',	'2018-06-04 11:34:07',	'2018-06-04 11:34:07',	NULL),
(235,	'Maria Vitria Santos de Almeida',	'qrcode',	'2018-06-04 11:34:07',	'2018-06-04 11:34:07',	NULL),
(236,	'Mariana Eduarda Nemer',	'qrcode',	'2018-06-04 11:34:07',	'2018-06-04 11:34:07',	NULL),
(237,	'Poliana Kopitski',	'qrcode',	'2018-06-04 11:34:07',	'2018-06-04 11:34:07',	NULL),
(238,	'Sabrina de Mello de Vargas',	'qrcode',	'2018-06-04 11:34:07',	'2018-06-04 11:34:07',	NULL),
(239,	'Sarah Elizabeth Borba',	'qrcode',	'2018-06-04 11:34:07',	'2018-06-04 11:34:07',	NULL),
(240,	'Tain Costa Pacheco',	'qrcode',	'2018-06-04 11:34:07',	'2018-06-04 11:34:07',	NULL),
(241,	'Vilmar Braz Junior',	'qrcode',	'2018-06-04 11:34:07',	'2018-06-04 11:34:07',	NULL),
(242,	'Amanda Cristina Cunha',	'qrcode',	'2018-06-04 11:34:07',	'2018-06-04 11:34:07',	NULL),
(243,	'Ana Carolina dos Santos',	'qrcode',	'2018-06-04 11:34:07',	'2018-06-04 11:34:07',	NULL),
(244,	'Ana Luiza Luedke Barboza',	'qrcode',	'2018-06-04 11:34:07',	'2018-06-04 11:34:07',	NULL),
(245,	'Anderson Dalfovo',	'qrcode',	'2018-06-04 11:34:07',	'2018-06-04 11:34:07',	NULL),
(246,	'Antonio Henrique Gonalves',	'qrcode',	'2018-06-04 11:34:07',	'2018-06-04 11:34:07',	NULL),
(247,	'Brenda Warmeling Poffo',	'qrcode',	'2018-06-04 11:34:07',	'2018-06-04 11:34:07',	NULL),
(248,	'Bruna Zimmermann Luiz',	'qrcode',	'2018-06-04 11:34:07',	'2018-06-04 11:34:07',	NULL),
(249,	'Gabriel Decker',	'qrcode',	'2018-06-04 11:34:07',	'2018-06-04 11:34:07',	NULL),
(250,	'Gabriel dos Santos Torres',	'qrcode',	'2018-06-04 11:34:07',	'2018-06-04 11:34:07',	NULL),
(251,	'Geferson Bueno dos Santos',	'qrcode',	'2018-06-04 11:34:07',	'2018-06-04 11:34:07',	NULL),
(252,	'Gustavo dos Santos Torres',	'qrcode',	'2018-06-04 11:34:07',	'2018-06-04 11:34:07',	NULL),
(253,	'Igor Pfundner',	'qrcode',	'2018-06-04 11:34:07',	'2018-06-04 11:34:07',	NULL),
(254,	'Jefrey Allan Heinrich',	'qrcode',	'2018-06-04 11:34:07',	'2018-06-04 11:34:07',	NULL),
(255,	'Jssica Parrado Wulf',	'qrcode',	'2018-06-04 11:34:07',	'2018-06-04 11:34:07',	NULL),
(256,	'Larissa Nicole de Oliveira',	'qrcode',	'2018-06-04 11:34:07',	'2018-06-04 11:34:07',	NULL),
(257,	'Leonardo Gonalves de Souza',	'qrcode',	'2018-06-04 11:34:07',	'2018-06-04 11:34:07',	NULL),
(258,	'Letcia Graudin Moreno',	'qrcode',	'2018-06-04 11:34:07',	'2018-06-04 11:34:07',	NULL),
(259,	'Luan Marcel Weber',	'qrcode',	'2018-06-04 11:34:07',	'2018-06-04 11:34:07',	NULL),
(260,	'Luana Cristina Stefanes',	'qrcode',	'2018-06-04 11:34:07',	'2018-06-04 11:34:07',	NULL),
(261,	'Mateus de Souza',	'qrcode',	'2018-06-04 11:34:07',	'2018-06-04 11:34:07',	NULL),
(262,	'Nathalia Isabela Corrente',	'qrcode',	'2018-06-04 11:34:07',	'2018-06-04 11:34:07',	NULL),
(263,	'Poliana Carolina Pereira',	'qrcode',	'2018-06-04 11:34:07',	'2018-06-04 11:34:07',	NULL),
(264,	'Steffani da Luz',	'qrcode',	'2018-06-04 11:34:07',	'2018-06-04 11:34:07',	NULL),
(265,	'Vitria Gregianin',	'qrcode',	'2018-06-04 11:34:07',	'2018-06-04 11:34:07',	NULL),
(266,	'Yasmin Juliana Kosmann Fritz',	'qrcode',	'2018-06-04 11:34:07',	'2018-06-04 11:34:07',	NULL),
(267,	'Ana Livia Hille Alves',	'qrcode',	'2018-06-04 11:34:07',	'2018-06-04 11:34:07',	NULL),
(268,	'Brbara Carine da Silva Pinto',	'qrcode',	'2018-06-04 11:34:07',	'2018-06-04 11:34:07',	NULL),
(269,	'Carlos Daniel Salvador',	'qrcode',	'2018-06-04 11:34:07',	'2018-06-04 11:34:07',	NULL),
(270,	'Cleiton Gustavo Vargas',	'qrcode',	'2018-06-04 11:34:07',	'2018-06-04 11:34:07',	NULL),
(271,	'Daiane de Oliveira',	'qrcode',	'2018-06-04 11:34:07',	'2018-06-04 11:34:07',	NULL),
(272,	'Danili Broilo',	'qrcode',	'2018-06-04 11:34:07',	'2018-06-04 11:34:07',	NULL),
(273,	'Elizabete Camargo da Rocha',	'qrcode',	'2018-06-04 11:34:07',	'2018-06-04 11:34:07',	NULL),
(274,	'Emanuel de Almeida Teixeira',	'qrcode',	'2018-06-04 11:34:07',	'2018-06-04 11:34:07',	NULL),
(275,	'rika Paciello',	'qrcode',	'2018-06-04 11:34:07',	'2018-06-04 11:34:07',	NULL),
(276,	'Fabiula Iracema Khl de Freitas',	'qrcode',	'2018-06-04 11:34:07',	'2018-06-04 11:34:07',	NULL),
(277,	'Gabrielle Cristine de Oliveira',	'qrcode',	'2018-06-04 11:34:07',	'2018-06-04 11:34:07',	NULL),
(278,	'Gabrielly Clemente',	'qrcode',	'2018-06-04 11:34:07',	'2018-06-04 11:34:07',	NULL),
(279,	'Geovana Fagundes de Almeida',	'qrcode',	'2018-06-04 11:34:07',	'2018-06-04 11:34:07',	NULL),
(280,	'Graziane Machado',	'qrcode',	'2018-06-04 11:34:07',	'2018-06-04 11:34:07',	NULL),
(281,	'Isabelli Fernandes de Lima',	'qrcode',	'2018-06-04 11:34:07',	'2018-06-04 11:34:07',	NULL),
(282,	'Jlia Bez Batti Viana',	'qrcode',	'2018-06-04 11:34:07',	'2018-06-04 11:34:07',	NULL),
(283,	'Julia Bloemer',	'qrcode',	'2018-06-04 11:34:07',	'2018-06-04 11:34:07',	NULL),
(284,	'Juliana Rcio',	'qrcode',	'2018-06-04 11:34:07',	'2018-06-04 11:34:07',	NULL),
(285,	'Karina da Costa Cidral',	'qrcode',	'2018-06-04 11:34:08',	'2018-06-04 11:34:08',	NULL),
(286,	'Kauan Felipe Ivanchuk',	'qrcode',	'2018-06-04 11:34:08',	'2018-06-04 11:34:08',	NULL),
(287,	'Marielle Ponath Scheple',	'qrcode',	'2018-06-04 11:34:08',	'2018-06-04 11:34:08',	NULL),
(288,	'Milena Cristina da Maia',	'qrcode',	'2018-06-04 11:34:08',	'2018-06-04 11:34:08',	NULL),
(289,	'Raul Carlos Camargo',	'qrcode',	'2018-06-04 11:34:08',	'2018-06-04 11:34:08',	NULL),
(290,	'Rogrio Luiz de Oliveira',	'qrcode',	'2018-06-04 11:34:08',	'2018-06-04 11:34:08',	NULL),
(291,	'Rbia Soares Duarte',	'qrcode',	'2018-06-04 11:34:08',	'2018-06-04 11:34:08',	NULL),
(292,	'Talita Maiara Watzko',	'qrcode',	'2018-06-04 11:34:08',	'2018-06-04 11:34:08',	NULL),
(293,	'Thayane Cristina de Braga',	'qrcode',	'2018-06-04 11:34:08',	'2018-06-04 11:34:08',	NULL),
(294,	'Vctor dos Anjos Soares',	'qrcode',	'2018-06-04 11:34:08',	'2018-06-04 11:34:08',	NULL),
(295,	'Vitria Maria da Conceio Maxiniano',	'qrcode',	'2018-06-04 11:34:08',	'2018-06-04 11:34:08',	NULL),
(296,	'Amanda Miranda De Moraes',	'qrcode',	'2018-06-04 11:34:08',	'2018-06-04 11:34:08',	NULL),
(297,	'Amaro Cunha Miguel',	'qrcode',	'2018-06-04 11:34:08',	'2018-06-04 11:34:08',	NULL),
(298,	'Ana Clara Valentim',	'qrcode',	'2018-06-04 11:34:08',	'2018-06-04 11:34:08',	NULL),
(299,	'Ana Mileny de Souza Flix',	'qrcode',	'2018-06-04 11:34:08',	'2018-06-04 11:34:08',	NULL),
(300,	'Ana Paula Selhorst Vieira',	'qrcode',	'2018-06-04 11:34:08',	'2018-06-04 11:34:08',	NULL),
(301,	'Andr Luiz Betti',	'qrcode',	'2018-06-04 11:34:08',	'2018-06-04 11:34:08',	NULL),
(302,	'Carolina Rhuana Pontes',	'qrcode',	'2018-06-04 11:34:08',	'2018-06-04 11:34:08',	NULL),
(303,	'Cassia Thayssa Serafim',	'qrcode',	'2018-06-04 11:34:08',	'2018-06-04 11:34:08',	NULL),
(304,	'Cristian Prochnow',	'qrcode',	'2018-06-04 11:34:08',	'2018-06-04 11:34:08',	NULL),
(305,	'Eduardo Onofre',	'qrcode',	'2018-06-04 11:34:08',	'2018-06-04 11:34:08',	NULL),
(306,	'Erisson Campos',	'qrcode',	'2018-06-04 11:34:08',	'2018-06-04 11:34:08',	NULL),
(307,	'Esdras de Alencar Pinto',	'qrcode',	'2018-06-04 11:34:08',	'2018-06-04 11:34:08',	NULL),
(308,	'Felipe Batista Simas',	'qrcode',	'2018-06-04 11:34:08',	'2018-06-04 11:34:08',	NULL),
(309,	'Giliardi Higor Dias',	'qrcode',	'2018-06-04 11:34:08',	'2018-06-04 11:34:08',	NULL),
(310,	'Guilherme Ribeiro',	'qrcode',	'2018-06-04 11:34:08',	'2018-06-04 11:34:08',	NULL),
(311,	'Gustavo Mueller  Keiser',	'qrcode',	'2018-06-04 11:34:08',	'2018-06-04 11:34:08',	NULL),
(312,	'Igor Juan Ferreira',	'qrcode',	'2018-06-04 11:34:08',	'2018-06-04 11:34:08',	NULL),
(313,	'Iuri Souza Fernandes',	'qrcode',	'2018-06-04 11:34:08',	'2018-06-04 11:34:08',	NULL),
(314,	'Joseph Henrique De Lara Barreto',	'qrcode',	'2018-06-04 11:34:08',	'2018-06-04 11:34:08',	NULL),
(315,	'Larissa Askel',	'qrcode',	'2018-06-04 11:34:08',	'2018-06-04 11:34:08',	NULL),
(316,	'Leonardo Fransoze Soriani',	'qrcode',	'2018-06-04 11:34:08',	'2018-06-04 11:34:08',	NULL),
(317,	'Leticia Silva Budal',	'qrcode',	'2018-06-04 11:34:08',	'2018-06-04 11:34:08',	NULL),
(318,	'Luan Victor Correa Machado',	'qrcode',	'2018-06-04 11:34:08',	'2018-06-04 11:34:08',	NULL),
(319,	'Lucas Alves Bessa',	'qrcode',	'2018-06-04 11:34:08',	'2018-06-04 11:34:08',	NULL),
(320,	'Lucas Batista Simas',	'qrcode',	'2018-06-04 11:34:08',	'2018-06-04 11:34:08',	NULL),
(321,	'Lucas Crescencio',	'qrcode',	'2018-06-04 11:34:08',	'2018-06-04 11:34:08',	NULL),
(322,	'Lucas Matheus Weber',	'qrcode',	'2018-06-04 11:34:08',	'2018-06-04 11:34:08',	NULL),
(323,	'Lucas Viana',	'qrcode',	'2018-06-04 11:34:08',	'2018-06-04 11:34:08',	NULL),
(324,	'Maria Eduarda Da Silva',	'qrcode',	'2018-06-04 11:34:08',	'2018-06-04 11:34:08',	NULL),
(325,	'Maria Eduarda De Ftima Silveira De Souza Bauer',	'qrcode',	'2018-06-04 11:34:08',	'2018-06-04 11:34:08',	NULL),
(326,	'Matheus Vincius Miranda Braz',	'qrcode',	'2018-06-04 11:34:08',	'2018-06-04 11:34:08',	NULL),
(327,	'Maysa Eduarda Machado',	'qrcode',	'2018-06-04 11:34:08',	'2018-06-04 11:34:08',	NULL),
(328,	'Nicole Gabriele Gomes',	'qrcode',	'2018-06-04 11:34:08',	'2018-06-04 11:34:08',	NULL),
(329,	'Othavio Augusto Martello Souza',	'qrcode',	'2018-06-04 11:34:08',	'2018-06-04 11:34:08',	NULL),
(330,	'Thiago Mosca',	'qrcode',	'2018-06-04 11:34:08',	'2018-06-04 11:34:08',	NULL),
(331,	'Victor Hugo Schmidt',	'qrcode',	'2018-06-04 11:34:08',	'2018-06-04 11:34:08',	NULL),
(332,	'Vincius Gabriel Domaszak Maia',	'qrcode',	'2018-06-04 11:34:08',	'2018-06-04 11:34:08',	NULL),
(333,	'Wesley Antunes Negretti',	'qrcode',	'2018-06-04 11:34:08',	'2018-06-04 11:34:08',	NULL),
(334,	'Yasmin Devegili',	'qrcode',	'2018-06-04 11:34:08',	'2018-06-04 11:34:08',	NULL),
(335,	'Alexandre Henrik Santos Monteiro',	'qrcode',	'2018-06-04 11:34:08',	'2018-06-04 11:34:08',	NULL),
(336,	'Aline Luiza de Arajo',	'qrcode',	'2018-06-04 11:34:08',	'2018-06-04 11:34:08',	NULL),
(337,	'Anderson Schmoeller Marcolino',	'qrcode',	'2018-06-04 11:34:08',	'2018-06-04 11:34:08',	NULL),
(338,	'Breno Rezende',	'qrcode',	'2018-06-04 11:34:08',	'2018-06-04 11:34:08',	NULL),
(339,	'Caroline Bertelli De Mello',	'qrcode',	'2018-06-04 11:34:08',	'2018-06-04 11:34:08',	NULL),
(340,	'Cleiton Cesar Olszevski',	'qrcode',	'2018-06-04 11:34:08',	'2018-06-04 11:34:08',	NULL),
(341,	'Fernanda Isabelle De Moura Voigt',	'qrcode',	'2018-06-04 11:34:08',	'2018-06-04 11:34:08',	NULL),
(342,	'Gabriel de Frana dos Santos',	'qrcode',	'2018-06-04 11:34:08',	'2018-06-04 11:34:08',	NULL),
(343,	'Gabrielli Leticia Pereira',	'qrcode',	'2018-06-04 11:34:08',	'2018-06-04 11:34:08',	NULL),
(344,	'Giovanna de Moraes Lopes',	'qrcode',	'2018-06-04 11:34:08',	'2018-06-04 11:34:08',	NULL),
(345,	'Guilherme Otto',	'qrcode',	'2018-06-04 11:34:08',	'2018-06-04 11:34:08',	NULL),
(346,	'Gustavo Bruggmann Saturno',	'qrcode',	'2018-06-04 11:34:08',	'2018-06-04 11:34:08',	NULL),
(347,	'Larissa Laffin Machado',	'qrcode',	'2018-06-04 11:34:08',	'2018-06-04 11:34:08',	NULL),
(348,	'Laura Regis',	'qrcode',	'2018-06-04 11:34:08',	'2018-06-04 11:34:08',	NULL),
(349,	'Leonardo Macedo',	'qrcode',	'2018-06-04 11:34:08',	'2018-06-04 11:34:08',	NULL),
(350,	'Letcia Nrnberg Maria',	'qrcode',	'2018-06-04 11:34:08',	'2018-06-04 11:34:08',	NULL),
(351,	'Lucas Gabriel Mira Alves',	'qrcode',	'2018-06-04 11:34:08',	'2018-06-04 11:34:08',	NULL),
(352,	'Marcela Schmitz',	'qrcode',	'2018-06-04 11:34:08',	'2018-06-04 11:34:08',	NULL),
(353,	'Maria Fernanda Poleza',	'qrcode',	'2018-06-04 11:34:08',	'2018-06-04 11:34:08',	NULL),
(354,	'Mariana Micheluzzi',	'qrcode',	'2018-06-04 11:34:08',	'2018-06-04 11:34:08',	NULL),
(355,	'Mateus Roberto Prehn',	'qrcode',	'2018-06-04 11:34:08',	'2018-06-04 11:34:08',	NULL),
(356,	'Matheus Amaro Maciel',	'qrcode',	'2018-06-04 11:34:08',	'2018-06-04 11:34:08',	NULL),
(357,	'Matheus Felipe Dos Santos',	'qrcode',	'2018-06-04 11:34:08',	'2018-06-04 11:34:08',	NULL),
(358,	'Matheus Gattis',	'qrcode',	'2018-06-04 11:34:08',	'2018-06-04 11:34:08',	NULL),
(359,	'Matheus Ogrodnik Barbosa',	'qrcode',	'2018-06-04 11:34:08',	'2018-06-04 11:34:08',	NULL),
(360,	'Mosias Henrique Ferreira',	'qrcode',	'2018-06-04 11:34:08',	'2018-06-04 11:34:08',	NULL),
(361,	'Murilo Vinicius Correa Da Rosa',	'qrcode',	'2018-06-04 11:34:08',	'2018-06-04 11:34:08',	NULL),
(362,	'Olacir Furtado Filho',	'qrcode',	'2018-06-04 11:34:08',	'2018-06-04 11:34:08',	NULL),
(363,	'Osmair Antonio Cercal Junior',	'qrcode',	'2018-06-04 11:34:08',	'2018-06-04 11:34:08',	NULL),
(364,	'Paula Vitoria Cidral Maia',	'qrcode',	'2018-06-04 11:34:08',	'2018-06-04 11:34:08',	NULL),
(365,	'Tho Athaide',	'qrcode',	'2018-06-04 11:34:08',	'2018-06-04 11:34:08',	NULL),
(366,	'Thiago Henrique Hormann',	'qrcode',	'2018-06-04 11:34:08',	'2018-06-04 11:34:08',	NULL),
(367,	'Valter De Menezes Coelho Da Silva',	'qrcode',	'2018-06-04 11:34:08',	'2018-06-04 11:34:08',	NULL),
(368,	'Victor Alcenio Martins Loh',	'qrcode',	'2018-06-04 11:34:08',	'2018-06-04 11:34:08',	NULL),
(369,	'Victria Lenuza Carvalho de Freitas',	'qrcode',	'2018-06-04 11:34:08',	'2018-06-04 11:34:08',	NULL),
(370,	'Vitor do Nascimento',	'qrcode',	'2018-06-04 11:34:08',	'2018-06-04 11:34:08',	NULL),
(371,	'Agatha Nis Braz',	'qrcode',	'2018-06-04 11:34:08',	'2018-06-04 11:34:08',	NULL),
(372,	'Ana Paula Brush',	'qrcode',	'2018-06-04 11:34:08',	'2018-06-04 11:34:08',	NULL),
(373,	'Artur Faust Felipe',	'qrcode',	'2018-06-04 11:34:08',	'2018-06-04 11:34:08',	NULL),
(374,	'Augusto Mafra Carvalho',	'qrcode',	'2018-06-04 11:34:08',	'2018-06-04 11:34:08',	NULL),
(375,	'Carlos Roberto Alves',	'qrcode',	'2018-06-04 11:34:08',	'2018-06-04 11:34:08',	NULL),
(376,	'Eduardo Henrique Schlickmann Felisbino',	'qrcode',	'2018-06-04 11:34:08',	'2018-06-04 11:34:08',	NULL),
(377,	'Eduardo Luiz Marmentini',	'qrcode',	'2018-06-04 11:34:08',	'2018-06-04 11:34:08',	NULL),
(378,	'Flavia Marcelino Teixeira',	'qrcode',	'2018-06-04 11:34:08',	'2018-06-04 11:34:08',	NULL),
(379,	'Gabriela Alberti',	'qrcode',	'2018-06-04 11:34:08',	'2018-06-04 11:34:08',	NULL),
(380,	'Gabriela Fogaa Brum',	'qrcode',	'2018-06-04 11:34:08',	'2018-06-04 11:34:08',	NULL),
(381,	'Gianluca Starke',	'qrcode',	'2018-06-04 11:34:08',	'2018-06-04 11:34:08',	NULL),
(382,	'Guilherme Vogt De Oliveira',	'qrcode',	'2018-06-04 11:34:08',	'2018-06-04 11:34:08',	NULL),
(383,	'Hellen Cristiny Loffi',	'qrcode',	'2018-06-04 11:34:08',	'2018-06-04 11:34:08',	NULL),
(384,	'Isadora Marutti Da Silva',	'qrcode',	'2018-06-04 11:34:08',	'2018-06-04 11:34:08',	NULL),
(385,	'Jeniffer Anacleto Pereira',	'qrcode',	'2018-06-04 11:34:08',	'2018-06-04 11:34:08',	NULL),
(386,	'Joo Da Silva Neto',	'qrcode',	'2018-06-04 11:34:08',	'2018-06-04 11:34:08',	NULL),
(387,	'Joo Victor Xavier',	'qrcode',	'2018-06-04 11:34:08',	'2018-06-04 11:34:08',	NULL),
(388,	'Joo Vitor Colho',	'qrcode',	'2018-06-04 11:34:08',	'2018-06-04 11:34:08',	NULL),
(389,	'Luana Sabrina Moraes',	'qrcode',	'2018-06-04 11:34:08',	'2018-06-04 11:34:08',	NULL),
(390,	'Lucas Eduardo Vollmann Monteiro',	'qrcode',	'2018-06-04 11:34:08',	'2018-06-04 11:34:08',	NULL),
(391,	'Lucas Ziemann Ferreira',	'qrcode',	'2018-06-04 11:34:08',	'2018-06-04 11:34:08',	NULL),
(392,	'Marcelo Gabriel Santos Monteiro',	'qrcode',	'2018-06-04 11:34:08',	'2018-06-04 11:34:08',	NULL),
(393,	'Marcos Alexandre Soldati Quandt',	'qrcode',	'2018-06-04 11:34:08',	'2018-06-04 11:34:08',	NULL),
(394,	'Marcus Vincius Da Costa Graciano',	'qrcode',	'2018-06-04 11:34:08',	'2018-06-04 11:34:08',	NULL),
(395,	'Maria Eduarda Petrich Da Silva',	'qrcode',	'2018-06-04 11:34:08',	'2018-06-04 11:34:08',	NULL),
(396,	'Marlon Azevedo',	'qrcode',	'2018-06-04 11:34:08',	'2018-06-04 11:34:08',	NULL),
(397,	'Mateus de Jesus',	'qrcode',	'2018-06-04 11:34:08',	'2018-06-04 11:34:08',	NULL),
(398,	'Matheus Sodre Marcos',	'qrcode',	'2018-06-04 11:34:08',	'2018-06-04 11:34:08',	NULL),
(399,	'Mauricio dos Santos Cardoso',	'qrcode',	'2018-06-04 11:34:08',	'2018-06-04 11:34:08',	NULL),
(400,	'Myllena Dias De Oliveira',	'qrcode',	'2018-06-04 11:34:08',	'2018-06-04 11:34:08',	NULL),
(401,	'Paulo Henrique De Araujo Costa',	'qrcode',	'2018-06-04 11:34:08',	'2018-06-04 11:34:08',	NULL),
(402,	'Pietra Bonfim Rezende',	'qrcode',	'2018-06-04 11:34:08',	'2018-06-04 11:34:08',	NULL),
(403,	'Pietro Flemming',	'qrcode',	'2018-06-04 11:34:08',	'2018-06-04 11:34:08',	NULL),
(404,	'Renan Silva Cardoso',	'qrcode',	'2018-06-04 11:34:08',	'2018-06-04 11:34:08',	NULL),
(405,	'Rodrigo Batista Pereira',	'qrcode',	'2018-06-04 11:34:08',	'2018-06-04 11:34:08',	NULL),
(406,	'Victor Alexandre Scheller Incio',	'qrcode',	'2018-06-04 11:34:08',	'2018-06-04 11:34:08',	NULL),
(407,	'Vincius Garcia Uliano',	'qrcode',	'2018-06-04 11:34:08',	'2018-06-04 11:34:08',	NULL),
(408,	'Vvian Calegarim',	'qrcode',	'2018-06-04 11:34:08',	'2018-06-04 11:34:08',	NULL),
(409,	'Andr Felipe Fuck',	'qrcode',	'2018-06-04 11:34:08',	'2018-06-04 11:34:08',	NULL),
(410,	'Andr Luiz de Souza',	'qrcode',	'2018-06-04 11:34:08',	'2018-06-04 11:34:08',	NULL),
(411,	'Camile Victoria Pohlmann',	'qrcode',	'2018-06-04 11:34:08',	'2018-06-04 11:34:08',	NULL),
(412,	'Claudio Alino Volkmer Filho',	'qrcode',	'2018-06-04 11:34:08',	'2018-06-04 11:34:08',	NULL),
(413,	'Daniela Buzzi',	'qrcode',	'2018-06-04 11:34:08',	'2018-06-04 11:34:08',	NULL),
(414,	'Dhiego Henrique Azevedo Borba',	'qrcode',	'2018-06-04 11:34:08',	'2018-06-04 11:34:08',	NULL),
(415,	'Eduardo Maia Pereira de Souza',	'qrcode',	'2018-06-04 11:34:08',	'2018-06-04 11:34:08',	NULL),
(416,	'Eloy Borowiak',	'qrcode',	'2018-06-04 11:34:08',	'2018-06-04 11:34:08',	NULL),
(417,	'Francieli da Rosa',	'qrcode',	'2018-06-04 11:34:08',	'2018-06-04 11:34:08',	NULL),
(418,	'Gabriel do Rosario',	'qrcode',	'2018-06-04 11:34:08',	'2018-06-04 11:34:08',	NULL),
(419,	'Gabriel Marcellino',	'qrcode',	'2018-06-04 11:34:08',	'2018-06-04 11:34:08',	NULL),
(420,	'Gabrielle de Oliveira',	'qrcode',	'2018-06-04 11:34:08',	'2018-06-04 11:34:08',	NULL),
(421,	'Giovani Migliorini',	'qrcode',	'2018-06-04 11:34:08',	'2018-06-04 11:34:08',	NULL),
(422,	'Guilherme Lamin',	'qrcode',	'2018-06-04 11:34:08',	'2018-06-04 11:34:08',	NULL),
(423,	'Guilherme Ronchi Razzini',	'qrcode',	'2018-06-04 11:34:08',	'2018-06-04 11:34:08',	NULL),
(424,	'Guilherme Train',	'qrcode',	'2018-06-04 11:34:08',	'2018-06-04 11:34:08',	NULL),
(425,	'Gustavo Bonifacio Conceio',	'qrcode',	'2018-06-04 11:34:08',	'2018-06-04 11:34:08',	NULL),
(426,	'Gustavo Jos Baierski',	'qrcode',	'2018-06-04 11:34:08',	'2018-06-04 11:34:08',	NULL),
(427,	'Hiliana Toni',	'qrcode',	'2018-06-04 11:34:08',	'2018-06-04 11:34:08',	NULL),
(428,	'Jenifer Gabriele dos Santos',	'qrcode',	'2018-06-04 11:34:08',	'2018-06-04 11:34:08',	NULL),
(429,	'Lara Fernanda Gastaldi',	'qrcode',	'2018-06-04 11:34:08',	'2018-06-04 11:34:08',	NULL),
(430,	'Lu Felipe Soares',	'qrcode',	'2018-06-04 11:34:08',	'2018-06-04 11:34:08',	NULL),
(431,	'Matheus Eduardo dos Santos',	'qrcode',	'2018-06-04 11:34:08',	'2018-06-04 11:34:08',	NULL),
(432,	'Mirian Luiza da Costa',	'qrcode',	'2018-06-04 11:34:08',	'2018-06-04 11:34:08',	NULL),
(433,	'Nicoly Bambinetti',	'qrcode',	'2018-06-04 11:34:08',	'2018-06-04 11:34:08',	NULL),
(434,	'Pedro Antnio dos Santos',	'qrcode',	'2018-06-04 11:34:08',	'2018-06-04 11:34:08',	NULL),
(435,	'Rafael Corra',	'qrcode',	'2018-06-04 11:34:08',	'2018-06-04 11:34:08',	NULL),
(436,	'Roberth Willyan Cardoso dos Santos',	'qrcode',	'2018-06-04 11:34:08',	'2018-06-04 11:34:08',	NULL),
(437,	'Ruan da Cunha Isabel',	'qrcode',	'2018-06-04 11:34:08',	'2018-06-04 11:34:08',	NULL),
(438,	'Thaynara Caroline Bacca dos Passos',	'qrcode',	'2018-06-04 11:34:08',	'2018-06-04 11:34:08',	NULL),
(439,	'Vagner Cardozo de Almeida',	'qrcode',	'2018-06-04 11:34:08',	'2018-06-04 11:34:08',	NULL),
(440,	'Vanessa Sipriani',	'qrcode',	'2018-06-04 11:34:08',	'2018-06-04 11:34:08',	NULL),
(441,	'Vincius Acordi Soethe',	'qrcode',	'2018-06-04 11:34:08',	'2018-06-04 11:34:08',	NULL),
(442,	'Wellington Fabiano Rudiger',	'qrcode',	'2018-06-04 11:34:08',	'2018-06-04 11:34:08',	NULL),
(443,	'Ambile Kniss',	'qrcode',	'2018-06-04 11:34:08',	'2018-06-04 11:34:08',	NULL),
(444,	'Andr Luiz de Oliveira',	'qrcode',	'2018-06-04 11:34:08',	'2018-06-04 11:34:08',	NULL),
(445,	'Anna Francine Molinari de Morais',	'qrcode',	'2018-06-04 11:34:08',	'2018-06-04 11:34:08',	NULL),
(446,	'Bernardo Regis Rodrigues Vaz Teixeira',	'qrcode',	'2018-06-04 11:34:08',	'2018-06-04 11:34:08',	NULL),
(447,	'Bianca Victria Leithold de Oliveira',	'qrcode',	'2018-06-04 11:34:08',	'2018-06-04 11:34:08',	NULL),
(448,	'Brenon Paul',	'qrcode',	'2018-06-04 11:34:08',	'2018-06-04 11:34:08',	NULL),
(449,	'Bruno Luiz Fhynbeen da Silva',	'qrcode',	'2018-06-04 11:34:08',	'2018-06-04 11:34:08',	NULL),
(450,	'Daniel Keiser Strey',	'qrcode',	'2018-06-04 11:34:08',	'2018-06-04 11:34:08',	NULL),
(451,	'Dbora Steffen',	'qrcode',	'2018-06-04 11:34:08',	'2018-06-04 11:34:08',	NULL),
(452,	'Eduardo Carneiro de Souza',	'qrcode',	'2018-06-04 11:34:08',	'2018-06-04 11:34:08',	NULL),
(453,	'Elizabeth Antunes da Silva',	'qrcode',	'2018-06-04 11:34:08',	'2018-06-04 11:34:08',	NULL),
(454,	'Felipe Furtado Rza',	'qrcode',	'2018-06-04 11:34:08',	'2018-06-04 11:34:08',	NULL),
(455,	'Gabriel Bo de Oliveira',	'qrcode',	'2018-06-04 11:34:08',	'2018-06-04 11:34:08',	NULL),
(456,	'Gabriel Luiz Fagundes',	'qrcode',	'2018-06-04 11:34:08',	'2018-06-04 11:34:08',	NULL),
(457,	'Gilberto Zanella Filho',	'qrcode',	'2018-06-04 11:34:08',	'2018-06-04 11:34:08',	NULL),
(458,	'Guilherme Luis da Silva Sagave',	'qrcode',	'2018-06-04 11:34:08',	'2018-06-04 11:34:08',	NULL),
(459,	'Iris Mebs Moraes',	'qrcode',	'2018-06-04 11:34:08',	'2018-06-04 11:34:08',	NULL),
(460,	'Joo Pedro de Aguiar da Conceio',	'qrcode',	'2018-06-04 11:34:08',	'2018-06-04 11:34:08',	NULL),
(461,	'Joo Vincius Rocha Nunes',	'qrcode',	'2018-06-04 11:34:08',	'2018-06-04 11:34:08',	NULL),
(462,	'Jlia Biff',	'qrcode',	'2018-06-04 11:34:08',	'2018-06-04 11:34:08',	NULL),
(463,	'Julio Cezar da Cunha',	'qrcode',	'2018-06-04 11:34:08',	'2018-06-04 11:34:08',	NULL),
(464,	'Karen Cristina Fernandes',	'qrcode',	'2018-06-04 11:34:08',	'2018-06-04 11:34:08',	NULL),
(465,	'Leticia dos Santos',	'qrcode',	'2018-06-04 11:34:08',	'2018-06-04 11:34:08',	NULL),
(466,	'Lourdes Hellen Catini de Oliveira (RET) -',	'qrcode',	'2018-06-04 11:34:08',	'2018-06-04 11:34:08',	NULL),
(467,	'Matheus Daniel de Macedo Rosa',	'qrcode',	'2018-06-04 11:34:08',	'2018-06-04 11:34:08',	NULL),
(468,	'Melissa Krishina Miranda',	'qrcode',	'2018-06-04 11:34:08',	'2018-06-04 11:34:08',	NULL),
(469,	'Michael Sebastian Khl Monteiro',	'qrcode',	'2018-06-04 11:34:08',	'2018-06-04 11:34:08',	NULL),
(470,	'Natlia Dellandrea',	'qrcode',	'2018-06-04 11:34:08',	'2018-06-04 11:34:08',	NULL),
(471,	'Pamela Quint',	'qrcode',	'2018-06-04 11:34:08',	'2018-06-04 11:34:08',	NULL),
(472,	'Rodrigo da Silva Iaguczeski',	'qrcode',	'2018-06-04 11:34:08',	'2018-06-04 11:34:08',	NULL),
(473,	'Rulian Carlo Farias',	'qrcode',	'2018-06-04 11:34:08',	'2018-06-04 11:34:08',	NULL),
(474,	'Sabrina Vargas',	'qrcode',	'2018-06-04 11:34:08',	'2018-06-04 11:34:08',	NULL),
(475,	'Vincius dos Santos de Oliveira',	'qrcode',	'2018-06-04 11:34:08',	'2018-06-04 11:34:08',	NULL),
(476,	'Vinicius Monteiro Consenso',	'qrcode',	'2018-06-04 11:34:08',	'2018-06-04 11:34:08',	NULL),
(477,	'Wallace Pedro Rosa',	'qrcode',	'2018-06-04 11:34:08',	'2018-06-04 11:34:08',	NULL),
(478,	'Willian Jos Rosa',	'qrcode',	'2018-06-04 11:34:08',	'2018-06-04 11:34:08',	NULL),
(479,	'Willian Kamke da Silva',	'qrcode',	'2018-06-04 11:34:08',	'2018-06-04 11:34:08',	NULL),
(480,	'Yara Carolina Bilk Schmitz',	'qrcode',	'2018-06-04 11:34:08',	'2018-06-04 11:34:08',	NULL),
(481,	'Aline Cardoso Alexandre',	'qrcode',	'2018-06-04 11:34:08',	'2018-06-04 11:34:08',	NULL),
(482,	'Aline Soster',	'qrcode',	'2018-06-04 11:34:08',	'2018-06-04 11:34:08',	NULL),
(483,	'Bruno Anderson Brieman',	'qrcode',	'2018-06-04 11:34:08',	'2018-06-04 11:34:08',	NULL),
(484,	'Bruno de Almeida Teixeira',	'qrcode',	'2018-06-04 11:34:08',	'2018-06-04 11:34:08',	NULL),
(485,	'Clara Souza de Jesus',	'qrcode',	'2018-06-04 11:34:08',	'2018-06-04 11:34:08',	NULL),
(486,	'Dimitri Miranda',	'qrcode',	'2018-06-04 11:34:08',	'2018-06-04 11:34:08',	NULL),
(487,	'Djhonattan Luan Garcia',	'qrcode',	'2018-06-04 11:34:08',	'2018-06-04 11:34:08',	NULL),
(488,	'Eduarda Karoline Maia',	'qrcode',	'2018-06-04 11:34:08',	'2018-06-04 11:34:08',	NULL),
(489,	'Elisa Fusinato',	'qrcode',	'2018-06-04 11:34:08',	'2018-06-04 11:34:08',	NULL),
(490,	'Felipe Passig Coscodai',	'qrcode',	'2018-06-04 11:34:08',	'2018-06-04 11:34:08',	NULL),
(491,	'Gabrielle Vitria Dannebrock Lemke',	'qrcode',	'2018-06-04 11:34:08',	'2018-06-04 11:34:08',	NULL),
(492,	'Gustavo Flr',	'qrcode',	'2018-06-04 11:34:08',	'2018-06-04 11:34:08',	NULL),
(493,	'Joo Lucas Cardoso da Silva',	'qrcode',	'2018-06-04 11:34:08',	'2018-06-04 11:34:08',	NULL),
(494,	'John Vctor dos Reis Pereira',	'qrcode',	'2018-06-04 11:34:08',	'2018-06-04 11:34:08',	NULL),
(495,	'Jlia Rayssa Hintz',	'qrcode',	'2018-06-04 11:34:08',	'2018-06-04 11:34:08',	NULL),
(496,	'Laza Casagrande',	'qrcode',	'2018-06-04 11:34:08',	'2018-06-04 11:34:08',	NULL),
(497,	'Laryssa Jungton Sarti',	'qrcode',	'2018-06-04 11:34:08',	'2018-06-04 11:34:08',	NULL),
(498,	'Leonardo Pinheiro Amaral Almeida Santos',	'qrcode',	'2018-06-04 11:34:08',	'2018-06-04 11:34:08',	NULL),
(499,	'Letcia Helen de Sousa',	'qrcode',	'2018-06-04 11:34:08',	'2018-06-04 11:34:08',	NULL),
(500,	'Luiza Farias',	'qrcode',	'2018-06-04 11:34:08',	'2018-06-04 11:34:08',	NULL),
(501,	'Mateus Manoel Cardoso',	'qrcode',	'2018-06-04 11:34:08',	'2018-06-04 11:34:08',	NULL),
(502,	'Matheus Henrique Quintino',	'qrcode',	'2018-06-04 11:34:08',	'2018-06-04 11:34:08',	NULL),
(503,	'Matheus Rodrigues da Silva',	'qrcode',	'2018-06-04 11:34:08',	'2018-06-04 11:34:08',	NULL),
(504,	'Pedro Augusto Canteli',	'qrcode',	'2018-06-04 11:34:08',	'2018-06-04 11:34:08',	NULL),
(505,	'Pedro Fellipe Roque Machado',	'qrcode',	'2018-06-04 11:34:08',	'2018-06-04 11:34:08',	NULL),
(506,	'Pedro Gabriel Gabiatti Guardini',	'qrcode',	'2018-06-04 11:34:08',	'2018-06-04 11:34:08',	NULL),
(507,	'Pedro Henrique Sumik',	'qrcode',	'2018-06-04 11:34:08',	'2018-06-04 11:34:08',	NULL),
(508,	'Rafael Henrique Sell',	'qrcode',	'2018-06-04 11:34:08',	'2018-06-04 11:34:08',	NULL),
(509,	'Tuane Ronchi',	'qrcode',	'2018-06-04 11:34:08',	'2018-06-04 11:34:08',	NULL),
(510,	'Victor Hugo Azevedo Nass',	'qrcode',	'2018-06-04 11:34:08',	'2018-06-04 11:34:08',	NULL),
(511,	'Walace Maia',	'qrcode',	'2018-06-04 11:34:08',	'2018-06-04 11:34:08',	NULL),
(512,	'Adram Adonai Tsch',	'qrcode',	'2018-06-04 11:34:08',	'2018-06-04 11:34:08',	NULL),
(513,	'Andr Luiz Pacheco da Costa',	'qrcode',	'2018-06-04 11:34:08',	'2018-06-04 11:34:08',	NULL),
(514,	'Andriele Cristina Vogel',	'qrcode',	'2018-06-04 11:34:08',	'2018-06-04 11:34:08',	NULL),
(515,	'Asaph Varela da Silva',	'qrcode',	'2018-06-04 11:34:08',	'2018-06-04 11:34:08',	NULL),
(516,	'Bruno Almeida de Morais',	'qrcode',	'2018-06-04 11:34:08',	'2018-06-04 11:34:08',	NULL),
(517,	'Bryan Matheus Krger',	'qrcode',	'2018-06-04 11:34:08',	'2018-06-04 11:34:08',	NULL),
(518,	'Ceclia de Borba',	'qrcode',	'2018-06-04 11:34:08',	'2018-06-04 11:34:08',	NULL),
(519,	'Christian Henrique da Silva Machado',	'qrcode',	'2018-06-04 11:34:08',	'2018-06-04 11:34:08',	NULL),
(520,	'Elisa Cristina Camargo Laufer',	'qrcode',	'2018-06-04 11:34:08',	'2018-06-04 11:34:08',	NULL),
(521,	'Felipe Oliveira Borba',	'qrcode',	'2018-06-04 11:34:08',	'2018-06-04 11:34:08',	NULL),
(522,	'Gean Carlos Santos da Silva',	'qrcode',	'2018-06-04 11:34:08',	'2018-06-04 11:34:08',	NULL),
(523,	'Guilherme Cipriano',	'qrcode',	'2018-06-04 11:34:08',	'2018-06-04 11:34:08',	NULL),
(524,	'Guilherme Henrique Boing',	'qrcode',	'2018-06-04 11:34:08',	'2018-06-04 11:34:08',	NULL),
(525,	'Heloiza de Ftima Kutenski',	'qrcode',	'2018-06-04 11:34:09',	'2018-06-04 11:34:09',	NULL),
(526,	'Henrique Luiz Hartmann',	'qrcode',	'2018-06-04 11:34:09',	'2018-06-04 11:34:09',	NULL),
(527,	'Hugo Gutzmann Puga',	'qrcode',	'2018-06-04 11:34:09',	'2018-06-04 11:34:09',	NULL),
(528,	'Jalieny Ouriques',	'qrcode',	'2018-06-04 11:34:09',	'2018-06-04 11:34:09',	NULL),
(529,	'Jssica Yohana Otto',	'qrcode',	'2018-06-04 11:34:09',	'2018-06-04 11:34:09',	NULL),
(530,	'Joo Vitor dos Santos',	'qrcode',	'2018-06-04 11:34:09',	'2018-06-04 11:34:09',	NULL),
(531,	'Lauro Antnio do Nascimento',	'qrcode',	'2018-06-04 11:34:09',	'2018-06-04 11:34:09',	NULL),
(532,	'Leonardo Adriano Vieira',	'qrcode',	'2018-06-04 11:34:09',	'2018-06-04 11:34:09',	NULL),
(533,	'Leonardo Edenir Rodrigues Graciano',	'qrcode',	'2018-06-04 11:34:09',	'2018-06-04 11:34:09',	NULL),
(534,	'Luan Alflen',	'qrcode',	'2018-06-04 11:34:09',	'2018-06-04 11:34:09',	NULL),
(535,	'Maria Luiza de Souza de Oliveira',	'qrcode',	'2018-06-04 11:34:09',	'2018-06-04 11:34:09',	NULL),
(536,	'Marlon Cesar Kotviski Guarnieri da Silva',	'qrcode',	'2018-06-04 11:34:09',	'2018-06-04 11:34:09',	NULL),
(537,	'Mateus Mller Erkmann',	'qrcode',	'2018-06-04 11:34:09',	'2018-06-04 11:34:09',	NULL),
(538,	'Pedro Jos Gomes Neto',	'qrcode',	'2018-06-04 11:34:09',	'2018-06-04 11:34:09',	NULL),
(539,	'Suelen Cruz Barcelos',	'qrcode',	'2018-06-04 11:34:09',	'2018-06-04 11:34:09',	NULL),
(540,	'Tain Cristina Vollmann Monteiro',	'qrcode',	'2018-06-04 11:34:09',	'2018-06-04 11:34:09',	NULL),
(541,	'Tain Langa',	'qrcode',	'2018-06-04 11:34:09',	'2018-06-04 11:34:09',	NULL),
(542,	'Tainara Eleutrio de Sousa',	'qrcode',	'2018-06-04 11:34:09',	'2018-06-04 11:34:09',	NULL),
(543,	'Thiago Henrique Walter',	'qrcode',	'2018-06-04 11:34:09',	'2018-06-04 11:34:09',	NULL),
(544,	'Victor Hugo Prado Gomes',	'qrcode',	'2018-06-04 11:34:09',	'2018-06-04 11:34:09',	NULL),
(545,	'Vinicius Soledade da Silva',	'qrcode',	'2018-06-04 11:34:09',	'2018-06-04 11:34:09',	NULL),
(546,	'Amon Jos Marinho dos Reis',	'qrcode',	'2018-06-04 11:34:09',	'2018-06-04 11:34:09',	NULL),
(547,	'Arthur Dias Viana de Castro',	'qrcode',	'2018-06-04 11:34:09',	'2018-06-04 11:34:09',	NULL),
(548,	'Athirson Alexandre dos Santos',	'qrcode',	'2018-06-04 11:34:09',	'2018-06-04 11:34:09',	NULL),
(549,	'Bruno Pinheiro',	'qrcode',	'2018-06-04 11:34:09',	'2018-06-04 11:34:09',	NULL),
(550,	'Camila dos Santos',	'qrcode',	'2018-06-04 11:34:09',	'2018-06-04 11:34:09',	NULL),
(551,	'Carlos Eduardo Rosa',	'qrcode',	'2018-06-04 11:34:09',	'2018-06-04 11:34:09',	NULL),
(552,	'Carolina Burckhardt Luciani',	'qrcode',	'2018-06-04 11:34:09',	'2018-06-04 11:34:09',	NULL),
(553,	'Eduardo Maia',	'qrcode',	'2018-06-04 11:34:09',	'2018-06-04 11:34:09',	NULL),
(554,	'Gabriel Sokacheski',	'qrcode',	'2018-06-04 11:34:09',	'2018-06-04 11:34:09',	NULL),
(555,	'Gabriel Zack Torres da Costa',	'qrcode',	'2018-06-04 11:34:09',	'2018-06-04 11:34:09',	NULL),
(556,	'Gabriela Cordeiro Avila',	'qrcode',	'2018-06-04 11:34:09',	'2018-06-04 11:34:09',	NULL),
(557,	'Gabriela Cristina Cidral',	'qrcode',	'2018-06-04 11:34:09',	'2018-06-04 11:34:09',	NULL),
(558,	'Gabryel Della Giustina Kitzberger',	'qrcode',	'2018-06-04 11:34:09',	'2018-06-04 11:34:09',	NULL),
(559,	'Henrique Pinheiro Amaral Almeida Santos',	'qrcode',	'2018-06-04 11:34:09',	'2018-06-04 11:34:09',	NULL),
(560,	'Jssica Viana',	'qrcode',	'2018-06-04 11:34:09',	'2018-06-04 11:34:09',	NULL),
(561,	'Joo Pedro Lazarim de Souza',	'qrcode',	'2018-06-04 11:34:09',	'2018-06-04 11:34:09',	NULL),
(562,	'Jlia Renata Endler Figueiredo',	'qrcode',	'2018-06-04 11:34:09',	'2018-06-04 11:34:09',	NULL),
(563,	'Jutyara Mendes da Rosa',	'qrcode',	'2018-06-04 11:34:09',	'2018-06-04 11:34:09',	NULL),
(564,	'Lucas Antnio Marinho dos Reis',	'qrcode',	'2018-06-04 11:34:09',	'2018-06-04 11:34:09',	NULL),
(565,	'Mrio Natalcio de Gasperi',	'qrcode',	'2018-06-04 11:34:09',	'2018-06-04 11:34:09',	NULL),
(566,	'Mayke Brayan de Lima',	'qrcode',	'2018-06-04 11:34:09',	'2018-06-04 11:34:09',	NULL),
(567,	'Miri Gonalves',	'qrcode',	'2018-06-04 11:34:09',	'2018-06-04 11:34:09',	NULL),
(568,	'Pedro Guilherme Barauna',	'qrcode',	'2018-06-04 11:34:09',	'2018-06-04 11:34:09',	NULL),
(569,	'Rafaela Gilgen',	'qrcode',	'2018-06-04 11:34:09',	'2018-06-04 11:34:09',	NULL),
(570,	'Suyanne Xavier da Cunha',	'qrcode',	'2018-06-04 11:34:09',	'2018-06-04 11:34:09',	NULL),
(571,	'Vincius Peres',	'qrcode',	'2018-06-04 11:34:09',	'2018-06-04 11:34:09',	NULL),
(572,	'Vitor Henrique Kuster Moraes Maximiano',	'qrcode',	'2018-06-04 11:34:09',	'2018-06-04 11:34:09',	NULL),
(573,	'Vitor Vieira da Costa',	'qrcode',	'2018-06-04 11:34:09',	'2018-06-04 11:34:09',	NULL),
(574,	'Wellington Felipe Bernardi',	'qrcode',	'2018-06-04 11:34:09',	'2018-06-04 11:34:09',	NULL),
(575,	'Amanda Loren de Souza',	'qrcode',	'2018-06-04 11:34:09',	'2018-06-04 11:34:09',	NULL),
(576,	'Ana Paula Ramthun da Maia',	'qrcode',	'2018-06-04 11:34:09',	'2018-06-04 11:34:09',	NULL),
(577,	'Andr Vincius Fernandes',	'qrcode',	'2018-06-04 11:34:09',	'2018-06-04 11:34:09',	NULL),
(578,	'Bianca Carolina Muniz',	'qrcode',	'2018-06-04 11:34:09',	'2018-06-04 11:34:09',	NULL),
(579,	'Daniel Tom da Silva Filho',	'qrcode',	'2018-06-04 11:34:09',	'2018-06-04 11:34:09',	NULL),
(580,	'Elisabeth Rodrigues',	'qrcode',	'2018-06-04 11:34:09',	'2018-06-04 11:34:09',	NULL),
(581,	'Giovanna Campos Cordeiro',	'qrcode',	'2018-06-04 11:34:09',	'2018-06-04 11:34:09',	NULL),
(582,	'Heitor Henrique da Silva',	'qrcode',	'2018-06-04 11:34:09',	'2018-06-04 11:34:09',	NULL),
(583,	'Jac Israel Franco Cardoso',	'qrcode',	'2018-06-04 11:34:09',	'2018-06-04 11:34:09',	NULL),
(584,	'Joo Victor Silveira Delgado',	'qrcode',	'2018-06-04 11:34:09',	'2018-06-04 11:34:09',	NULL),
(585,	'Julia Duarte Solano',	'qrcode',	'2018-06-04 11:34:09',	'2018-06-04 11:34:09',	NULL),
(586,	'Letcia Caroline de Oliveira',	'qrcode',	'2018-06-04 11:34:09',	'2018-06-04 11:34:09',	NULL),
(587,	'Lucas Gattis',	'qrcode',	'2018-06-04 11:34:09',	'2018-06-04 11:34:09',	NULL),
(588,	'Lucas Mendes Rodrigues',	'qrcode',	'2018-06-04 11:34:09',	'2018-06-04 11:34:09',	NULL),
(589,	'Marcos Eduardo da Silva',	'qrcode',	'2018-06-04 11:34:09',	'2018-06-04 11:34:09',	NULL),
(590,	'Nicholas Cervatti Duque Estrada',	'qrcode',	'2018-06-04 11:34:09',	'2018-06-04 11:34:09',	NULL),
(591,	'Nicolas Gattis',	'qrcode',	'2018-06-04 11:34:09',	'2018-06-04 11:34:09',	NULL),
(592,	'Pedro Henrique Boettcher Pacheco',	'qrcode',	'2018-06-04 11:34:09',	'2018-06-04 11:34:09',	NULL),
(593,	'Rassa Stazak Pereira',	'qrcode',	'2018-06-04 11:34:09',	'2018-06-04 11:34:09',	NULL),
(594,	'Sarah Hoegen',	'qrcode',	'2018-06-04 11:34:09',	'2018-06-04 11:34:09',	NULL),
(595,	'Vitria Emanuely Madruga',	'qrcode',	'2018-06-04 11:34:09',	'2018-06-04 11:34:09',	NULL),
(596,	'Abigail Rodrigues Maia',	'qrcode',	'2018-06-04 11:34:09',	'2018-06-04 11:34:09',	NULL),
(597,	'Abner Gabriel Dos Santos',	'qrcode',	'2018-06-04 11:34:09',	'2018-06-04 11:34:09',	NULL),
(598,	'Alanys Borges Trevisol',	'qrcode',	'2018-06-04 11:34:09',	'2018-06-04 11:34:09',	NULL),
(599,	'Amanda Vitria da Rosa',	'qrcode',	'2018-06-04 11:34:09',	'2018-06-04 11:34:09',	NULL),
(600,	'Ana Caroline Kostantiuk Cordeiro',	'qrcode',	'2018-06-04 11:34:09',	'2018-06-04 11:34:09',	NULL),
(601,	'Ana Claudia Gesser',	'qrcode',	'2018-06-04 11:34:09',	'2018-06-04 11:34:09',	NULL),
(602,	'Ana Cristina Gomes De Oliveira',	'qrcode',	'2018-06-04 11:34:09',	'2018-06-04 11:34:09',	NULL),
(603,	'Ana Laura Da Silva Muller',	'qrcode',	'2018-06-04 11:34:09',	'2018-06-04 11:34:09',	NULL),
(604,	'Ana Paula Vieira Gomes',	'qrcode',	'2018-06-04 11:34:09',	'2018-06-04 11:34:09',	NULL),
(605,	'Ane Caroline Teodosio Longarete',	'qrcode',	'2018-06-04 11:34:09',	'2018-06-04 11:34:09',	NULL),
(606,	'Anniely De Moura',	'qrcode',	'2018-06-04 11:34:09',	'2018-06-04 11:34:09',	NULL),
(607,	'Antonio Carlos Da Rocha De Andrade',	'qrcode',	'2018-06-04 11:34:09',	'2018-06-04 11:34:09',	NULL),
(608,	'Bianca Ribeiro Rodrigues',	'qrcode',	'2018-06-04 11:34:09',	'2018-06-04 11:34:09',	NULL),
(609,	'Eduardo Augusto Luciano',	'qrcode',	'2018-06-04 11:34:09',	'2018-06-04 11:34:09',	NULL),
(610,	'rica Loch Do Amaral',	'qrcode',	'2018-06-04 11:34:09',	'2018-06-04 11:34:09',	NULL),
(611,	'Francine Camile Matias Silva',	'qrcode',	'2018-06-04 11:34:09',	'2018-06-04 11:34:09',	NULL),
(612,	'Giovana Braz Monn',	'qrcode',	'2018-06-04 11:34:09',	'2018-06-04 11:34:09',	NULL),
(613,	'Gustavo Gasperi Zilse',	'qrcode',	'2018-06-04 11:34:09',	'2018-06-04 11:34:09',	NULL),
(614,	'Helena De Souza Montagnoli',	'qrcode',	'2018-06-04 11:34:09',	'2018-06-04 11:34:09',	NULL),
(615,	'Ivan Scantamburlo Ribeiro',	'qrcode',	'2018-06-04 11:34:09',	'2018-06-04 11:34:09',	NULL),
(616,	'Jessica Michels Menezes',	'qrcode',	'2018-06-04 11:34:09',	'2018-06-04 11:34:09',	NULL),
(617,	'Joana Miranda Duarte',	'qrcode',	'2018-06-04 11:34:09',	'2018-06-04 11:34:09',	NULL),
(618,	'Katharina Alice Vailatti',	'qrcode',	'2018-06-04 11:34:09',	'2018-06-04 11:34:09',	NULL),
(619,	'Leonardo Gouva da Silva',	'qrcode',	'2018-06-04 11:34:09',	'2018-06-04 11:34:09',	NULL),
(620,	'Letcia Corra Vieira',	'qrcode',	'2018-06-04 11:34:09',	'2018-06-04 11:34:09',	NULL),
(621,	'Luana Matias Reinert',	'qrcode',	'2018-06-04 11:34:09',	'2018-06-04 11:34:09',	NULL),
(622,	'Lucas Eduardo Borba',	'qrcode',	'2018-06-04 11:34:09',	'2018-06-04 11:34:09',	NULL),
(623,	'Luiza Lobo Mendona',	'qrcode',	'2018-06-04 11:34:09',	'2018-06-04 11:34:09',	NULL),
(624,	'Mariana Barcellos Bueno',	'qrcode',	'2018-06-04 11:34:09',	'2018-06-04 11:34:09',	NULL),
(625,	'Polyannna Jeniffer Martins',	'qrcode',	'2018-06-04 11:34:09',	'2018-06-04 11:34:09',	NULL),
(626,	'Sthefani Dumke Hartin',	'qrcode',	'2018-06-04 11:34:09',	'2018-06-04 11:34:09',	NULL),
(627,	'Tainara Luana De Souza',	'qrcode',	'2018-06-04 11:34:09',	'2018-06-04 11:34:09',	NULL),
(628,	'Thamiris Kelle Barros de Castro',	'qrcode',	'2018-06-04 11:34:09',	'2018-06-04 11:34:09',	NULL),
(629,	'Victoria Toldo da Silva Santos',	'qrcode',	'2018-06-04 11:34:09',	'2018-06-04 11:34:09',	NULL),
(630,	'Amanda Catherine Castanheira Dias',	'qrcode',	'2018-06-04 11:34:09',	'2018-06-04 11:34:09',	NULL),
(631,	'Amanda da Cruz Oliveira',	'qrcode',	'2018-06-04 11:34:09',	'2018-06-04 11:34:09',	NULL),
(632,	'Ana Luiza Figueiredo de Borba',	'qrcode',	'2018-06-04 11:34:09',	'2018-06-04 11:34:09',	NULL),
(633,	'Breno Lus Ferreira de Lima',	'qrcode',	'2018-06-04 11:34:09',	'2018-06-04 11:34:09',	NULL),
(634,	'Bruna da Silva',	'qrcode',	'2018-06-04 11:34:09',	'2018-06-04 11:34:09',	NULL),
(635,	'Daiane Keila de Borba',	'qrcode',	'2018-06-04 11:34:09',	'2018-06-04 11:34:09',	NULL),
(636,	'Emanuelle Dias',	'qrcode',	'2018-06-04 11:34:09',	'2018-06-04 11:34:09',	NULL),
(637,	'Enyla Maria Pinhelli',	'qrcode',	'2018-06-04 11:34:09',	'2018-06-04 11:34:09',	NULL),
(638,	'Fbio Lucas Costa Mendes',	'qrcode',	'2018-06-04 11:34:09',	'2018-06-04 11:34:09',	NULL),
(639,	'Gabriel Alexandre da Silva',	'qrcode',	'2018-06-04 11:34:09',	'2018-06-04 11:34:09',	NULL),
(640,	'Gabriel Loureno da Silva',	'qrcode',	'2018-06-04 11:34:09',	'2018-06-04 11:34:09',	NULL),
(641,	'Gabriel Tomko',	'qrcode',	'2018-06-04 11:34:09',	'2018-06-04 11:34:09',	NULL),
(642,	'Gabriela Baesso Ramos',	'qrcode',	'2018-06-04 11:34:09',	'2018-06-04 11:34:09',	NULL),
(643,	'Girrh Gadotti',	'qrcode',	'2018-06-04 11:34:09',	'2018-06-04 11:34:09',	NULL),
(644,	'Giulia Aguiar Ferreira',	'qrcode',	'2018-06-04 11:34:09',	'2018-06-04 11:34:09',	NULL),
(645,	'Guilherme Ferreira',	'qrcode',	'2018-06-04 11:34:09',	'2018-06-04 11:34:09',	NULL),
(646,	'Gustavo Henrique Ramos',	'qrcode',	'2018-06-04 11:34:09',	'2018-06-04 11:34:09',	NULL),
(647,	'Henriky Guilherme de Lima Vicente',	'qrcode',	'2018-06-04 11:34:09',	'2018-06-04 11:34:09',	NULL),
(648,	'Humberto Marcelino Pagani',	'qrcode',	'2018-06-04 11:34:09',	'2018-06-04 11:34:09',	NULL),
(649,	'Jssica Karollayne Cordeiro Ferreira',	'qrcode',	'2018-06-04 11:34:09',	'2018-06-04 11:34:09',	NULL),
(650,	'Jhenniffer Gabriele Rocha dos Santos',	'qrcode',	'2018-06-04 11:34:09',	'2018-06-04 11:34:09',	NULL),
(651,	'Joo Gabriel Wan-Dall',	'qrcode',	'2018-06-04 11:34:09',	'2018-06-04 11:34:09',	NULL),
(652,	'Joo Victor Serafim',	'qrcode',	'2018-06-04 11:34:09',	'2018-06-04 11:34:09',	NULL),
(653,	'Juliana Hoffmann Alves',	'qrcode',	'2018-06-04 11:34:09',	'2018-06-04 11:34:09',	NULL),
(654,	'Kevin Cristhian Petschow da Silva',	'qrcode',	'2018-06-04 11:34:09',	'2018-06-04 11:34:09',	NULL),
(655,	'Leila Buss Meurer',	'qrcode',	'2018-06-04 11:34:09',	'2018-06-04 11:34:09',	NULL),
(656,	'Maria Eduarda De Marchi Zanatta',	'qrcode',	'2018-06-04 11:34:09',	'2018-06-04 11:34:09',	NULL),
(657,	'Mariana Camilo Maria',	'qrcode',	'2018-06-04 11:34:09',	'2018-06-04 11:34:09',	NULL),
(658,	'Melissa Iung Corrente',	'qrcode',	'2018-06-04 11:34:09',	'2018-06-04 11:34:09',	NULL),
(659,	'Nathlia Schultz',	'qrcode',	'2018-06-04 11:34:09',	'2018-06-04 11:34:09',	NULL),
(660,	'Nayra Rubia de Oliveira',	'qrcode',	'2018-06-04 11:34:09',	'2018-06-04 11:34:09',	NULL),
(661,	'Norberto Klug Jnior',	'qrcode',	'2018-06-04 11:34:09',	'2018-06-04 11:34:09',	NULL),
(662,	'Paola Moreira',	'qrcode',	'2018-06-04 11:34:09',	'2018-06-04 11:34:09',	NULL),
(663,	'Rafaela de Azevedo Pitz',	'qrcode',	'2018-06-04 11:34:09',	'2018-06-04 11:34:09',	NULL),
(664,	'Rafaela Vicente de Lima',	'qrcode',	'2018-06-04 11:34:09',	'2018-06-04 11:34:09',	NULL),
(665,	'Sara Stahuke de Campos',	'qrcode',	'2018-06-04 11:34:09',	'2018-06-04 11:34:09',	NULL),
(666,	'Stefany Milani',	'qrcode',	'2018-06-04 11:34:09',	'2018-06-04 11:34:09',	NULL),
(667,	'Aime Vernica Momm Romero',	'qrcode',	'2018-06-04 11:34:09',	'2018-06-04 11:34:09',	NULL),
(668,	'Ana Julia Soberanski Gorski',	'qrcode',	'2018-06-04 11:34:09',	'2018-06-04 11:34:09',	NULL),
(669,	'Andr Luiz Sales',	'qrcode',	'2018-06-04 11:34:09',	'2018-06-04 11:34:09',	NULL),
(670,	'Augusto Csar Faria Salmoria',	'qrcode',	'2018-06-04 11:34:09',	'2018-06-04 11:34:09',	NULL),
(671,	'Brenda Miriam Trevisani Gonalves',	'qrcode',	'2018-06-04 11:34:09',	'2018-06-04 11:34:09',	NULL),
(672,	'Bruno Bonassoli',	'qrcode',	'2018-06-04 11:34:09',	'2018-06-04 11:34:09',	NULL),
(673,	'Daniel Elias de Paula Araujo',	'qrcode',	'2018-06-04 11:34:09',	'2018-06-04 11:34:09',	NULL),
(674,	'Edenilson Barboza Dalla Vecchia',	'qrcode',	'2018-06-04 11:34:09',	'2018-06-04 11:34:09',	NULL),
(675,	'Ellen Cristina D\'Aguiar',	'qrcode',	'2018-06-04 11:34:09',	'2018-06-04 11:34:09',	NULL),
(676,	'Fabila Suiani Delfino',	'qrcode',	'2018-06-04 11:34:09',	'2018-06-04 11:34:09',	NULL),
(677,	'Fernanda da Silva Medeiros',	'qrcode',	'2018-06-04 11:34:09',	'2018-06-04 11:34:09',	NULL),
(678,	'Fernanda Max',	'qrcode',	'2018-06-04 11:34:09',	'2018-06-04 11:34:09',	NULL),
(679,	'Gabriel Grangeiro Mendes',	'qrcode',	'2018-06-04 11:34:09',	'2018-06-04 11:34:09',	NULL),
(680,	'Gabriel Mors Ravanello',	'qrcode',	'2018-06-04 11:34:09',	'2018-06-04 11:34:09',	NULL),
(681,	'Giovanna Mueller Pacheco',	'qrcode',	'2018-06-04 11:34:09',	'2018-06-04 11:34:09',	NULL),
(682,	'Grazielly Vilmes',	'qrcode',	'2018-06-04 11:34:09',	'2018-06-04 11:34:09',	NULL),
(683,	'Gustavo Antnio Dominoni',	'qrcode',	'2018-06-04 11:34:09',	'2018-06-04 11:34:09',	NULL),
(684,	'Igor Ribas Jimenez Hernandez',	'qrcode',	'2018-06-04 11:34:09',	'2018-06-04 11:34:09',	NULL),
(685,	'Jssica de Bona',	'qrcode',	'2018-06-04 11:34:09',	'2018-06-04 11:34:09',	NULL),
(686,	'Joo Antnio de Miranda',	'qrcode',	'2018-06-04 11:34:09',	'2018-06-04 11:34:09',	NULL),
(687,	'Joo Arnaldo Pereira Cruz',	'qrcode',	'2018-06-04 11:34:09',	'2018-06-04 11:34:09',	NULL),
(688,	'Joo Vitor Provesi',	'qrcode',	'2018-06-04 11:34:09',	'2018-06-04 11:34:09',	NULL),
(689,	'Keslene Lima',	'qrcode',	'2018-06-04 11:34:09',	'2018-06-04 11:34:09',	NULL),
(690,	'Lara Destefani de Sousa',	'qrcode',	'2018-06-04 11:34:09',	'2018-06-04 11:34:09',	NULL),
(691,	'Letcia Machado Packer',	'qrcode',	'2018-06-04 11:34:09',	'2018-06-04 11:34:09',	NULL),
(692,	'Luiz Fernando Fonsakka de Braga',	'qrcode',	'2018-06-04 11:34:09',	'2018-06-04 11:34:09',	NULL),
(693,	'Luiz Gustavo Skiba',	'qrcode',	'2018-06-04 11:34:09',	'2018-06-04 11:34:09',	NULL),
(694,	'Marcelo Gabriel Hasper',	'qrcode',	'2018-06-04 11:34:09',	'2018-06-04 11:34:09',	NULL),
(695,	'Maria Paula Pedo Domingues',	'qrcode',	'2018-06-04 11:34:09',	'2018-06-04 11:34:09',	NULL),
(696,	'Milena Natlia Alves Grigorio',	'qrcode',	'2018-06-04 11:34:09',	'2018-06-04 11:34:09',	NULL),
(697,	'Murilo Gabriel Verplotz',	'qrcode',	'2018-06-04 11:34:09',	'2018-06-04 11:34:09',	NULL),
(698,	'Nathaly Eloise Henning',	'qrcode',	'2018-06-04 11:34:09',	'2018-06-04 11:34:09',	NULL),
(699,	'Nauhana Julia Boebel Zembrani',	'qrcode',	'2018-06-04 11:34:09',	'2018-06-04 11:34:09',	NULL),
(700,	'Nickolas Marmitt Murakami',	'qrcode',	'2018-06-04 11:34:09',	'2018-06-04 11:34:09',	NULL),
(701,	'Paulo Henrique de Souza',	'qrcode',	'2018-06-04 11:34:09',	'2018-06-04 11:34:09',	NULL),
(702,	'Ruan Augusto Lobo Rodrigues',	'qrcode',	'2018-06-04 11:34:09',	'2018-06-04 11:34:09',	NULL),
(703,	'Shayane Viana de Souza',	'qrcode',	'2018-06-04 11:34:09',	'2018-06-04 11:34:09',	NULL),
(704,	'Thaynara Cichoski',	'qrcode',	'2018-06-04 11:34:09',	'2018-06-04 11:34:09',	NULL),
(705,	'Beatriz Cristina de Oliveira Vieira',	'qrcode',	'2018-06-04 11:34:09',	'2018-06-04 11:34:09',	NULL),
(706,	'Bianca Stipp Martins',	'qrcode',	'2018-06-04 11:34:09',	'2018-06-04 11:34:09',	NULL),
(707,	'Claudio Tomz Jubanski',	'qrcode',	'2018-06-04 11:34:09',	'2018-06-04 11:34:09',	NULL),
(708,	'Everaldo Batista de Lara',	'qrcode',	'2018-06-04 11:34:09',	'2018-06-04 11:34:09',	NULL),
(709,	'Gabriela Farias Santana',	'qrcode',	'2018-06-04 11:34:09',	'2018-06-04 11:34:09',	NULL),
(710,	'Geisyane Karina Gonzaga',	'qrcode',	'2018-06-04 11:34:09',	'2018-06-04 11:34:09',	NULL),
(711,	'Jefferson Schmoeller Marcolino',	'qrcode',	'2018-06-04 11:34:09',	'2018-06-04 11:34:09',	NULL),
(712,	'Jssica Paulina Vieira',	'qrcode',	'2018-06-04 11:34:09',	'2018-06-04 11:34:09',	NULL),
(713,	'Joo Gabriel Schonrock',	'qrcode',	'2018-06-04 11:34:09',	'2018-06-04 11:34:09',	NULL),
(714,	'Jorge Luiz de Miranda Junior',	'qrcode',	'2018-06-04 11:34:09',	'2018-06-04 11:34:09',	NULL),
(715,	'Luan Krger',	'qrcode',	'2018-06-04 11:34:09',	'2018-06-04 11:34:09',	NULL),
(716,	'Lucas Hellmann de Oliveira',	'qrcode',	'2018-06-04 11:34:09',	'2018-06-04 11:34:09',	NULL),
(717,	'Luiza Teixeira Souza',	'qrcode',	'2018-06-04 11:34:09',	'2018-06-04 11:34:09',	NULL),
(718,	'Marilha de Lima Caetano',	'qrcode',	'2018-06-04 11:34:09',	'2018-06-04 11:34:09',	NULL),
(719,	'Marina Bz Grio da Silva',	'qrcode',	'2018-06-04 11:34:09',	'2018-06-04 11:34:09',	NULL),
(720,	'Marina Zoccatelli',	'qrcode',	'2018-06-04 11:34:09',	'2018-06-04 11:34:09',	NULL),
(721,	'Natlia Momm',	'qrcode',	'2018-06-04 11:34:09',	'2018-06-04 11:34:09',	NULL),
(722,	'Nathyele Kettlin da Costa',	'qrcode',	'2018-06-04 11:34:09',	'2018-06-04 11:34:09',	NULL),
(723,	'Otvio Ruan da Cunha',	'qrcode',	'2018-06-04 11:34:09',	'2018-06-04 11:34:09',	NULL),
(724,	'Rafaella Soares Lana',	'qrcode',	'2018-06-04 11:34:09',	'2018-06-04 11:34:09',	NULL),
(725,	'Thales Juarez Jobins Patel Martins',	'qrcode',	'2018-06-04 11:34:09',	'2018-06-04 11:34:09',	NULL),
(726,	'Thayna Karoliny da Maia',	'qrcode',	'2018-06-04 11:34:09',	'2018-06-04 11:34:09',	NULL),
(727,	'Thaynara Laurentino Belegante',	'qrcode',	'2018-06-04 11:34:09',	'2018-06-04 11:34:09',	NULL),
(728,	'Willian Enore do Espirito Santo',	'qrcode',	'2018-06-04 11:34:09',	'2018-06-04 11:34:09',	NULL);

DROP TABLE IF EXISTS `record_children`;
CREATE TABLE `record_children` (
  `id` int(10) unsigned NOT NULL AUTO_INCREMENT,
  `approved` tinyint(1) NOT NULL,
  `created_at` timestamp NULL DEFAULT NULL,
  `updated_at` timestamp NULL DEFAULT NULL,
  `person_id` int(10) unsigned NOT NULL,
  `record_father_id` int(10) unsigned NOT NULL,
  `payment_type_id` int(10) unsigned NOT NULL,
  PRIMARY KEY (`id`),
  KEY `record_children_person_id_foreign` (`person_id`),
  KEY `record_children_record_father_id_foreign` (`record_father_id`),
  KEY `record_children_payment_type_id_foreign` (`payment_type_id`),
  CONSTRAINT `record_children_payment_type_id_foreign` FOREIGN KEY (`payment_type_id`) REFERENCES `payment_types` (`id`),
  CONSTRAINT `record_children_person_id_foreign` FOREIGN KEY (`person_id`) REFERENCES `persons` (`id`),
  CONSTRAINT `record_children_record_father_id_foreign` FOREIGN KEY (`record_father_id`) REFERENCES `record_father` (`id`)
) ENGINE=InnoDB DEFAULT CHARSET=utf8 COLLATE=utf8_unicode_ci;

INSERT INTO `record_children` (`id`, `approved`, `created_at`, `updated_at`, `person_id`, `record_father_id`, `payment_type_id`) VALUES
(1,	0,	'2018-06-04 13:12:53',	'2018-06-04 13:12:53',	510,	1,	1),
(2,	1,	'2018-06-04 18:33:00',	'2018-06-04 18:33:00',	254,	1,	1),
(3,	1,	'2018-06-04 18:33:17',	'2018-06-04 18:33:17',	253,	1,	1),
(4,	1,	'2018-06-04 18:33:43',	'2018-06-04 18:33:43',	270,	1,	1),
(5,	1,	'2018-06-04 18:33:55',	'2018-06-04 18:33:55',	220,	1,	1),
(6,	1,	'2018-06-04 18:34:11',	'2018-06-04 18:34:11',	286,	1,	1),
(7,	1,	'2018-06-04 18:34:52',	'2018-06-04 18:34:52',	337,	1,	1),
(8,	1,	'2018-06-04 18:35:11',	'2018-06-04 18:35:11',	259,	1,	1),
(9,	1,	'2018-06-04 18:35:27',	'2018-06-04 18:35:27',	127,	1,	1),
(10,	1,	'2018-06-04 18:35:36',	'2018-06-04 18:35:36',	218,	1,	1),
(11,	1,	'2018-06-04 18:35:46',	'2018-06-04 18:35:46',	251,	1,	1),
(12,	1,	'2018-06-04 18:35:55',	'2018-06-04 18:35:55',	210,	1,	1),
(13,	1,	'2018-06-04 18:36:10',	'2018-06-04 18:36:10',	186,	1,	1),
(14,	1,	'2018-06-05 11:00:35',	'2018-06-05 11:00:35',	346,	2,	1),
(15,	1,	'2018-06-05 11:05:23',	'2018-06-05 11:05:23',	365,	2,	1),
(16,	1,	'2018-06-05 11:05:44',	'2018-06-05 11:05:44',	337,	2,	1),
(17,	1,	'2018-06-05 11:06:27',	'2018-06-05 11:06:27',	359,	2,	1),
(18,	1,	'2018-06-05 11:06:47',	'2018-06-05 11:06:47',	358,	2,	1),
(19,	1,	'2018-06-05 11:07:34',	'2018-06-05 11:07:34',	349,	2,	1),
(20,	1,	'2018-06-05 11:07:54',	'2018-06-05 11:07:54',	361,	2,	1),
(21,	1,	'2018-06-05 11:08:10',	'2018-06-05 11:08:10',	356,	2,	1),
(22,	1,	'2018-06-05 11:08:28',	'2018-06-05 11:08:28',	335,	2,	1),
(23,	1,	'2018-06-05 11:08:46',	'2018-06-05 11:08:46',	370,	2,	1),
(24,	1,	'2018-06-05 11:09:04',	'2018-06-05 11:09:04',	367,	2,	1),
(25,	1,	'2018-06-05 11:09:21',	'2018-06-05 11:09:21',	347,	2,	1),
(26,	1,	'2018-06-05 11:09:32',	'2018-06-05 11:09:32',	353,	2,	1),
(27,	1,	'2018-06-05 11:09:48',	'2018-06-05 11:09:48',	339,	2,	1),
(28,	1,	'2018-06-05 11:10:28',	'2018-06-05 11:10:28',	342,	2,	1),
(29,	1,	'2018-06-05 11:10:54',	'2018-06-05 11:10:54',	368,	2,	1),
(30,	1,	'2018-06-05 11:11:07',	'2018-06-05 11:11:07',	338,	2,	1),
(31,	1,	'2018-06-05 11:11:51',	'2018-06-05 11:11:51',	344,	2,	1),
(32,	1,	'2018-06-05 11:12:10',	'2018-06-05 11:12:10',	350,	2,	1),
(33,	1,	'2018-06-05 11:12:24',	'2018-06-05 11:12:24',	336,	2,	1),
(34,	1,	'2018-06-05 11:12:46',	'2018-06-05 11:12:46',	618,	2,	1),
(35,	1,	'2018-06-05 11:13:03',	'2018-06-05 11:13:03',	597,	2,	1),
(36,	1,	'2018-06-05 11:13:14',	'2018-06-05 11:13:14',	603,	2,	1),
(37,	1,	'2018-06-05 11:13:36',	'2018-06-05 11:13:36',	467,	2,	1),
(38,	1,	'2018-06-05 11:13:53',	'2018-06-05 11:13:53',	470,	2,	1),
(39,	1,	'2018-06-05 11:14:11',	'2018-06-05 11:14:11',	462,	2,	1),
(40,	1,	'2018-06-05 11:14:27',	'2018-06-05 11:14:27',	463,	2,	1),
(41,	1,	'2018-06-05 11:14:45',	'2018-06-05 11:14:45',	459,	2,	1),
(42,	1,	'2018-06-05 11:14:56',	'2018-06-05 11:14:56',	474,	2,	1),
(43,	1,	'2018-06-05 11:15:11',	'2018-06-05 11:15:11',	472,	2,	1),
(44,	1,	'2018-06-05 11:15:33',	'2018-06-05 11:15:33',	479,	2,	1),
(45,	1,	'2018-06-05 11:15:51',	'2018-06-05 11:15:51',	468,	2,	1),
(46,	1,	'2018-06-05 11:16:05',	'2018-06-05 11:16:05',	473,	2,	1),
(47,	1,	'2018-06-05 11:16:22',	'2018-06-05 11:16:22',	57,	2,	1),
(48,	1,	'2018-06-05 11:16:42',	'2018-06-05 11:16:42',	613,	2,	1),
(49,	1,	'2018-06-05 11:16:56',	'2018-06-05 11:16:56',	621,	2,	1),
(50,	1,	'2018-06-05 11:17:14',	'2018-06-05 11:17:14',	109,	2,	1),
(51,	1,	'2018-06-05 11:17:39',	'2018-06-05 11:17:39',	628,	2,	1),
(52,	1,	'2018-06-05 11:18:02',	'2018-06-05 11:18:02',	612,	2,	1),
(53,	1,	'2018-06-05 11:18:16',	'2018-06-05 11:18:16',	596,	2,	1),
(54,	1,	'2018-06-05 11:18:26',	'2018-06-05 11:18:26',	600,	2,	1),
(55,	1,	'2018-06-05 11:18:35',	'2018-06-05 11:18:35',	605,	2,	1),
(56,	1,	'2018-06-05 11:18:42',	'2018-06-05 11:18:42',	454,	2,	1),
(57,	1,	'2018-06-05 11:18:53',	'2018-06-05 11:18:53',	476,	2,	1),
(58,	1,	'2018-06-05 11:19:09',	'2018-06-05 11:19:09',	446,	2,	1),
(59,	1,	'2018-06-05 11:19:20',	'2018-06-05 11:19:20',	449,	2,	1),
(60,	1,	'2018-06-05 11:19:27',	'2018-06-05 11:19:27',	445,	2,	1),
(61,	1,	'2018-06-05 11:19:32',	'2018-06-05 11:19:32',	451,	2,	1),
(62,	1,	'2018-06-05 11:19:40',	'2018-06-05 11:19:40',	471,	2,	1),
(63,	1,	'2018-06-05 11:19:47',	'2018-06-05 11:19:47',	450,	2,	1),
(64,	1,	'2018-06-05 11:20:13',	'2018-06-05 11:20:13',	56,	2,	1),
(65,	1,	'2018-06-05 11:20:21',	'2018-06-05 11:20:21',	48,	2,	1),
(66,	1,	'2018-06-05 11:20:33',	'2018-06-05 11:20:33',	443,	2,	1),
(67,	1,	'2018-06-05 11:20:52',	'2018-06-05 11:20:52',	317,	2,	1),
(68,	1,	'2018-06-05 11:21:16',	'2018-06-05 11:21:16',	312,	2,	1),
(69,	1,	'2018-06-05 11:21:39',	'2018-06-05 11:21:39',	306,	2,	1),
(70,	1,	'2018-06-05 11:21:54',	'2018-06-05 11:21:54',	307,	2,	1),
(71,	1,	'2018-06-05 11:22:35',	'2018-06-05 11:22:35',	582,	2,	1),
(72,	1,	'2018-06-05 11:23:04',	'2018-06-05 11:23:04',	590,	2,	1),
(73,	1,	'2018-06-05 11:23:28',	'2018-06-05 11:23:28',	318,	2,	1),
(74,	1,	'2018-06-05 11:23:35',	'2018-06-05 11:23:35',	299,	2,	1),
(75,	1,	'2018-06-05 11:23:49',	'2018-06-05 11:23:49',	296,	2,	1),
(76,	1,	'2018-06-05 11:23:56',	'2018-06-05 11:23:56',	67,	2,	1),
(77,	1,	'2018-06-05 11:24:04',	'2018-06-05 11:24:04',	606,	2,	1),
(78,	1,	'2018-06-05 11:24:12',	'2018-06-05 11:24:12',	54,	2,	1),
(79,	1,	'2018-06-05 11:24:20',	'2018-06-05 11:24:20',	469,	2,	1),
(80,	1,	'2018-06-05 11:24:40',	'2018-06-05 11:24:40',	345,	2,	1),
(81,	1,	'2018-06-05 11:24:49',	'2018-06-05 11:24:49',	543,	2,	1),
(82,	1,	'2018-06-05 11:25:01',	'2018-06-05 11:25:01',	351,	2,	1),
(83,	1,	'2018-06-05 11:25:10',	'2018-06-05 11:25:10',	354,	2,	1),
(84,	1,	'2018-06-05 11:25:18',	'2018-06-05 11:25:18',	369,	2,	1),
(85,	1,	'2018-06-05 11:25:31',	'2018-06-05 11:25:31',	352,	2,	1),
(86,	1,	'2018-06-05 11:25:40',	'2018-06-05 11:25:40',	616,	2,	1),
(87,	1,	'2018-06-05 11:26:28',	'2018-06-05 11:26:28',	343,	2,	1),
(88,	1,	'2018-06-05 11:26:35',	'2018-06-05 11:26:35',	254,	2,	1),
(89,	1,	'2018-06-05 11:26:41',	'2018-06-05 11:26:41',	253,	2,	1),
(90,	1,	'2018-06-05 11:26:50',	'2018-06-05 11:26:50',	302,	2,	1),
(91,	1,	'2018-06-05 11:26:59',	'2018-06-05 11:26:59',	297,	2,	1),
(92,	1,	'2018-06-05 11:27:09',	'2018-06-05 11:27:09',	316,	2,	1),
(93,	1,	'2018-06-05 11:27:15',	'2018-06-05 11:27:15',	323,	2,	1),
(94,	1,	'2018-06-05 11:27:26',	'2018-06-05 11:27:26',	310,	2,	1),
(95,	1,	'2018-06-05 11:27:39',	'2018-06-05 11:27:39',	324,	2,	1),
(96,	1,	'2018-06-05 11:27:48',	'2018-06-05 11:27:48',	300,	2,	1),
(97,	1,	'2018-06-05 11:28:21',	'2018-06-05 11:28:21',	313,	2,	1),
(98,	1,	'2018-06-05 11:28:29',	'2018-06-05 11:28:29',	334,	2,	1),
(99,	1,	'2018-06-05 11:28:40',	'2018-06-05 11:28:40',	298,	2,	1),
(100,	1,	'2018-06-05 11:28:46',	'2018-06-05 11:28:46',	308,	2,	1),
(101,	1,	'2018-06-05 11:28:53',	'2018-06-05 11:28:53',	320,	2,	1),
(102,	1,	'2018-06-05 11:29:03',	'2018-06-05 11:29:03',	333,	2,	1),
(103,	1,	'2018-06-05 11:29:12',	'2018-06-05 11:29:12',	311,	2,	1),
(104,	1,	'2018-06-05 11:29:18',	'2018-06-05 11:29:18',	626,	2,	1),
(105,	1,	'2018-06-05 11:29:26',	'2018-06-05 11:29:26',	609,	2,	1),
(106,	1,	'2018-06-05 11:29:33',	'2018-06-05 11:29:33',	315,	2,	1),
(107,	1,	'2018-06-05 11:29:44',	'2018-06-05 11:29:44',	625,	2,	1),
(108,	1,	'2018-06-05 11:29:53',	'2018-06-05 11:29:53',	610,	2,	1),
(109,	1,	'2018-06-05 11:30:00',	'2018-06-05 11:30:00',	434,	2,	1),
(110,	1,	'2018-06-05 11:30:13',	'2018-06-05 11:30:13',	325,	2,	1),
(111,	1,	'2018-06-05 11:30:22',	'2018-06-05 11:30:22',	322,	2,	1),
(112,	1,	'2018-06-05 11:30:34',	'2018-06-05 11:30:34',	328,	2,	1),
(113,	1,	'2018-06-05 11:30:46',	'2018-06-05 11:30:46',	332,	2,	1),
(114,	1,	'2018-06-05 11:31:01',	'2018-06-05 11:31:01',	309,	2,	1),
(115,	1,	'2018-06-05 11:31:11',	'2018-06-05 11:31:11',	331,	2,	1),
(116,	1,	'2018-06-05 11:31:19',	'2018-06-05 11:31:19',	305,	2,	1),
(117,	1,	'2018-06-05 11:31:30',	'2018-06-05 11:31:30',	304,	2,	1),
(118,	1,	'2018-06-05 11:31:38',	'2018-06-05 11:31:38',	330,	2,	1),
(119,	1,	'2018-06-05 11:31:45',	'2018-06-05 11:31:45',	321,	2,	1),
(120,	1,	'2018-06-05 11:31:52',	'2018-06-05 11:31:52',	329,	2,	1),
(121,	1,	'2018-06-05 11:32:01',	'2018-06-05 11:32:01',	579,	2,	1),
(122,	1,	'2018-06-05 11:32:07',	'2018-06-05 11:32:07',	577,	2,	1),
(123,	1,	'2018-06-05 11:32:12',	'2018-06-05 11:32:12',	593,	2,	1),
(124,	1,	'2018-06-05 11:32:24',	'2018-06-05 11:32:24',	584,	2,	1),
(125,	1,	'2018-06-05 11:32:32',	'2018-06-05 11:32:32',	587,	2,	1),
(126,	1,	'2018-06-05 11:32:37',	'2018-06-05 11:32:37',	583,	2,	1),
(127,	1,	'2018-06-05 11:32:49',	'2018-06-05 11:32:49',	455,	2,	1),
(128,	1,	'2018-06-05 11:33:03',	'2018-06-05 11:33:03',	43,	2,	1),
(129,	1,	'2018-06-05 11:33:12',	'2018-06-05 11:33:12',	202,	2,	1),
(130,	1,	'2018-06-05 11:33:21',	'2018-06-05 11:33:21',	185,	2,	1),
(131,	1,	'2018-06-05 11:33:31',	'2018-06-05 11:33:31',	574,	2,	1),
(132,	1,	'2018-06-05 11:33:47',	'2018-06-05 11:33:47',	326,	2,	1),
(133,	1,	'2018-06-05 11:34:00',	'2018-06-05 11:34:00',	502,	2,	1),
(134,	1,	'2018-06-05 11:34:08',	'2018-06-05 11:34:08',	458,	2,	1),
(135,	1,	'2018-06-05 11:34:37',	'2018-06-05 11:34:37',	623,	2,	1),
(136,	1,	'2018-06-05 11:34:45',	'2018-06-05 11:34:45',	608,	2,	1),
(137,	1,	'2018-06-05 11:34:51',	'2018-06-05 11:34:51',	617,	2,	1),
(138,	1,	'2018-06-05 11:35:05',	'2018-06-05 11:35:05',	430,	2,	1),
(139,	1,	'2018-06-05 11:35:14',	'2018-06-05 11:35:14',	416,	2,	1),
(140,	1,	'2018-06-05 11:35:23',	'2018-06-05 11:35:23',	37,	2,	1),
(141,	1,	'2018-06-05 11:35:30',	'2018-06-05 11:35:30',	419,	2,	1),
(142,	1,	'2018-06-05 11:35:40',	'2018-06-05 11:35:40',	422,	2,	1),
(143,	1,	'2018-06-05 11:35:47',	'2018-06-05 11:35:47',	442,	2,	1),
(144,	1,	'2018-06-05 11:35:56',	'2018-06-05 11:35:56',	51,	2,	1),
(145,	1,	'2018-06-05 11:36:04',	'2018-06-05 11:36:04',	59,	2,	1),
(146,	1,	'2018-06-05 11:36:13',	'2018-06-05 11:36:13',	49,	2,	1),
(147,	1,	'2018-06-05 11:36:22',	'2018-06-05 11:36:22',	52,	2,	1),
(148,	1,	'2018-06-05 11:36:32',	'2018-06-05 11:36:32',	355,	2,	1),
(149,	1,	'2018-06-05 11:36:56',	'2018-06-05 11:36:56',	461,	2,	1),
(150,	1,	'2018-06-05 11:37:04',	'2018-06-05 11:37:04',	475,	2,	1),
(151,	1,	'2018-06-05 11:37:14',	'2018-06-05 11:37:14',	478,	2,	1),
(152,	1,	'2018-06-05 11:38:22',	'2018-06-05 11:38:22',	362,	2,	1),
(153,	1,	'2018-06-05 11:38:37',	'2018-06-05 11:38:37',	619,	2,	1),
(154,	1,	'2018-06-05 11:38:49',	'2018-06-05 11:38:49',	615,	2,	1),
(155,	1,	'2018-06-05 11:38:56',	'2018-06-05 11:38:56',	83,	2,	1),
(156,	1,	'2018-06-05 11:39:04',	'2018-06-05 11:39:04',	327,	2,	1),
(157,	1,	'2018-06-05 11:39:19',	'2018-06-05 11:39:19',	601,	2,	1),
(158,	1,	'2018-06-05 11:39:30',	'2018-06-05 11:39:30',	607,	2,	1),
(159,	1,	'2018-06-05 11:39:39',	'2018-06-05 11:39:39',	602,	2,	1),
(160,	1,	'2018-06-05 11:39:54',	'2018-06-05 11:39:54',	629,	2,	1),
(161,	1,	'2018-06-05 11:40:17',	'2018-06-05 11:40:17',	65,	2,	1),
(162,	1,	'2018-06-05 11:40:28',	'2018-06-05 11:40:28',	101,	2,	1),
(163,	1,	'2018-06-05 11:40:36',	'2018-06-05 11:40:36',	53,	2,	1),
(164,	1,	'2018-06-05 11:40:44',	'2018-06-05 11:40:44',	50,	2,	1),
(165,	1,	'2018-06-05 11:40:54',	'2018-06-05 11:40:54',	68,	2,	1),
(166,	1,	'2018-06-05 11:41:07',	'2018-06-05 11:41:07',	196,	2,	1),
(167,	1,	'2018-06-05 11:41:29',	'2018-06-05 11:41:29',	182,	2,	1),
(168,	1,	'2018-06-05 11:41:34',	'2018-06-05 11:41:34',	181,	2,	1),
(169,	1,	'2018-06-05 11:41:49',	'2018-06-05 11:41:49',	187,	2,	1),
(170,	1,	'2018-06-05 11:41:59',	'2018-06-05 11:41:59',	180,	2,	1),
(171,	1,	'2018-06-05 11:42:07',	'2018-06-05 11:42:07',	197,	2,	1),
(172,	1,	'2018-06-05 11:42:29',	'2018-06-05 11:42:29',	589,	2,	1),
(173,	1,	'2018-06-05 11:42:43',	'2018-06-05 11:42:43',	464,	2,	1),
(174,	1,	'2018-06-05 11:42:52',	'2018-06-05 11:42:52',	460,	2,	1),
(175,	1,	'2018-06-05 11:43:01',	'2018-06-05 11:43:01',	620,	2,	1),
(176,	1,	'2018-06-05 11:43:10',	'2018-06-05 11:43:10',	599,	2,	1),
(177,	1,	'2018-06-05 11:43:37',	'2018-06-05 11:43:37',	627,	2,	1),
(178,	1,	'2018-06-05 11:43:45',	'2018-06-05 11:43:45',	243,	2,	1),
(179,	1,	'2018-06-05 11:43:56',	'2018-06-05 11:43:56',	256,	2,	1),
(180,	1,	'2018-06-05 11:44:05',	'2018-06-05 11:44:05',	263,	2,	1),
(181,	1,	'2018-06-05 11:44:11',	'2018-06-05 11:44:11',	245,	2,	1),
(182,	1,	'2018-06-05 11:44:21',	'2018-06-05 11:44:21',	264,	2,	1),
(183,	1,	'2018-06-05 11:44:29',	'2018-06-05 11:44:29',	246,	2,	1),
(184,	1,	'2018-06-05 11:44:37',	'2018-06-05 11:44:37',	257,	2,	1),
(185,	1,	'2018-06-05 11:44:49',	'2018-06-05 11:44:49',	360,	2,	1),
(186,	1,	'2018-06-05 11:44:59',	'2018-06-05 11:44:59',	61,	2,	1),
(187,	1,	'2018-06-05 11:45:07',	'2018-06-05 11:45:07',	71,	2,	1),
(188,	1,	'2018-06-05 11:45:13',	'2018-06-05 11:45:13',	340,	2,	1),
(189,	1,	'2018-06-05 11:45:27',	'2018-06-05 11:45:27',	576,	2,	1),
(190,	1,	'2018-06-05 11:45:33',	'2018-06-05 11:45:33',	586,	2,	1),
(191,	1,	'2018-06-05 11:45:39',	'2018-06-05 11:45:39',	588,	2,	1),
(192,	1,	'2018-06-05 11:45:56',	'2018-06-05 11:45:56',	581,	2,	1),
(193,	1,	'2018-06-05 11:46:07',	'2018-06-05 11:46:07',	594,	2,	1),
(194,	1,	'2018-06-05 11:46:14',	'2018-06-05 11:46:14',	260,	2,	1),
(195,	1,	'2018-06-05 11:46:21',	'2018-06-05 11:46:21',	76,	2,	1),
(196,	1,	'2018-06-05 11:46:29',	'2018-06-05 11:46:29',	55,	2,	1),
(197,	1,	'2018-06-05 11:46:38',	'2018-06-05 11:46:38',	41,	2,	1),
(198,	1,	'2018-06-05 11:46:45',	'2018-06-05 11:46:45',	40,	2,	1),
(199,	1,	'2018-06-05 11:47:49',	'2018-06-05 11:47:49',	200,	2,	1),
(200,	1,	'2018-06-05 11:47:58',	'2018-06-05 11:47:58',	195,	2,	1),
(201,	1,	'2018-06-05 11:48:04',	'2018-06-05 11:48:04',	194,	2,	1),
(202,	1,	'2018-06-05 11:48:13',	'2018-06-05 11:48:13',	188,	2,	1),
(203,	1,	'2018-06-05 11:48:29',	'2018-06-05 11:48:29',	250,	2,	1),
(204,	1,	'2018-06-05 11:48:40',	'2018-06-05 11:48:40',	261,	2,	1),
(205,	1,	'2018-06-05 11:48:54',	'2018-06-05 11:48:54',	249,	2,	1),
(206,	1,	'2018-06-05 11:49:23',	'2018-06-05 11:49:23',	252,	2,	1),
(207,	1,	'2018-06-05 11:49:41',	'2018-06-05 11:49:41',	457,	2,	1),
(208,	1,	'2018-06-05 11:49:55',	'2018-06-05 11:49:55',	45,	2,	1),
(209,	1,	'2018-06-05 11:50:10',	'2018-06-05 11:50:10',	62,	2,	1),
(210,	1,	'2018-06-05 11:50:40',	'2018-06-05 11:50:40',	183,	2,	1),
(211,	1,	'2018-06-05 11:50:52',	'2018-06-05 11:50:52',	205,	2,	1),
(212,	1,	'2018-06-05 11:51:05',	'2018-06-05 11:51:05',	179,	2,	1),
(213,	1,	'2018-06-05 11:51:22',	'2018-06-05 11:51:22',	190,	2,	1),
(214,	1,	'2018-06-05 11:51:30',	'2018-06-05 11:51:30',	477,	2,	1),
(215,	1,	'2018-06-05 11:51:40',	'2018-06-05 11:51:40',	97,	2,	1),
(216,	1,	'2018-06-05 11:52:01',	'2018-06-05 11:52:01',	72,	2,	1),
(217,	1,	'2018-06-05 11:52:08',	'2018-06-05 11:52:08',	622,	2,	1),
(218,	1,	'2018-06-05 11:52:29',	'2018-06-05 11:52:29',	94,	2,	1),
(219,	1,	'2018-06-05 11:52:53',	'2018-06-05 11:52:53',	102,	2,	1),
(220,	1,	'2018-06-05 11:53:02',	'2018-06-05 11:53:02',	104,	2,	1),
(221,	1,	'2018-06-05 11:53:22',	'2018-06-05 11:53:22',	90,	2,	1),
(222,	1,	'2018-06-05 11:53:29',	'2018-06-05 11:53:29',	108,	2,	1),
(223,	1,	'2018-06-05 11:53:42',	'2018-06-05 11:53:42',	106,	2,	1),
(224,	1,	'2018-06-05 11:53:51',	'2018-06-05 11:53:51',	201,	2,	1),
(225,	1,	'2018-06-05 11:54:05',	'2018-06-05 11:54:05',	207,	2,	1),
(226,	1,	'2018-06-05 11:54:19',	'2018-06-05 11:54:19',	204,	2,	1),
(227,	1,	'2018-06-05 11:54:27',	'2018-06-05 11:54:27',	193,	2,	1),
(228,	1,	'2018-06-05 11:54:39',	'2018-06-05 11:54:39',	198,	2,	1),
(229,	1,	'2018-06-05 11:54:47',	'2018-06-05 11:54:47',	189,	2,	1),
(230,	1,	'2018-06-05 11:55:01',	'2018-06-05 11:55:01',	611,	2,	1),
(231,	1,	'2018-06-05 11:55:10',	'2018-06-05 11:55:10',	20,	2,	1),
(232,	1,	'2018-06-05 11:55:18',	'2018-06-05 11:55:18',	92,	2,	1),
(233,	1,	'2018-06-05 11:55:26',	'2018-06-05 11:55:26',	81,	2,	1),
(234,	1,	'2018-06-05 11:55:45',	'2018-06-05 11:55:45',	87,	2,	1),
(235,	1,	'2018-06-05 11:55:54',	'2018-06-05 11:55:54',	99,	2,	1),
(236,	1,	'2018-06-05 11:56:01',	'2018-06-05 11:56:01',	111,	2,	1),
(237,	1,	'2018-06-05 11:56:08',	'2018-06-05 11:56:08',	89,	2,	1),
(238,	1,	'2018-06-05 11:56:14',	'2018-06-05 11:56:14',	105,	2,	1),
(239,	1,	'2018-06-05 11:56:20',	'2018-06-05 11:56:20',	107,	2,	1),
(240,	1,	'2018-06-05 11:56:30',	'2018-06-05 11:56:30',	86,	2,	1),
(241,	1,	'2018-06-05 11:56:38',	'2018-06-05 11:56:38',	84,	2,	1),
(242,	1,	'2018-06-05 11:56:46',	'2018-06-05 11:56:46',	119,	2,	1),
(243,	1,	'2018-06-05 11:57:06',	'2018-06-05 11:57:06',	112,	2,	1),
(244,	1,	'2018-06-05 11:57:17',	'2018-06-05 11:57:17',	93,	2,	1),
(245,	1,	'2018-06-05 11:57:26',	'2018-06-05 11:57:26',	82,	2,	1),
(246,	1,	'2018-06-05 11:57:38',	'2018-06-05 11:57:38',	113,	2,	1),
(247,	1,	'2018-06-05 11:57:47',	'2018-06-05 11:57:47',	110,	2,	1),
(248,	1,	'2018-06-05 11:57:55',	'2018-06-05 11:57:55',	115,	2,	1),
(249,	1,	'2018-06-05 11:58:06',	'2018-06-05 11:58:06',	1,	2,	1),
(250,	1,	'2018-06-05 11:58:15',	'2018-06-05 11:58:15',	415,	2,	1),
(251,	1,	'2018-06-05 11:58:34',	'2018-06-05 11:58:34',	95,	2,	1),
(252,	1,	'2018-06-05 11:58:50',	'2018-06-05 11:58:50',	78,	2,	1),
(253,	1,	'2018-06-05 11:58:57',	'2018-06-05 11:58:57',	77,	2,	1),
(254,	1,	'2018-06-05 11:59:03',	'2018-06-05 11:59:03',	3,	2,	1),
(255,	1,	'2018-06-05 11:59:32',	'2018-06-05 11:59:32',	66,	2,	1),
(256,	1,	'2018-06-05 11:59:43',	'2018-06-05 11:59:43',	58,	2,	1),
(257,	1,	'2018-06-05 11:59:51',	'2018-06-05 11:59:51',	74,	2,	1),
(258,	1,	'2018-06-05 12:00:00',	'2018-06-05 12:00:00',	667,	2,	1),
(259,	1,	'2018-06-05 12:00:13',	'2018-06-05 12:00:13',	143,	2,	1),
(260,	1,	'2018-06-05 12:00:22',	'2018-06-05 12:00:22',	149,	2,	1),
(261,	1,	'2018-06-05 12:00:39',	'2018-06-05 12:00:39',	121,	2,	1),
(262,	1,	'2018-06-05 12:01:00',	'2018-06-05 12:01:00',	145,	2,	1),
(263,	1,	'2018-06-05 12:01:09',	'2018-06-05 12:01:09',	131,	2,	1),
(264,	1,	'2018-06-05 12:01:17',	'2018-06-05 12:01:17',	124,	2,	1),
(265,	1,	'2018-06-05 12:01:26',	'2018-06-05 12:01:26',	122,	2,	1),
(266,	1,	'2018-06-05 12:01:35',	'2018-06-05 12:01:35',	132,	2,	1),
(267,	1,	'2018-06-05 12:01:41',	'2018-06-05 12:01:41',	146,	2,	1),
(268,	1,	'2018-06-05 12:01:48',	'2018-06-05 12:01:48',	130,	2,	1),
(269,	1,	'2018-06-05 12:02:00',	'2018-06-05 12:02:00',	148,	2,	1),
(270,	1,	'2018-06-05 12:02:10',	'2018-06-05 12:02:10',	150,	2,	1),
(271,	1,	'2018-06-05 12:02:19',	'2018-06-05 12:02:19',	123,	2,	1),
(272,	1,	'2018-06-05 12:02:27',	'2018-06-05 12:02:27',	159,	2,	1),
(273,	1,	'2018-06-05 12:02:34',	'2018-06-05 12:02:34',	142,	2,	1),
(274,	1,	'2018-06-05 12:02:44',	'2018-06-05 12:02:44',	126,	2,	1),
(275,	1,	'2018-06-05 12:02:50',	'2018-06-05 12:02:50',	199,	2,	1),
(276,	1,	'2018-06-05 12:03:01',	'2018-06-05 12:03:01',	136,	2,	1),
(277,	1,	'2018-06-05 12:03:10',	'2018-06-05 12:03:10',	184,	2,	1),
(278,	1,	'2018-06-05 12:03:25',	'2018-06-05 12:03:25',	141,	2,	1),
(279,	1,	'2018-06-05 12:03:34',	'2018-06-05 12:03:34',	127,	2,	1),
(280,	1,	'2018-06-05 12:03:49',	'2018-06-05 12:03:49',	139,	2,	1),
(281,	1,	'2018-06-05 12:04:04',	'2018-06-05 12:04:04',	186,	2,	1),
(282,	1,	'2018-06-05 12:04:12',	'2018-06-05 12:04:12',	203,	2,	1),
(283,	1,	'2018-06-05 12:04:18',	'2018-06-05 12:04:18',	289,	2,	1),
(284,	1,	'2018-06-05 12:04:24',	'2018-06-05 12:04:24',	294,	2,	1),
(285,	1,	'2018-06-05 12:04:34',	'2018-06-05 12:04:34',	118,	2,	1),
(286,	1,	'2018-06-05 12:04:44',	'2018-06-05 12:04:44',	134,	2,	1),
(287,	1,	'2018-06-05 12:04:54',	'2018-06-05 12:04:54',	133,	2,	1),
(288,	1,	'2018-06-05 12:05:04',	'2018-06-05 12:05:04',	138,	2,	1),
(289,	1,	'2018-06-05 12:05:12',	'2018-06-05 12:05:12',	140,	2,	1),
(290,	1,	'2018-06-05 12:05:18',	'2018-06-05 12:05:18',	147,	2,	1),
(291,	1,	'2018-06-05 12:05:28',	'2018-06-05 12:05:28',	427,	2,	1),
(292,	1,	'2018-06-05 12:05:43',	'2018-06-05 12:05:43',	98,	2,	1),
(293,	1,	'2018-06-05 12:05:55',	'2018-06-05 12:05:55',	103,	2,	1),
(294,	1,	'2018-06-05 12:06:02',	'2018-06-05 12:06:02',	96,	2,	1),
(295,	1,	'2018-06-05 12:06:07',	'2018-06-05 12:06:07',	363,	2,	1),
(296,	1,	'2018-06-05 12:06:28',	'2018-06-05 12:06:28',	15,	2,	1),
(297,	1,	'2018-06-05 12:06:42',	'2018-06-05 12:06:42',	14,	2,	1),
(298,	1,	'2018-06-05 12:06:49',	'2018-06-05 12:06:49',	16,	2,	1),
(299,	1,	'2018-06-05 12:06:59',	'2018-06-05 12:06:59',	29,	2,	1),
(300,	1,	'2018-06-05 12:07:12',	'2018-06-05 12:07:12',	24,	2,	1),
(301,	1,	'2018-06-05 12:07:19',	'2018-06-05 12:07:19',	38,	2,	1),
(302,	1,	'2018-06-05 12:07:27',	'2018-06-05 12:07:27',	27,	2,	1),
(303,	1,	'2018-06-05 12:07:37',	'2018-06-05 12:07:37',	6,	2,	1),
(304,	1,	'2018-06-05 12:07:47',	'2018-06-05 12:07:47',	32,	2,	1),
(305,	1,	'2018-06-05 12:07:54',	'2018-06-05 12:07:54',	25,	2,	1),
(306,	1,	'2018-06-05 12:08:01',	'2018-06-05 12:08:01',	19,	2,	1),
(307,	1,	'2018-06-05 12:08:11',	'2018-06-05 12:08:11',	439,	2,	1),
(308,	1,	'2018-06-05 12:08:18',	'2018-06-05 12:08:18',	418,	2,	1),
(309,	1,	'2018-06-05 12:08:35',	'2018-06-05 12:08:35',	414,	2,	1),
(310,	1,	'2018-06-05 12:08:41',	'2018-06-05 12:08:41',	521,	2,	1),
(311,	1,	'2018-06-05 12:08:46',	'2018-06-05 12:08:46',	561,	2,	1),
(312,	1,	'2018-06-05 12:09:06',	'2018-06-05 12:09:06',	544,	2,	1),
(313,	1,	'2018-06-05 12:09:17',	'2018-06-05 12:09:17',	22,	2,	1),
(314,	1,	'2018-06-05 12:09:25',	'2018-06-05 12:09:25',	11,	2,	1),
(315,	1,	'2018-06-05 12:09:31',	'2018-06-05 12:09:31',	10,	2,	1),
(316,	1,	'2018-06-05 12:09:38',	'2018-06-05 12:09:38',	218,	2,	1),
(317,	1,	'2018-06-05 12:09:43',	'2018-06-05 12:09:43',	210,	2,	1),
(318,	1,	'2018-06-05 12:09:53',	'2018-06-05 12:09:53',	117,	2,	1),
(319,	1,	'2018-06-05 12:10:01',	'2018-06-05 12:10:01',	85,	2,	1),
(320,	1,	'2018-06-05 12:10:12',	'2018-06-05 12:10:12',	144,	2,	1),
(321,	1,	'2018-06-05 12:10:18',	'2018-06-05 12:10:18',	259,	2,	1),
(322,	1,	'2018-06-05 12:10:27',	'2018-06-05 12:10:27',	7,	2,	1),
(323,	1,	'2018-06-05 12:10:34',	'2018-06-05 12:10:34',	17,	2,	1),
(324,	1,	'2018-06-05 12:10:45',	'2018-06-05 12:10:45',	28,	2,	1),
(325,	1,	'2018-06-05 12:10:59',	'2018-06-05 12:10:59',	391,	2,	1),
(326,	1,	'2018-06-05 12:11:22',	'2018-06-05 12:11:22',	381,	2,	1),
(327,	1,	'2018-06-05 12:11:35',	'2018-06-05 12:11:35',	21,	2,	1),
(328,	1,	'2018-06-05 12:11:48',	'2018-06-05 12:11:48',	388,	2,	1),
(329,	1,	'2018-06-05 12:11:57',	'2018-06-05 12:11:57',	410,	2,	1),
(330,	1,	'2018-06-05 12:12:13',	'2018-06-05 12:12:13',	382,	2,	1),
(331,	1,	'2018-06-05 12:12:23',	'2018-06-05 12:12:23',	591,	2,	1),
(332,	1,	'2018-06-05 12:12:35',	'2018-06-05 12:12:35',	578,	2,	1),
(333,	1,	'2018-06-05 12:12:48',	'2018-06-05 12:12:48',	80,	2,	1),
(334,	1,	'2018-06-05 12:12:57',	'2018-06-05 12:12:57',	64,	2,	1),
(335,	1,	'2018-06-05 12:13:10',	'2018-06-05 12:13:10',	465,	2,	1),
(336,	1,	'2018-06-05 12:13:21',	'2018-06-05 12:13:21',	399,	2,	1),
(337,	1,	'2018-06-05 12:13:29',	'2018-06-05 12:13:29',	456,	2,	1),
(338,	1,	'2018-06-05 12:13:37',	'2018-06-05 12:13:37',	549,	2,	1),
(339,	1,	'2018-06-05 12:13:46',	'2018-06-05 12:13:46',	405,	2,	1),
(340,	1,	'2018-06-05 12:13:52',	'2018-06-05 12:13:52',	396,	2,	1),
(341,	1,	'2018-06-05 12:13:59',	'2018-06-05 12:13:59',	403,	2,	1),
(342,	1,	'2018-06-05 12:14:08',	'2018-06-05 12:14:08',	392,	2,	1),
(343,	1,	'2018-06-05 12:14:22',	'2018-06-05 12:14:22',	377,	2,	1),
(344,	1,	'2018-06-05 12:14:31',	'2018-06-05 12:14:31',	18,	2,	1),
(345,	1,	'2018-06-05 12:14:41',	'2018-06-05 12:14:41',	35,	2,	1),
(346,	1,	'2018-06-05 12:14:52',	'2018-06-05 12:14:52',	167,	2,	1),
(347,	1,	'2018-06-05 12:15:01',	'2018-06-05 12:15:01',	34,	2,	1),
(348,	1,	'2018-06-05 12:15:09',	'2018-06-05 12:15:09',	23,	2,	1),
(349,	1,	'2018-06-05 12:15:17',	'2018-06-05 12:15:17',	503,	2,	1),
(350,	1,	'2018-06-05 12:15:24',	'2018-06-05 12:15:24',	500,	2,	1),
(351,	1,	'2018-06-05 12:15:31',	'2018-06-05 12:15:31',	483,	2,	1),
(352,	1,	'2018-06-05 12:15:44',	'2018-06-05 12:15:44',	498,	2,	1),
(353,	1,	'2018-06-05 12:15:50',	'2018-06-05 12:15:50',	489,	2,	1),
(354,	1,	'2018-06-05 12:15:58',	'2018-06-05 12:15:58',	511,	2,	1),
(355,	1,	'2018-06-05 12:16:10',	'2018-06-05 12:16:10',	490,	2,	1),
(356,	1,	'2018-06-05 12:16:22',	'2018-06-05 12:16:22',	397,	2,	1),
(357,	1,	'2018-06-05 12:16:30',	'2018-06-05 12:16:30',	406,	2,	1),
(358,	1,	'2018-06-05 12:16:36',	'2018-06-05 12:16:36',	376,	2,	1),
(359,	1,	'2018-06-05 12:16:49',	'2018-06-05 12:16:49',	386,	2,	1),
(360,	1,	'2018-06-05 12:17:01',	'2018-06-05 12:17:01',	598,	2,	1),
(361,	1,	'2018-06-05 12:17:13',	'2018-06-05 12:17:13',	614,	2,	1),
(362,	1,	'2018-06-05 12:17:21',	'2018-06-05 12:17:21',	546,	2,	1),
(363,	1,	'2018-06-05 12:17:28',	'2018-06-05 12:17:28',	562,	2,	1),
(364,	1,	'2018-06-05 12:17:40',	'2018-06-05 12:17:40',	564,	2,	1),
(365,	1,	'2018-06-05 12:17:52',	'2018-06-05 12:17:52',	265,	2,	1),
(366,	1,	'2018-06-05 12:18:31',	'2018-06-05 12:18:31',	407,	2,	1),
(367,	1,	'2018-06-05 12:18:40',	'2018-06-05 12:18:40',	374,	2,	1),
(368,	1,	'2018-06-05 12:18:47',	'2018-06-05 12:18:47',	404,	2,	1),
(369,	1,	'2018-06-05 12:18:56',	'2018-06-05 12:18:56',	398,	2,	1),
(370,	1,	'2018-06-05 12:19:06',	'2018-06-05 12:19:06',	387,	2,	1),
(371,	1,	'2018-06-05 12:19:13',	'2018-06-05 12:19:13',	390,	2,	1),
(372,	1,	'2018-06-05 12:19:23',	'2018-06-05 12:19:23',	373,	2,	1),
(373,	1,	'2018-06-05 12:19:33',	'2018-06-05 12:19:33',	393,	2,	1),
(374,	1,	'2018-06-05 12:19:39',	'2018-06-05 12:19:39',	394,	2,	1),
(375,	1,	'2018-06-05 12:19:52',	'2018-06-05 12:19:52',	453,	2,	1),
(376,	1,	'2018-06-05 12:20:00',	'2018-06-05 12:20:00',	447,	2,	1),
(377,	1,	'2018-06-05 12:20:13',	'2018-06-05 12:20:13',	385,	2,	1),
(378,	1,	'2018-06-05 12:20:22',	'2018-06-05 12:20:22',	380,	2,	1),
(379,	1,	'2018-06-05 12:20:30',	'2018-06-05 12:20:30',	402,	2,	1),
(380,	1,	'2018-06-05 12:20:39',	'2018-06-05 12:20:39',	395,	2,	1),
(381,	1,	'2018-06-05 12:20:46',	'2018-06-05 12:20:46',	372,	2,	1),
(382,	1,	'2018-06-05 12:20:57',	'2018-06-05 12:20:57',	408,	2,	1),
(383,	1,	'2018-06-05 12:21:07',	'2018-06-05 12:21:07',	378,	2,	1),
(384,	1,	'2018-06-05 12:21:16',	'2018-06-05 12:21:16',	400,	2,	1),
(385,	1,	'2018-06-05 12:21:28',	'2018-06-05 12:21:28',	384,	2,	1),
(386,	1,	'2018-06-05 12:21:38',	'2018-06-05 12:21:38',	383,	2,	1),
(387,	1,	'2018-06-05 12:21:47',	'2018-06-05 12:21:47',	60,	2,	1),
(388,	1,	'2018-06-05 12:21:59',	'2018-06-05 12:21:59',	31,	2,	1),
(389,	1,	'2018-06-05 12:22:07',	'2018-06-05 12:22:07',	165,	2,	1),
(390,	1,	'2018-06-05 12:22:16',	'2018-06-05 12:22:16',	171,	2,	1),
(391,	1,	'2018-06-05 12:22:27',	'2018-06-05 12:22:27',	424,	2,	1),
(392,	1,	'2018-06-05 12:22:34',	'2018-06-05 12:22:34',	158,	2,	1),
(393,	1,	'2018-06-05 12:22:50',	'2018-06-05 12:22:50',	169,	2,	1),
(394,	1,	'2018-06-05 12:23:00',	'2018-06-05 12:23:00',	725,	2,	1),
(395,	1,	'2018-06-05 12:23:05',	'2018-06-05 12:23:05',	175,	2,	1),
(396,	1,	'2018-06-05 12:23:18',	'2018-06-05 12:23:18',	164,	2,	1),
(397,	1,	'2018-06-05 12:23:26',	'2018-06-05 12:23:26',	173,	2,	1),
(398,	1,	'2018-06-05 12:23:36',	'2018-06-05 12:23:36',	162,	2,	1),
(399,	1,	'2018-06-05 12:23:47',	'2018-06-05 12:23:47',	168,	2,	1),
(400,	1,	'2018-06-05 12:23:57',	'2018-06-05 12:23:57',	172,	2,	1),
(401,	1,	'2018-06-05 12:24:04',	'2018-06-05 12:24:04',	170,	2,	1),
(402,	1,	'2018-06-05 12:24:12',	'2018-06-05 12:24:12',	161,	2,	1),
(403,	1,	'2018-06-05 12:24:18',	'2018-06-05 12:24:18',	163,	2,	1),
(404,	1,	'2018-06-05 12:24:27',	'2018-06-05 12:24:27',	166,	2,	1),
(405,	1,	'2018-06-05 12:24:38',	'2018-06-05 12:24:38',	156,	2,	1),
(406,	1,	'2018-06-05 12:24:45',	'2018-06-05 12:24:45',	157,	2,	1),
(407,	1,	'2018-06-05 12:24:54',	'2018-06-05 12:24:54',	177,	2,	1),
(408,	1,	'2018-06-05 12:25:06',	'2018-06-05 12:25:06',	283,	2,	1),
(409,	1,	'2018-06-05 12:25:13',	'2018-06-05 12:25:13',	295,	2,	1),
(410,	1,	'2018-06-05 12:25:23',	'2018-06-05 12:25:23',	270,	2,	1),
(411,	1,	'2018-06-05 12:25:30',	'2018-06-05 12:25:30',	269,	2,	1),
(412,	1,	'2018-06-05 12:25:39',	'2018-06-05 12:25:39',	314,	2,	1),
(413,	1,	'2018-06-05 12:25:50',	'2018-06-05 12:25:50',	178,	2,	1),
(414,	1,	'2018-06-05 12:26:10',	'2018-06-05 12:26:10',	152,	2,	1),
(415,	1,	'2018-06-05 12:26:19',	'2018-06-05 12:26:19',	534,	2,	1),
(416,	1,	'2018-06-05 12:26:32',	'2018-06-05 12:26:32',	532,	2,	1),
(417,	1,	'2018-06-05 12:26:40',	'2018-06-05 12:26:40',	526,	2,	1),
(418,	1,	'2018-06-05 12:26:55',	'2018-06-05 12:26:55',	522,	2,	1),
(419,	1,	'2018-06-05 12:27:02',	'2018-06-05 12:27:02',	275,	2,	1),
(420,	1,	'2018-06-05 12:27:17',	'2018-06-05 12:27:17',	287,	2,	1),
(421,	1,	'2018-06-05 12:27:27',	'2018-06-05 12:27:27',	276,	2,	1),
(422,	1,	'2018-06-05 12:27:45',	'2018-06-05 12:27:45',	273,	2,	1),
(423,	1,	'2018-06-05 12:27:54',	'2018-06-05 12:27:54',	721,	2,	1),
(424,	1,	'2018-06-05 12:28:09',	'2018-06-05 12:28:09',	727,	2,	1),
(425,	1,	'2018-06-05 12:28:18',	'2018-06-05 12:28:18',	726,	2,	1),
(426,	1,	'2018-06-05 12:28:26',	'2018-06-05 12:28:26',	720,	2,	1),
(427,	1,	'2018-06-05 12:28:37',	'2018-06-05 12:28:37',	540,	2,	1),
(428,	1,	'2018-06-05 12:28:45',	'2018-06-05 12:28:45',	529,	2,	1),
(429,	1,	'2018-06-05 12:28:58',	'2018-06-05 12:28:58',	717,	2,	1),
(430,	1,	'2018-06-05 12:29:36',	'2018-06-05 12:29:36',	530,	2,	1),
(431,	1,	'2018-06-05 12:30:00',	'2018-06-05 12:30:00',	528,	2,	1),
(432,	1,	'2018-06-05 12:30:14',	'2018-06-05 12:30:14',	539,	2,	1),
(433,	1,	'2018-06-05 12:30:24',	'2018-06-05 12:30:24',	535,	2,	1),
(434,	1,	'2018-06-05 12:30:43',	'2018-06-05 12:30:43',	274,	2,	1),
(435,	1,	'2018-06-05 12:30:58',	'2018-06-05 12:30:58',	279,	2,	1),
(436,	1,	'2018-06-05 12:31:12',	'2018-06-05 12:31:12',	258,	2,	1),
(437,	1,	'2018-06-05 12:31:24',	'2018-06-05 12:31:24',	280,	2,	1),
(438,	1,	'2018-06-05 12:31:54',	'2018-06-05 12:31:54',	533,	2,	1),
(439,	1,	'2018-06-05 12:32:07',	'2018-06-05 12:32:07',	517,	2,	1),
(440,	1,	'2018-06-05 12:32:24',	'2018-06-05 12:32:24',	527,	2,	1),
(441,	1,	'2018-06-05 12:32:58',	'2018-06-05 12:32:58',	234,	2,	1),
(442,	1,	'2018-06-05 12:33:29',	'2018-06-05 12:33:29',	237,	2,	1),
(443,	1,	'2018-06-05 12:33:46',	'2018-06-05 12:33:46',	683,	2,	1),
(444,	1,	'2018-06-05 12:34:25',	'2018-06-05 12:34:25',	409,	2,	1),
(445,	1,	'2018-06-05 12:34:36',	'2018-06-05 12:34:36',	411,	2,	1),
(446,	1,	'2018-06-05 12:34:49',	'2018-06-05 12:34:49',	429,	2,	1),
(447,	1,	'2018-06-05 12:35:11',	'2018-06-05 12:35:11',	421,	2,	1),
(448,	1,	'2018-06-05 12:35:23',	'2018-06-05 12:35:23',	214,	2,	1),
(449,	1,	'2018-06-05 12:35:34',	'2018-06-05 12:35:34',	493,	2,	1),
(450,	1,	'2018-06-05 12:36:05',	'2018-06-05 12:36:05',	494,	2,	1),
(451,	1,	'2018-06-05 12:36:24',	'2018-06-05 12:36:24',	495,	2,	1),
(452,	1,	'2018-06-05 12:36:40',	'2018-06-05 12:36:40',	553,	2,	1),
(453,	1,	'2018-06-05 12:37:16',	'2018-06-05 12:37:16',	488,	2,	1),
(454,	1,	'2018-06-05 12:38:13',	'2018-06-05 12:38:13',	507,	2,	1),
(455,	1,	'2018-06-05 12:38:48',	'2018-06-05 12:38:48',	492,	2,	1),
(456,	1,	'2018-06-05 12:39:04',	'2018-06-05 12:39:04',	486,	2,	1),
(457,	1,	'2018-06-05 12:39:23',	'2018-06-05 12:39:23',	510,	2,	1),
(458,	1,	'2018-06-05 12:39:38',	'2018-06-05 12:39:38',	568,	2,	1),
(459,	1,	'2018-06-05 12:39:58',	'2018-06-05 12:39:58',	268,	2,	1),
(460,	1,	'2018-06-05 12:40:09',	'2018-06-05 12:40:09',	271,	2,	1),
(461,	1,	'2018-06-05 12:40:26',	'2018-06-05 12:40:26',	412,	2,	1),
(462,	1,	'2018-06-05 12:40:42',	'2018-06-05 12:40:42',	565,	2,	1),
(463,	1,	'2018-06-05 12:41:08',	'2018-06-05 12:41:08',	551,	2,	1),
(464,	1,	'2018-06-05 12:41:28',	'2018-06-05 12:41:28',	555,	2,	1),
(465,	1,	'2018-06-05 12:41:38',	'2018-06-05 12:41:38',	129,	2,	1),
(466,	1,	'2018-06-05 12:48:33',	'2018-06-05 12:48:33',	520,	2,	1),
(467,	1,	'2018-06-05 12:49:56',	'2018-06-05 12:49:56',	514,	2,	1),
(468,	1,	'2018-06-05 12:50:12',	'2018-06-05 12:50:12',	541,	2,	1),
(469,	1,	'2018-06-05 12:50:32',	'2018-06-05 12:50:32',	512,	2,	1),
(470,	1,	'2018-06-05 12:51:05',	'2018-06-05 12:51:05',	531,	2,	1),
(471,	1,	'2018-06-05 12:51:31',	'2018-06-05 12:51:31',	516,	2,	1),
(472,	1,	'2018-06-05 12:53:09',	'2018-06-05 12:53:09',	624,	2,	1),
(473,	1,	'2018-06-05 12:53:41',	'2018-06-05 12:53:41',	692,	2,	1),
(474,	1,	'2018-06-05 12:54:13',	'2018-06-05 12:54:13',	69,	2,	1),
(475,	1,	'2018-06-05 12:54:32',	'2018-06-05 12:54:32',	713,	2,	1),
(476,	1,	'2018-06-05 12:54:46',	'2018-06-05 12:54:46',	715,	2,	1),
(477,	1,	'2018-06-05 12:55:23',	'2018-06-05 12:55:23',	285,	2,	1),
(478,	1,	'2018-06-05 12:55:41',	'2018-06-05 12:55:41',	538,	2,	1),
(479,	1,	'2018-06-05 12:55:56',	'2018-06-05 12:55:56',	697,	2,	1),
(480,	1,	'2018-06-05 12:57:02',	'2018-06-05 12:57:02',	674,	2,	1),
(481,	1,	'2018-06-05 12:57:49',	'2018-06-05 12:57:49',	542,	2,	1),
(482,	1,	'2018-06-05 12:59:56',	'2018-06-05 12:59:56',	208,	2,	1),
(483,	1,	'2018-06-05 13:00:27',	'2018-06-05 13:00:27',	209,	2,	1),
(484,	1,	'2018-06-05 13:00:44',	'2018-06-05 13:00:44',	211,	2,	1),
(485,	1,	'2018-06-05 13:00:54',	'2018-06-05 13:00:54',	212,	2,	1),
(486,	1,	'2018-06-05 13:01:06',	'2018-06-05 13:01:06',	213,	2,	1),
(487,	1,	'2018-06-05 13:01:19',	'2018-06-05 13:01:19',	215,	2,	1),
(488,	1,	'2018-06-05 13:01:32',	'2018-06-05 13:01:32',	216,	2,	1),
(489,	1,	'2018-06-05 13:01:51',	'2018-06-05 13:01:51',	219,	2,	1),
(490,	1,	'2018-06-05 13:02:09',	'2018-06-05 13:02:09',	220,	2,	1),
(491,	1,	'2018-06-05 13:02:19',	'2018-06-05 13:02:19',	223,	2,	1),
(492,	1,	'2018-06-05 13:02:32',	'2018-06-05 13:02:32',	224,	2,	1),
(493,	1,	'2018-06-05 13:02:43',	'2018-06-05 13:02:43',	225,	2,	1),
(494,	1,	'2018-06-05 13:02:59',	'2018-06-05 13:02:59',	226,	2,	1),
(495,	1,	'2018-06-05 13:03:16',	'2018-06-05 13:03:16',	227,	2,	1),
(496,	1,	'2018-06-05 13:03:27',	'2018-06-05 13:03:27',	228,	2,	1),
(497,	1,	'2018-06-05 13:03:40',	'2018-06-05 13:03:40',	229,	2,	1),
(498,	0,	'2018-06-05 13:04:18',	'2018-06-05 13:04:18',	230,	2,	1),
(499,	1,	'2018-06-05 13:05:04',	'2018-06-05 13:05:04',	231,	2,	1),
(500,	1,	'2018-06-05 13:05:15',	'2018-06-05 13:05:15',	232,	2,	1),
(501,	1,	'2018-06-05 13:08:34',	'2018-06-05 13:08:34',	233,	2,	1),
(502,	1,	'2018-06-05 13:08:47',	'2018-06-05 13:08:47',	235,	2,	1),
(503,	1,	'2018-06-05 13:09:23',	'2018-06-05 13:09:23',	239,	2,	1),
(504,	1,	'2018-06-05 13:09:43',	'2018-06-05 13:09:43',	240,	2,	1),
(505,	1,	'2018-06-05 13:10:17',	'2018-06-05 13:10:17',	267,	2,	1),
(506,	1,	'2018-06-05 13:10:35',	'2018-06-05 13:10:35',	272,	2,	1),
(507,	1,	'2018-06-05 13:13:13',	'2018-06-05 13:13:13',	277,	2,	1),
(508,	1,	'2018-06-05 13:13:39',	'2018-06-05 13:13:39',	281,	2,	1),
(509,	1,	'2018-06-05 13:13:54',	'2018-06-05 13:13:54',	282,	2,	1),
(510,	1,	'2018-06-05 13:14:08',	'2018-06-05 13:14:08',	284,	2,	1),
(511,	1,	'2018-06-05 13:14:57',	'2018-06-05 13:14:57',	286,	2,	1),
(512,	1,	'2018-06-05 13:15:22',	'2018-06-05 13:15:22',	293,	2,	1),
(513,	1,	'2018-06-05 13:15:38',	'2018-06-05 13:15:38',	303,	2,	1),
(514,	1,	'2018-06-05 13:15:53',	'2018-06-05 13:15:53',	319,	2,	1),
(515,	1,	'2018-06-05 13:16:22',	'2018-06-05 13:16:22',	425,	2,	1),
(516,	1,	'2018-06-05 13:16:31',	'2018-06-05 13:16:31',	426,	2,	1),
(517,	1,	'2018-06-05 13:16:49',	'2018-06-05 13:16:49',	431,	2,	1),
(518,	1,	'2018-06-05 13:17:01',	'2018-06-05 13:17:01',	435,	2,	1),
(519,	1,	'2018-06-05 13:17:14',	'2018-06-05 13:17:14',	437,	2,	1),
(520,	1,	'2018-06-05 13:17:28',	'2018-06-05 13:17:28',	438,	2,	1),
(521,	1,	'2018-06-05 13:17:44',	'2018-06-05 13:17:44',	441,	2,	1),
(522,	1,	'2018-06-05 13:18:09',	'2018-06-05 13:18:09',	481,	2,	1),
(523,	1,	'2018-06-05 13:18:17',	'2018-06-05 13:18:17',	482,	2,	1),
(524,	1,	'2018-06-05 13:18:32',	'2018-06-05 13:18:32',	485,	2,	1),
(525,	1,	'2018-06-05 13:18:50',	'2018-06-05 13:18:50',	487,	2,	1),
(526,	1,	'2018-06-05 13:19:20',	'2018-06-05 13:19:20',	496,	2,	1),
(527,	1,	'2018-06-05 13:19:31',	'2018-06-05 13:19:31',	497,	2,	1),
(528,	1,	'2018-06-05 13:23:05',	'2018-06-05 13:23:05',	501,	2,	1),
(529,	1,	'2018-06-05 13:24:10',	'2018-06-05 13:24:10',	505,	2,	1),
(530,	1,	'2018-06-05 13:25:14',	'2018-06-05 13:25:14',	508,	2,	1),
(531,	1,	'2018-06-05 13:25:51',	'2018-06-05 13:25:51',	509,	2,	1),
(532,	1,	'2018-06-05 13:26:34',	'2018-06-05 13:26:34',	523,	2,	1),
(533,	1,	'2018-06-05 13:27:01',	'2018-06-05 13:27:01',	559,	2,	1),
(534,	1,	'2018-06-05 13:27:16',	'2018-06-05 13:27:16',	566,	2,	1),
(535,	1,	'2018-06-05 13:29:29',	'2018-06-05 13:29:29',	669,	2,	1),
(536,	1,	'2018-06-05 13:31:48',	'2018-06-05 13:31:48',	670,	2,	1),
(537,	1,	'2018-06-05 13:32:19',	'2018-06-05 13:32:19',	671,	2,	1),
(538,	1,	'2018-06-05 13:32:35',	'2018-06-05 13:32:35',	672,	2,	1),
(539,	1,	'2018-06-05 13:32:46',	'2018-06-05 13:32:46',	673,	2,	1),
(540,	1,	'2018-06-05 13:33:12',	'2018-06-05 13:33:12',	675,	2,	1),
(541,	1,	'2018-06-05 13:33:44',	'2018-06-05 13:33:44',	677,	2,	1),
(542,	1,	'2018-06-05 13:34:14',	'2018-06-05 13:34:14',	681,	2,	1),
(543,	1,	'2018-06-05 13:34:34',	'2018-06-05 13:34:34',	685,	2,	1),
(544,	1,	'2018-06-05 13:34:48',	'2018-06-05 13:34:48',	686,	2,	1),
(545,	1,	'2018-06-05 13:35:07',	'2018-06-05 13:35:07',	689,	2,	1),
(546,	1,	'2018-06-05 13:35:19',	'2018-06-05 13:35:19',	690,	2,	1),
(547,	1,	'2018-06-05 13:35:34',	'2018-06-05 13:35:34',	693,	2,	1),
(548,	1,	'2018-06-05 13:35:49',	'2018-06-05 13:35:49',	694,	2,	1),
(549,	1,	'2018-06-05 13:36:05',	'2018-06-05 13:36:05',	695,	2,	1),
(550,	1,	'2018-06-05 13:36:23',	'2018-06-05 13:36:23',	696,	2,	1),
(551,	1,	'2018-06-05 13:36:45',	'2018-06-05 13:36:45',	698,	2,	1),
(552,	1,	'2018-06-05 13:37:08',	'2018-06-05 13:37:08',	700,	2,	1),
(553,	1,	'2018-06-05 13:37:22',	'2018-06-05 13:37:22',	701,	2,	1),
(554,	1,	'2018-06-05 13:37:33',	'2018-06-05 13:37:33',	703,	2,	1),
(555,	1,	'2018-06-05 13:37:57',	'2018-06-05 13:37:57',	705,	2,	1),
(556,	1,	'2018-06-06 11:13:20',	'2018-06-06 11:13:20',	164,	3,	1),
(557,	1,	'2018-06-06 11:13:42',	'2018-06-06 11:13:42',	163,	3,	1),
(558,	1,	'2018-06-06 11:14:00',	'2018-06-06 11:14:00',	165,	3,	1),
(559,	1,	'2018-06-06 11:14:14',	'2018-06-06 11:14:14',	141,	3,	1),
(560,	1,	'2018-06-06 11:14:28',	'2018-06-06 11:14:28',	169,	3,	1),
(561,	1,	'2018-06-06 11:14:55',	'2018-06-06 11:14:55',	171,	3,	1),
(562,	1,	'2018-06-06 11:16:14',	'2018-06-06 11:16:14',	317,	3,	1),
(563,	1,	'2018-06-06 11:16:31',	'2018-06-06 11:16:31',	297,	3,	1),
(564,	1,	'2018-06-06 11:16:42',	'2018-06-06 11:16:42',	302,	3,	1),
(565,	1,	'2018-06-06 11:16:57',	'2018-06-06 11:16:57',	323,	3,	1),
(566,	1,	'2018-06-06 11:17:08',	'2018-06-06 11:17:08',	316,	3,	1),
(567,	1,	'2018-06-06 11:17:25',	'2018-06-06 11:17:25',	333,	3,	1),
(568,	1,	'2018-06-06 11:17:36',	'2018-06-06 11:17:36',	329,	3,	1),
(569,	1,	'2018-06-06 11:17:51',	'2018-06-06 11:17:51',	309,	3,	1),
(570,	1,	'2018-06-06 11:19:32',	'2018-06-06 11:19:32',	298,	3,	1),
(571,	1,	'2018-06-06 11:19:44',	'2018-06-06 11:19:44',	656,	3,	1),
(572,	1,	'2018-06-06 11:20:00',	'2018-06-06 11:20:00',	324,	3,	1),
(573,	1,	'2018-06-06 11:20:15',	'2018-06-06 11:20:15',	300,	3,	1),
(574,	1,	'2018-06-06 11:20:26',	'2018-06-06 11:20:26',	303,	3,	1),
(575,	1,	'2018-06-06 11:20:41',	'2018-06-06 11:20:41',	310,	3,	1),
(576,	1,	'2018-06-06 11:20:58',	'2018-06-06 11:20:58',	334,	3,	1),
(577,	1,	'2018-06-06 11:21:11',	'2018-06-06 11:21:11',	313,	3,	1),
(578,	1,	'2018-06-06 11:21:25',	'2018-06-06 11:21:25',	311,	3,	1),
(579,	1,	'2018-06-06 11:21:41',	'2018-06-06 11:21:41',	203,	3,	1),
(580,	1,	'2018-06-06 11:21:50',	'2018-06-06 11:21:50',	142,	3,	1),
(581,	1,	'2018-06-06 11:22:00',	'2018-06-06 11:22:00',	136,	3,	1),
(582,	1,	'2018-06-06 11:22:11',	'2018-06-06 11:22:11',	332,	3,	1),
(583,	1,	'2018-06-06 11:22:25',	'2018-06-06 11:22:25',	328,	3,	1),
(584,	1,	'2018-06-06 11:22:44',	'2018-06-06 11:22:44',	325,	3,	1),
(585,	1,	'2018-06-06 11:22:58',	'2018-06-06 11:22:58',	322,	3,	1),
(586,	1,	'2018-06-06 11:23:14',	'2018-06-06 11:23:14',	330,	3,	1),
(587,	1,	'2018-06-06 11:23:23',	'2018-06-06 11:23:23',	304,	3,	1),
(588,	1,	'2018-06-06 11:23:43',	'2018-06-06 11:23:43',	331,	3,	1),
(589,	1,	'2018-06-06 11:23:58',	'2018-06-06 11:23:58',	305,	3,	1),
(590,	1,	'2018-06-06 11:24:17',	'2018-06-06 11:24:17',	175,	3,	1),
(591,	1,	'2018-06-06 11:24:24',	'2018-06-06 11:24:24',	173,	3,	1),
(592,	1,	'2018-06-06 11:24:32',	'2018-06-06 11:24:32',	201,	3,	1),
(593,	1,	'2018-06-06 11:24:47',	'2018-06-06 11:24:47',	162,	3,	1),
(594,	1,	'2018-06-06 11:25:01',	'2018-06-06 11:25:01',	193,	3,	1),
(595,	1,	'2018-06-06 11:25:11',	'2018-06-06 11:25:11',	204,	3,	1),
(596,	1,	'2018-06-06 11:25:24',	'2018-06-06 11:25:24',	207,	3,	1),
(597,	1,	'2018-06-06 11:25:37',	'2018-06-06 11:25:37',	198,	3,	1),
(598,	1,	'2018-06-06 11:27:26',	'2018-06-06 11:27:26',	326,	3,	1),
(599,	1,	'2018-06-06 11:27:35',	'2018-06-06 11:27:35',	321,	3,	1),
(600,	1,	'2018-06-06 11:28:05',	'2018-06-06 11:28:05',	166,	3,	1),
(601,	1,	'2018-06-06 11:28:18',	'2018-06-06 11:28:18',	177,	3,	1),
(602,	1,	'2018-06-06 11:28:35',	'2018-06-06 11:28:35',	172,	3,	1),
(603,	1,	'2018-06-06 11:28:51',	'2018-06-06 11:28:51',	116,	3,	1),
(604,	1,	'2018-06-06 11:29:17',	'2018-06-06 11:29:17',	122,	3,	1),
(605,	1,	'2018-06-06 11:29:27',	'2018-06-06 11:29:27',	550,	3,	1),
(606,	1,	'2018-06-06 11:29:51',	'2018-06-06 11:29:51',	124,	3,	1),
(607,	1,	'2018-06-06 11:30:33',	'2018-06-06 11:30:33',	150,	3,	1),
(608,	1,	'2018-06-06 11:30:47',	'2018-06-06 11:30:47',	123,	3,	1),
(609,	1,	'2018-06-06 11:31:11',	'2018-06-06 11:31:11',	307,	3,	1),
(610,	1,	'2018-06-06 11:32:04',	'2018-06-06 11:32:04',	153,	3,	1),
(611,	1,	'2018-06-06 11:32:21',	'2018-06-06 11:32:21',	157,	3,	1),
(612,	1,	'2018-06-06 11:32:31',	'2018-06-06 11:32:31',	319,	3,	1),
(613,	1,	'2018-06-06 11:32:45',	'2018-06-06 11:32:45',	312,	3,	1),
(614,	1,	'2018-06-06 11:32:57',	'2018-06-06 11:32:57',	127,	3,	1),
(615,	1,	'2018-06-06 11:33:13',	'2018-06-06 11:33:13',	526,	3,	1),
(616,	1,	'2018-06-06 11:33:26',	'2018-06-06 11:33:26',	186,	3,	1),
(617,	1,	'2018-06-06 11:33:50',	'2018-06-06 11:33:50',	139,	3,	1),
(618,	1,	'2018-06-06 11:34:09',	'2018-06-06 11:34:09',	188,	3,	1),
(619,	1,	'2018-06-06 11:34:21',	'2018-06-06 11:34:21',	146,	3,	1),
(620,	1,	'2018-06-06 11:34:39',	'2018-06-06 11:34:39',	132,	3,	1),
(621,	1,	'2018-06-06 11:35:00',	'2018-06-06 11:35:00',	130,	3,	1),
(622,	1,	'2018-06-06 11:35:16',	'2018-06-06 11:35:16',	148,	3,	1),
(623,	1,	'2018-06-06 11:35:30',	'2018-06-06 11:35:30',	158,	3,	1),
(624,	1,	'2018-06-06 11:35:48',	'2018-06-06 11:35:48',	184,	3,	1),
(625,	1,	'2018-06-06 11:36:01',	'2018-06-06 11:36:01',	200,	3,	1),
(626,	1,	'2018-06-06 11:37:05',	'2018-06-06 11:37:05',	170,	3,	1),
(627,	1,	'2018-06-06 11:37:18',	'2018-06-06 11:37:18',	161,	3,	1),
(628,	1,	'2018-06-06 11:37:36',	'2018-06-06 11:37:36',	315,	3,	1),
(629,	1,	'2018-06-06 11:37:56',	'2018-06-06 11:37:56',	318,	3,	1),
(630,	1,	'2018-06-06 11:38:58',	'2018-06-06 11:38:58',	202,	3,	1),
(631,	1,	'2018-06-06 11:39:09',	'2018-06-06 11:39:09',	145,	3,	1),
(632,	1,	'2018-06-06 11:39:58',	'2018-06-06 11:39:58',	190,	3,	1),
(633,	1,	'2018-06-06 11:40:53',	'2018-06-06 11:40:53',	194,	3,	1),
(634,	1,	'2018-06-06 11:42:54',	'2018-06-06 11:42:54',	314,	3,	1),
(635,	1,	'2018-06-06 11:43:57',	'2018-06-06 11:43:57',	131,	3,	1),
(636,	1,	'2018-06-06 11:44:09',	'2018-06-06 11:44:09',	128,	3,	1),
(637,	1,	'2018-06-06 11:44:30',	'2018-06-06 11:44:30',	120,	3,	1),
(638,	1,	'2018-06-06 11:44:44',	'2018-06-06 11:44:44',	149,	3,	1),
(639,	1,	'2018-06-06 11:45:53',	'2018-06-06 11:45:53',	181,	3,	1),
(640,	1,	'2018-06-06 11:46:05',	'2018-06-06 11:46:05',	187,	3,	1),
(641,	1,	'2018-06-06 11:46:20',	'2018-06-06 11:46:20',	182,	3,	1),
(642,	1,	'2018-06-06 11:46:29',	'2018-06-06 11:46:29',	89,	3,	1),
(643,	1,	'2018-06-06 11:46:38',	'2018-06-06 11:46:38',	113,	3,	1),
(644,	1,	'2018-06-06 11:46:53',	'2018-06-06 11:46:53',	117,	3,	1),
(645,	1,	'2018-06-06 11:47:06',	'2018-06-06 11:47:06',	85,	3,	1),
(646,	1,	'2018-06-06 11:47:18',	'2018-06-06 11:47:18',	82,	3,	1),
(647,	1,	'2018-06-06 11:47:34',	'2018-06-06 11:47:34',	105,	3,	1),
(648,	1,	'2018-06-06 11:47:57',	'2018-06-06 11:47:57',	86,	3,	1),
(649,	1,	'2018-06-06 11:48:07',	'2018-06-06 11:48:07',	111,	3,	1),
(650,	1,	'2018-06-06 11:48:19',	'2018-06-06 11:48:19',	107,	3,	1),
(651,	1,	'2018-06-06 11:48:43',	'2018-06-06 11:48:43',	87,	3,	1),
(652,	1,	'2018-06-06 11:48:52',	'2018-06-06 11:48:52',	81,	3,	1),
(653,	1,	'2018-06-06 11:49:19',	'2018-06-06 11:49:19',	143,	3,	1),
(654,	1,	'2018-06-06 11:49:37',	'2018-06-06 11:49:37',	97,	3,	1),
(655,	1,	'2018-06-06 11:49:47',	'2018-06-06 11:49:47',	106,	3,	1),
(656,	1,	'2018-06-06 11:50:03',	'2018-06-06 11:50:03',	115,	3,	1),
(657,	1,	'2018-06-06 11:50:24',	'2018-06-06 11:50:24',	110,	3,	1),
(658,	1,	'2018-06-06 11:50:36',	'2018-06-06 11:50:36',	104,	3,	1),
(659,	1,	'2018-06-06 11:50:47',	'2018-06-06 11:50:47',	90,	3,	1),
(660,	1,	'2018-06-06 11:51:05',	'2018-06-06 11:51:05',	102,	3,	1),
(661,	1,	'2018-06-06 11:51:18',	'2018-06-06 11:51:18',	108,	3,	1),
(662,	1,	'2018-06-06 11:51:32',	'2018-06-06 11:51:32',	159,	3,	1),
(663,	1,	'2018-06-06 11:51:52',	'2018-06-06 11:51:52',	189,	3,	1),
(664,	1,	'2018-06-06 11:52:04',	'2018-06-06 11:52:04',	93,	3,	1),
(665,	1,	'2018-06-06 11:52:16',	'2018-06-06 11:52:16',	253,	3,	1),
(666,	1,	'2018-06-06 11:52:56',	'2018-06-06 11:52:56',	254,	3,	1),
(667,	1,	'2018-06-06 11:53:08',	'2018-06-06 11:53:08',	259,	3,	1),
(668,	1,	'2018-06-06 11:53:21',	'2018-06-06 11:53:21',	144,	3,	1),
(669,	1,	'2018-06-06 11:54:10',	'2018-06-06 11:54:10',	94,	3,	1),
(670,	1,	'2018-06-06 11:54:25',	'2018-06-06 11:54:25',	83,	3,	1),
(671,	1,	'2018-06-06 11:54:39',	'2018-06-06 11:54:39',	327,	3,	1),
(672,	1,	'2018-06-06 11:55:24',	'2018-06-06 11:55:24',	663,	3,	1),
(673,	1,	'2018-06-06 11:55:35',	'2018-06-06 11:55:35',	657,	3,	1),
(674,	1,	'2018-06-06 11:55:48',	'2018-06-06 11:55:48',	653,	3,	1),
(675,	1,	'2018-06-06 11:56:01',	'2018-06-06 11:56:01',	649,	3,	1),
(676,	1,	'2018-06-06 11:56:15',	'2018-06-06 11:56:15',	650,	3,	1),
(677,	1,	'2018-06-06 11:56:35',	'2018-06-06 11:56:35',	251,	3,	1),
(678,	1,	'2018-06-06 11:56:45',	'2018-06-06 11:56:45',	634,	3,	1),
(679,	1,	'2018-06-06 11:57:41',	'2018-06-06 11:57:41',	652,	3,	1),
(680,	1,	'2018-06-06 11:57:54',	'2018-06-06 11:57:54',	664,	3,	1),
(681,	1,	'2018-06-06 11:58:07',	'2018-06-06 11:58:07',	640,	3,	1),
(682,	1,	'2018-06-06 11:58:20',	'2018-06-06 11:58:20',	338,	3,	1),
(683,	1,	'2018-06-06 11:58:33',	'2018-06-06 11:58:33',	568,	3,	1),
(684,	1,	'2018-06-06 11:58:48',	'2018-06-06 11:58:48',	362,	3,	1),
(685,	1,	'2018-06-06 11:59:02',	'2018-06-06 11:59:02',	348,	3,	1),
(686,	1,	'2018-06-06 11:59:14',	'2018-06-06 11:59:14',	369,	3,	1),
(687,	1,	'2018-06-06 11:59:28',	'2018-06-06 11:59:28',	339,	3,	1),
(688,	1,	'2018-06-06 11:59:39',	'2018-06-06 11:59:39',	354,	3,	1),
(689,	1,	'2018-06-06 11:59:53',	'2018-06-06 11:59:53',	361,	3,	1),
(690,	1,	'2018-06-06 12:00:21',	'2018-06-06 12:00:21',	335,	3,	1),
(691,	1,	'2018-06-06 12:00:38',	'2018-06-06 12:00:38',	356,	3,	1),
(692,	1,	'2018-06-06 12:00:54',	'2018-06-06 12:00:54',	366,	3,	1),
(693,	1,	'2018-06-06 12:01:18',	'2018-06-06 12:01:18',	370,	3,	1),
(694,	1,	'2018-06-06 12:01:40',	'2018-06-06 12:01:40',	548,	3,	1),
(695,	1,	'2018-06-06 12:01:50',	'2018-06-06 12:01:50',	554,	3,	1),
(696,	1,	'2018-06-06 12:02:01',	'2018-06-06 12:02:01',	551,	3,	1),
(697,	1,	'2018-06-06 12:02:18',	'2018-06-06 12:02:18',	573,	3,	1),
(698,	1,	'2018-06-06 12:02:32',	'2018-06-06 12:02:32',	572,	3,	1),
(699,	1,	'2018-06-06 12:03:00',	'2018-06-06 12:03:00',	368,	3,	1),
(700,	1,	'2018-06-06 12:03:12',	'2018-06-06 12:03:12',	360,	3,	1),
(701,	1,	'2018-06-06 12:03:21',	'2018-06-06 12:03:21',	351,	3,	1),
(702,	1,	'2018-06-06 12:03:40',	'2018-06-06 12:03:40',	345,	3,	1),
(703,	1,	'2018-06-06 12:03:52',	'2018-06-06 12:03:52',	636,	3,	1),
(704,	1,	'2018-06-06 12:04:05',	'2018-06-06 12:04:05',	665,	3,	1),
(705,	1,	'2018-06-06 12:04:31',	'2018-06-06 12:04:31',	320,	3,	1),
(706,	1,	'2018-06-06 12:04:51',	'2018-06-06 12:04:51',	308,	3,	1),
(707,	1,	'2018-06-06 12:05:02',	'2018-06-06 12:05:02',	342,	3,	1),
(708,	1,	'2018-06-06 12:05:13',	'2018-06-06 12:05:13',	357,	3,	1),
(709,	1,	'2018-06-06 12:05:25',	'2018-06-06 12:05:25',	359,	3,	1),
(710,	1,	'2018-06-06 12:05:36',	'2018-06-06 12:05:36',	553,	3,	1),
(711,	1,	'2018-06-06 12:05:48',	'2018-06-06 12:05:48',	646,	3,	1),
(712,	1,	'2018-06-06 12:06:19',	'2018-06-06 12:06:19',	632,	3,	1),
(713,	1,	'2018-06-06 12:06:29',	'2018-06-06 12:06:29',	659,	3,	1),
(714,	1,	'2018-06-06 12:06:41',	'2018-06-06 12:06:41',	630,	3,	1),
(715,	1,	'2018-06-06 12:07:21',	'2018-06-06 12:07:21',	647,	3,	1),
(716,	1,	'2018-06-06 12:07:33',	'2018-06-06 12:07:33',	654,	3,	1),
(717,	1,	'2018-06-06 12:07:44',	'2018-06-06 12:07:44',	648,	3,	1),
(718,	1,	'2018-06-06 12:07:56',	'2018-06-06 12:07:56',	638,	3,	1),
(719,	1,	'2018-06-06 12:08:04',	'2018-06-06 12:08:04',	350,	3,	1),
(720,	1,	'2018-06-06 12:08:15',	'2018-06-06 12:08:15',	344,	3,	1),
(721,	1,	'2018-06-06 12:08:23',	'2018-06-06 12:08:23',	336,	3,	1),
(722,	1,	'2018-06-06 12:08:35',	'2018-06-06 12:08:35',	57,	3,	1),
(723,	1,	'2018-06-06 12:08:43',	'2018-06-06 12:08:43',	347,	3,	1),
(724,	1,	'2018-06-06 12:08:50',	'2018-06-06 12:08:50',	353,	3,	1),
(725,	1,	'2018-06-06 12:08:57',	'2018-06-06 12:08:57',	352,	3,	1),
(726,	1,	'2018-06-06 12:09:08',	'2018-06-06 12:09:08',	343,	3,	1),
(727,	1,	'2018-06-06 12:09:14',	'2018-06-06 12:09:14',	367,	3,	1),
(728,	1,	'2018-06-06 12:09:24',	'2018-06-06 12:09:24',	346,	3,	1),
(729,	1,	'2018-06-06 12:09:40',	'2018-06-06 12:09:40',	365,	3,	1),
(730,	1,	'2018-06-06 12:09:46',	'2018-06-06 12:09:46',	349,	3,	1),
(731,	1,	'2018-06-06 12:09:58',	'2018-06-06 12:09:58',	358,	3,	1),
(732,	1,	'2018-06-06 12:10:04',	'2018-06-06 12:10:04',	337,	3,	1),
(733,	1,	'2018-06-06 12:10:12',	'2018-06-06 12:10:12',	559,	3,	1),
(734,	1,	'2018-06-06 12:10:36',	'2018-06-06 12:10:36',	561,	3,	1),
(735,	1,	'2018-06-06 12:10:45',	'2018-06-06 12:10:45',	546,	3,	1),
(736,	1,	'2018-06-06 12:10:56',	'2018-06-06 12:10:56',	565,	3,	1),
(737,	1,	'2018-06-06 12:11:32',	'2018-06-06 12:11:32',	666,	3,	1),
(738,	1,	'2018-06-06 12:11:41',	'2018-06-06 12:11:41',	643,	3,	1),
(739,	1,	'2018-06-06 12:12:04',	'2018-06-06 12:12:04',	547,	3,	1),
(740,	1,	'2018-06-06 12:12:12',	'2018-06-06 12:12:12',	569,	3,	1),
(741,	1,	'2018-06-06 12:12:23',	'2018-06-06 12:12:23',	571,	3,	1),
(742,	1,	'2018-06-06 12:12:28',	'2018-06-06 12:12:28',	564,	3,	1),
(743,	1,	'2018-06-06 12:12:37',	'2018-06-06 12:12:37',	641,	3,	1),
(744,	1,	'2018-06-06 12:13:19',	'2018-06-06 12:13:19',	118,	3,	1),
(745,	1,	'2018-06-06 12:13:28',	'2018-06-06 12:13:28',	54,	3,	1),
(746,	1,	'2018-06-06 12:13:33',	'2018-06-06 12:13:33',	67,	3,	1),
(747,	1,	'2018-06-06 12:13:40',	'2018-06-06 12:13:40',	661,	3,	1),
(748,	1,	'2018-06-06 12:13:54',	'2018-06-06 12:13:54',	633,	3,	1),
(749,	1,	'2018-06-06 12:14:07',	'2018-06-06 12:14:07',	639,	3,	1),
(750,	1,	'2018-06-06 12:14:13',	'2018-06-06 12:14:13',	637,	3,	1),
(751,	1,	'2018-06-06 12:14:20',	'2018-06-06 12:14:20',	660,	3,	1),
(752,	1,	'2018-06-06 12:14:27',	'2018-06-06 12:14:27',	642,	3,	1),
(753,	1,	'2018-06-06 12:14:33',	'2018-06-06 12:14:33',	645,	3,	1),
(754,	1,	'2018-06-06 12:14:53',	'2018-06-06 12:14:53',	560,	3,	1),
(755,	1,	'2018-06-06 12:15:11',	'2018-06-06 12:15:11',	567,	3,	1),
(756,	1,	'2018-06-06 12:15:18',	'2018-06-06 12:15:18',	556,	3,	1),
(757,	1,	'2018-06-06 12:15:25',	'2018-06-06 12:15:25',	579,	3,	1),
(758,	1,	'2018-06-06 12:15:32',	'2018-06-06 12:15:32',	591,	3,	1),
(759,	1,	'2018-06-06 12:15:48',	'2018-06-06 12:15:48',	584,	3,	1),
(760,	1,	'2018-06-06 12:15:58',	'2018-06-06 12:15:58',	587,	3,	1),
(761,	1,	'2018-06-06 12:16:06',	'2018-06-06 12:16:06',	593,	3,	1),
(762,	1,	'2018-06-06 12:16:15',	'2018-06-06 12:16:15',	577,	3,	1),
(763,	1,	'2018-06-06 12:16:23',	'2018-06-06 12:16:23',	582,	3,	1),
(764,	1,	'2018-06-06 12:16:33',	'2018-06-06 12:16:33',	590,	3,	1),
(765,	1,	'2018-06-06 12:16:44',	'2018-06-06 12:16:44',	589,	3,	1),
(766,	1,	'2018-06-06 12:16:49',	'2018-06-06 12:16:49',	583,	3,	1),
(767,	1,	'2018-06-06 12:18:14',	'2018-06-06 12:18:14',	519,	3,	1),
(768,	1,	'2018-06-06 12:18:21',	'2018-06-06 12:18:21',	521,	3,	1),
(769,	1,	'2018-06-06 12:18:26',	'2018-06-06 12:18:26',	76,	3,	1),
(770,	1,	'2018-06-06 12:18:51',	'2018-06-06 12:18:51',	36,	3,	1),
(771,	1,	'2018-06-06 12:19:02',	'2018-06-06 12:19:02',	38,	3,	1),
(772,	1,	'2018-06-06 12:19:09',	'2018-06-06 12:19:09',	22,	3,	1),
(773,	1,	'2018-06-06 12:19:16',	'2018-06-06 12:19:16',	11,	3,	1),
(774,	1,	'2018-06-06 12:19:22',	'2018-06-06 12:19:22',	10,	3,	1),
(775,	1,	'2018-06-06 12:19:29',	'2018-06-06 12:19:29',	27,	3,	1),
(776,	1,	'2018-06-06 12:19:36',	'2018-06-06 12:19:36',	37,	3,	1),
(777,	1,	'2018-06-06 12:19:42',	'2018-06-06 12:19:42',	39,	3,	1),
(778,	1,	'2018-06-06 12:19:51',	'2018-06-06 12:19:51',	363,	3,	1),
(779,	1,	'2018-06-06 12:20:16',	'2018-06-06 12:20:16',	549,	3,	1),
(780,	1,	'2018-06-06 12:20:25',	'2018-06-06 12:20:25',	576,	3,	1),
(781,	1,	'2018-06-06 12:20:35',	'2018-06-06 12:20:35',	586,	3,	1),
(782,	1,	'2018-06-06 12:20:56',	'2018-06-06 12:20:56',	140,	3,	1),
(783,	1,	'2018-06-06 12:21:07',	'2018-06-06 12:21:07',	133,	3,	1),
(784,	1,	'2018-06-06 12:21:14',	'2018-06-06 12:21:14',	270,	3,	1),
(785,	1,	'2018-06-06 12:21:22',	'2018-06-06 12:21:22',	138,	3,	1),
(786,	1,	'2018-06-06 12:21:30',	'2018-06-06 12:21:30',	4,	3,	1),
(787,	1,	'2018-06-06 12:21:37',	'2018-06-06 12:21:37',	66,	3,	1),
(788,	1,	'2018-06-06 12:21:44',	'2018-06-06 12:21:44',	3,	3,	1),
(789,	1,	'2018-06-06 12:21:52',	'2018-06-06 12:21:52',	101,	3,	1),
(790,	1,	'2018-06-06 12:22:05',	'2018-06-06 12:22:05',	65,	3,	1),
(791,	1,	'2018-06-06 12:22:14',	'2018-06-06 12:22:14',	109,	3,	1),
(792,	1,	'2018-06-06 12:22:23',	'2018-06-06 12:22:23',	56,	3,	1),
(793,	1,	'2018-06-06 12:22:29',	'2018-06-06 12:22:29',	59,	3,	1),
(794,	1,	'2018-06-06 12:22:36',	'2018-06-06 12:22:36',	51,	3,	1),
(795,	1,	'2018-06-06 12:22:41',	'2018-06-06 12:22:41',	49,	3,	1),
(796,	1,	'2018-06-06 12:22:49',	'2018-06-06 12:22:49',	14,	3,	1),
(797,	1,	'2018-06-06 12:23:00',	'2018-06-06 12:23:00',	17,	3,	1),
(798,	1,	'2018-06-06 12:23:06',	'2018-06-06 12:23:06',	72,	3,	1),
(799,	1,	'2018-06-06 12:23:46',	'2018-06-06 12:23:46',	78,	3,	1),
(800,	1,	'2018-06-06 12:24:03',	'2018-06-06 12:24:03',	79,	3,	1),
(801,	1,	'2018-06-06 12:24:11',	'2018-06-06 12:24:11',	40,	3,	1),
(802,	1,	'2018-06-06 12:24:18',	'2018-06-06 12:24:18',	68,	3,	1),
(803,	1,	'2018-06-06 12:24:26',	'2018-06-06 12:24:26',	50,	3,	1),
(804,	1,	'2018-06-06 12:24:33',	'2018-06-06 12:24:33',	53,	3,	1),
(805,	1,	'2018-06-06 12:24:42',	'2018-06-06 12:24:42',	77,	3,	1),
(806,	1,	'2018-06-06 12:24:51',	'2018-06-06 12:24:51',	42,	3,	1),
(807,	1,	'2018-06-06 12:24:59',	'2018-06-06 12:24:59',	74,	3,	1),
(808,	1,	'2018-06-06 12:25:05',	'2018-06-06 12:25:05',	63,	3,	1),
(809,	1,	'2018-06-06 12:25:11',	'2018-06-06 12:25:11',	48,	3,	1),
(810,	1,	'2018-06-06 12:25:27',	'2018-06-06 12:25:27',	43,	3,	1),
(811,	1,	'2018-06-06 12:25:44',	'2018-06-06 12:25:44',	58,	3,	1),
(812,	1,	'2018-06-06 12:25:52',	'2018-06-06 12:25:52',	73,	3,	1),
(813,	1,	'2018-06-06 12:26:04',	'2018-06-06 12:26:04',	64,	3,	1),
(814,	1,	'2018-06-06 12:26:13',	'2018-06-06 12:26:13',	45,	3,	1),
(815,	1,	'2018-06-06 12:26:22',	'2018-06-06 12:26:22',	62,	3,	1),
(816,	1,	'2018-06-06 12:26:33',	'2018-06-06 12:26:33',	341,	3,	1),
(817,	1,	'2018-06-06 12:27:02',	'2018-06-06 12:27:02',	55,	3,	1),
(818,	1,	'2018-06-06 12:27:19',	'2018-06-06 12:27:19',	52,	3,	1),
(819,	1,	'2018-06-06 12:27:28',	'2018-06-06 12:27:28',	31,	3,	1),
(820,	1,	'2018-06-06 12:27:42',	'2018-06-06 12:27:42',	355,	3,	1),
(821,	1,	'2018-06-06 12:27:51',	'2018-06-06 12:27:51',	60,	3,	1),
(822,	1,	'2018-06-06 12:28:00',	'2018-06-06 12:28:00',	25,	3,	1),
(823,	1,	'2018-06-06 12:28:08',	'2018-06-06 12:28:08',	6,	3,	1),
(824,	1,	'2018-06-06 12:28:27',	'2018-06-06 12:28:27',	28,	3,	1),
(825,	1,	'2018-06-06 12:28:37',	'2018-06-06 12:28:37',	7,	3,	1),
(826,	1,	'2018-06-06 12:28:43',	'2018-06-06 12:28:43',	41,	3,	1),
(827,	1,	'2018-06-06 12:28:51',	'2018-06-06 12:28:51',	19,	3,	1),
(828,	1,	'2018-06-06 12:29:23',	'2018-06-06 12:29:23',	20,	3,	1),
(829,	1,	'2018-06-06 12:29:48',	'2018-06-06 12:29:48',	35,	3,	1),
(830,	1,	'2018-06-06 12:29:57',	'2018-06-06 12:29:57',	18,	3,	1),
(831,	1,	'2018-06-06 12:30:07',	'2018-06-06 12:30:07',	34,	3,	1),
(832,	1,	'2018-06-06 12:30:14',	'2018-06-06 12:30:14',	23,	3,	1),
(833,	1,	'2018-06-06 12:30:21',	'2018-06-06 12:30:21',	16,	3,	1),
(834,	1,	'2018-06-06 12:30:38',	'2018-06-06 12:30:38',	29,	3,	1),
(835,	1,	'2018-06-06 12:30:54',	'2018-06-06 12:30:54',	12,	3,	1),
(836,	1,	'2018-06-06 12:31:05',	'2018-06-06 12:31:05',	581,	3,	1),
(837,	1,	'2018-06-06 12:31:10',	'2018-06-06 12:31:10',	594,	3,	1),
(838,	1,	'2018-06-06 12:31:16',	'2018-06-06 12:31:16',	191,	3,	1),
(839,	1,	'2018-06-06 12:31:59',	'2018-06-06 12:31:59',	541,	3,	1),
(840,	1,	'2018-06-06 12:32:06',	'2018-06-06 12:32:06',	542,	3,	1),
(841,	1,	'2018-06-06 12:32:15',	'2018-06-06 12:32:15',	514,	3,	1),
(842,	1,	'2018-06-06 12:33:12',	'2018-06-06 12:33:12',	24,	3,	1),
(843,	1,	'2018-06-06 12:33:19',	'2018-06-06 12:33:19',	129,	3,	1),
(844,	1,	'2018-06-06 12:33:26',	'2018-06-06 12:33:26',	555,	3,	1),
(845,	1,	'2018-06-06 12:33:36',	'2018-06-06 12:33:36',	1,	3,	1),
(846,	1,	'2018-06-06 12:33:49',	'2018-06-06 12:33:49',	95,	3,	1),
(847,	1,	'2018-06-06 12:34:06',	'2018-06-06 12:34:06',	566,	3,	1),
(848,	1,	'2018-06-06 12:35:42',	'2018-06-06 12:35:42',	301,	3,	1),
(849,	1,	'2018-06-06 12:53:07',	'2018-06-06 12:53:07',	651,	3,	1),
(850,	1,	'2018-06-06 18:33:29',	'2018-06-06 18:33:29',	251,	3,	1),
(851,	1,	'2018-06-06 18:33:44',	'2018-06-06 18:33:44',	186,	3,	1),
(852,	1,	'2018-06-06 18:34:05',	'2018-06-06 18:34:05',	245,	3,	1),
(853,	1,	'2018-06-06 18:37:36',	'2018-06-06 18:37:36',	127,	3,	1),
(854,	1,	'2018-06-06 18:37:46',	'2018-06-06 18:37:46',	259,	3,	1),
(855,	1,	'2018-06-06 18:37:57',	'2018-06-06 18:37:57',	218,	3,	1),
(856,	1,	'2018-06-06 18:38:10',	'2018-06-06 18:38:10',	210,	3,	1),
(857,	1,	'2018-06-06 18:41:35',	'2018-06-06 18:41:35',	254,	3,	1),
(858,	1,	'2018-06-06 18:41:45',	'2018-06-06 18:41:45',	270,	3,	1),
(859,	1,	'2018-06-06 18:41:59',	'2018-06-06 18:41:59',	253,	3,	1),
(860,	1,	'2018-06-06 18:42:13',	'2018-06-06 18:42:13',	215,	3,	1),
(861,	1,	'2018-06-07 11:03:05',	'2018-06-07 11:03:05',	113,	4,	1),
(862,	1,	'2018-06-07 11:03:30',	'2018-06-07 11:03:30',	81,	4,	1),
(863,	1,	'2018-06-07 11:03:41',	'2018-06-07 11:03:41',	82,	4,	1),
(864,	1,	'2018-06-07 11:03:54',	'2018-06-07 11:03:54',	87,	4,	1),
(865,	1,	'2018-06-07 11:04:16',	'2018-06-07 11:04:16',	296,	4,	1),
(866,	1,	'2018-06-07 11:04:33',	'2018-06-07 11:04:33',	299,	4,	1),
(867,	1,	'2018-06-07 11:04:43',	'2018-06-07 11:04:43',	318,	4,	1),
(868,	1,	'2018-06-07 11:04:52',	'2018-06-07 11:04:52',	317,	4,	1),
(869,	1,	'2018-06-07 11:05:02',	'2018-06-07 11:05:02',	302,	4,	1),
(870,	1,	'2018-06-07 11:05:15',	'2018-06-07 11:05:15',	326,	4,	1),
(871,	1,	'2018-06-07 11:05:24',	'2018-06-07 11:05:24',	316,	4,	1),
(872,	1,	'2018-06-07 11:05:36',	'2018-06-07 11:05:36',	297,	4,	1),
(873,	1,	'2018-06-07 11:05:43',	'2018-06-07 11:05:43',	308,	4,	1),
(874,	1,	'2018-06-07 11:05:53',	'2018-06-07 11:05:53',	323,	4,	1),
(875,	1,	'2018-06-07 11:06:03',	'2018-06-07 11:06:03',	320,	4,	1),
(876,	1,	'2018-06-07 11:06:17',	'2018-06-07 11:06:17',	333,	4,	1),
(877,	1,	'2018-06-07 11:06:27',	'2018-06-07 11:06:27',	310,	4,	1),
(878,	1,	'2018-06-07 11:07:02',	'2018-06-07 11:07:02',	303,	4,	1),
(879,	1,	'2018-06-07 11:07:12',	'2018-06-07 11:07:12',	300,	4,	1),
(880,	1,	'2018-06-07 11:07:31',	'2018-06-07 11:07:31',	313,	4,	1),
(881,	1,	'2018-06-07 11:07:43',	'2018-06-07 11:07:43',	334,	4,	1),
(882,	1,	'2018-06-07 11:07:52',	'2018-06-07 11:07:52',	298,	4,	1),
(883,	1,	'2018-06-07 11:08:19',	'2018-06-07 11:08:19',	324,	4,	1),
(884,	1,	'2018-06-07 11:08:37',	'2018-06-07 11:08:37',	314,	4,	1),
(885,	1,	'2018-06-07 11:08:48',	'2018-06-07 11:08:48',	327,	4,	1),
(886,	1,	'2018-06-07 11:09:09',	'2018-06-07 11:09:09',	119,	4,	1),
(887,	1,	'2018-06-07 11:09:25',	'2018-06-07 11:09:25',	84,	4,	1),
(888,	1,	'2018-06-07 11:09:39',	'2018-06-07 11:09:39',	325,	4,	1),
(889,	1,	'2018-06-07 11:09:55',	'2018-06-07 11:09:55',	328,	4,	1),
(890,	1,	'2018-06-07 11:10:12',	'2018-06-07 11:10:12',	304,	4,	1),
(891,	1,	'2018-06-07 11:10:28',	'2018-06-07 11:10:28',	309,	4,	1),
(892,	1,	'2018-06-07 11:10:44',	'2018-06-07 11:10:44',	331,	4,	1),
(893,	1,	'2018-06-07 11:10:55',	'2018-06-07 11:10:55',	305,	4,	1),
(894,	1,	'2018-06-07 11:11:06',	'2018-06-07 11:11:06',	311,	4,	1),
(895,	1,	'2018-06-07 11:11:20',	'2018-06-07 11:11:20',	330,	4,	1),
(896,	1,	'2018-06-07 11:11:33',	'2018-06-07 11:11:33',	321,	4,	1),
(897,	1,	'2018-06-07 11:11:46',	'2018-06-07 11:11:46',	332,	4,	1),
(898,	1,	'2018-06-07 11:11:57',	'2018-06-07 11:11:57',	329,	4,	1),
(899,	1,	'2018-06-07 11:12:08',	'2018-06-07 11:12:08',	700,	4,	1),
(900,	1,	'2018-06-07 11:12:21',	'2018-06-07 11:12:21',	672,	4,	1),
(901,	1,	'2018-06-07 11:15:11',	'2018-06-07 11:15:11',	270,	4,	1),
(902,	1,	'2018-06-07 11:15:24',	'2018-06-07 11:15:24',	290,	4,	1),
(903,	1,	'2018-06-07 11:15:39',	'2018-06-07 11:15:39',	269,	4,	1),
(904,	1,	'2018-06-07 11:16:24',	'2018-06-07 11:16:24',	487,	4,	1),
(905,	1,	'2018-06-07 11:16:34',	'2018-06-07 11:16:34',	484,	4,	1),
(906,	1,	'2018-06-07 11:16:50',	'2018-06-07 11:16:50',	508,	4,	1),
(907,	1,	'2018-06-07 11:17:43',	'2018-06-07 11:17:43',	568,	4,	1),
(908,	1,	'2018-06-07 11:17:50',	'2018-06-07 11:17:50',	550,	4,	1),
(909,	1,	'2018-06-07 11:18:26',	'2018-06-07 11:18:26',	667,	4,	1),
(910,	1,	'2018-06-07 11:18:35',	'2018-06-07 11:18:35',	677,	4,	1),
(911,	1,	'2018-06-07 11:18:45',	'2018-06-07 11:18:45',	690,	4,	1),
(912,	1,	'2018-06-07 11:19:00',	'2018-06-07 11:19:00',	489,	4,	1),
(913,	1,	'2018-06-07 11:19:18',	'2018-06-07 11:19:18',	498,	4,	1),
(914,	1,	'2018-06-07 11:19:37',	'2018-06-07 11:19:37',	511,	4,	1),
(915,	1,	'2018-06-07 11:19:48',	'2018-06-07 11:19:48',	490,	4,	1),
(916,	1,	'2018-06-07 11:19:56',	'2018-06-07 11:19:56',	503,	4,	1),
(917,	1,	'2018-06-07 11:20:08',	'2018-06-07 11:20:08',	500,	4,	1),
(918,	1,	'2018-06-07 11:20:18',	'2018-06-07 11:20:18',	483,	4,	1),
(919,	1,	'2018-06-07 11:20:27',	'2018-06-07 11:20:27',	482,	4,	1),
(920,	1,	'2018-06-07 11:20:56',	'2018-06-07 11:20:56',	496,	4,	1),
(921,	1,	'2018-06-07 11:21:07',	'2018-06-07 11:21:07',	485,	4,	1),
(922,	1,	'2018-06-07 11:21:15',	'2018-06-07 11:21:15',	504,	4,	1),
(923,	1,	'2018-06-07 11:21:26',	'2018-06-07 11:21:26',	499,	4,	1),
(924,	1,	'2018-06-07 11:21:37',	'2018-06-07 11:21:37',	488,	4,	1),
(925,	1,	'2018-06-07 11:21:53',	'2018-06-07 11:21:53',	509,	4,	1),
(926,	1,	'2018-06-07 11:22:03',	'2018-06-07 11:22:03',	34,	4,	1),
(927,	1,	'2018-06-07 11:22:10',	'2018-06-07 11:22:10',	23,	4,	1),
(928,	1,	'2018-06-07 11:22:21',	'2018-06-07 11:22:21',	494,	4,	1),
(929,	1,	'2018-06-07 11:22:31',	'2018-06-07 11:22:31',	507,	4,	1),
(930,	1,	'2018-06-07 11:22:40',	'2018-06-07 11:22:40',	506,	4,	1),
(931,	1,	'2018-06-07 11:22:49',	'2018-06-07 11:22:49',	492,	4,	1),
(932,	1,	'2018-06-07 11:23:05',	'2018-06-07 11:23:05',	510,	4,	1),
(933,	1,	'2018-06-07 11:23:19',	'2018-06-07 11:23:19',	116,	4,	1),
(934,	1,	'2018-06-07 11:23:28',	'2018-06-07 11:23:28',	415,	4,	1),
(935,	1,	'2018-06-07 11:23:39',	'2018-06-07 11:23:39',	351,	4,	1),
(936,	1,	'2018-06-07 11:23:54',	'2018-06-07 11:23:54',	275,	4,	1),
(937,	1,	'2018-06-07 11:24:03',	'2018-06-07 11:24:03',	89,	4,	1),
(938,	1,	'2018-06-07 11:24:18',	'2018-06-07 11:24:18',	93,	4,	1),
(939,	1,	'2018-06-07 11:24:27',	'2018-06-07 11:24:27',	658,	4,	1),
(940,	1,	'2018-06-07 11:24:53',	'2018-06-07 11:24:53',	388,	4,	1),
(941,	1,	'2018-06-07 11:25:01',	'2018-06-07 11:25:01',	387,	4,	1),
(942,	1,	'2018-06-07 11:25:13',	'2018-06-07 11:25:13',	376,	4,	1),
(943,	1,	'2018-06-07 11:25:27',	'2018-06-07 11:25:27',	407,	4,	1),
(944,	1,	'2018-06-07 11:25:38',	'2018-06-07 11:25:38',	7,	4,	1),
(945,	1,	'2018-06-07 11:25:49',	'2018-06-07 11:25:49',	28,	4,	1),
(946,	1,	'2018-06-07 11:26:00',	'2018-06-07 11:26:00',	21,	4,	1),
(947,	1,	'2018-06-07 11:26:15',	'2018-06-07 11:26:15',	39,	4,	1),
(948,	1,	'2018-06-07 11:26:32',	'2018-06-07 11:26:32',	295,	4,	1),
(949,	1,	'2018-06-07 11:26:49',	'2018-06-07 11:26:49',	283,	4,	1),
(950,	1,	'2018-06-07 11:26:58',	'2018-06-07 11:26:58',	280,	4,	1),
(951,	1,	'2018-06-07 11:27:11',	'2018-06-07 11:27:11',	279,	4,	1),
(952,	1,	'2018-06-07 11:27:23',	'2018-06-07 11:27:23',	642,	4,	1),
(953,	1,	'2018-06-07 11:27:33',	'2018-06-07 11:27:33',	639,	4,	1),
(954,	1,	'2018-06-07 11:27:43',	'2018-06-07 11:27:43',	637,	4,	1),
(955,	1,	'2018-06-07 11:27:55',	'2018-06-07 11:27:55',	660,	4,	1),
(956,	1,	'2018-06-07 11:28:23',	'2018-06-07 11:28:23',	643,	4,	1),
(957,	1,	'2018-06-07 11:28:33',	'2018-06-07 11:28:33',	666,	4,	1),
(958,	1,	'2018-06-07 11:28:43',	'2018-06-07 11:28:43',	641,	4,	1),
(959,	1,	'2018-06-07 11:28:52',	'2018-06-07 11:28:52',	11,	4,	1),
(960,	1,	'2018-06-07 11:29:00',	'2018-06-07 11:29:00',	10,	4,	1),
(961,	1,	'2018-06-07 11:29:34',	'2018-06-07 11:29:34',	636,	4,	1),
(962,	1,	'2018-06-07 11:29:49',	'2018-06-07 11:29:49',	648,	4,	1),
(963,	1,	'2018-06-07 11:30:00',	'2018-06-07 11:30:00',	654,	4,	1),
(964,	1,	'2018-06-07 11:30:09',	'2018-06-07 11:30:09',	638,	4,	1),
(965,	1,	'2018-06-07 11:30:20',	'2018-06-07 11:30:20',	663,	4,	1),
(966,	1,	'2018-06-07 11:30:29',	'2018-06-07 11:30:29',	650,	4,	1),
(967,	1,	'2018-06-07 11:30:40',	'2018-06-07 11:30:40',	649,	4,	1),
(968,	1,	'2018-06-07 11:30:48',	'2018-06-07 11:30:48',	657,	4,	1),
(969,	1,	'2018-06-07 11:30:56',	'2018-06-07 11:30:56',	653,	4,	1),
(970,	1,	'2018-06-07 11:31:26',	'2018-06-07 11:31:26',	640,	4,	1),
(971,	1,	'2018-06-07 11:31:34',	'2018-06-07 11:31:34',	634,	4,	1),
(972,	1,	'2018-06-07 11:31:43',	'2018-06-07 11:31:43',	652,	4,	1),
(973,	1,	'2018-06-07 11:31:51',	'2018-06-07 11:31:51',	664,	4,	1),
(974,	1,	'2018-06-07 11:32:14',	'2018-06-07 11:32:14',	24,	4,	1),
(975,	1,	'2018-06-07 11:32:23',	'2018-06-07 11:32:23',	633,	4,	1),
(976,	1,	'2018-06-07 11:32:32',	'2018-06-07 11:32:32',	661,	4,	1),
(977,	1,	'2018-06-07 11:32:40',	'2018-06-07 11:32:40',	645,	4,	1),
(978,	1,	'2018-06-07 11:32:49',	'2018-06-07 11:32:49',	307,	4,	1),
(979,	1,	'2018-06-07 11:33:03',	'2018-06-07 11:33:03',	306,	4,	1),
(980,	1,	'2018-06-07 11:33:15',	'2018-06-07 11:33:15',	319,	4,	1),
(981,	1,	'2018-06-07 11:33:35',	'2018-06-07 11:33:35',	312,	4,	1),
(982,	1,	'2018-06-07 11:33:44',	'2018-06-07 11:33:44',	689,	4,	1),
(983,	1,	'2018-06-07 11:33:55',	'2018-06-07 11:33:55',	646,	4,	1),
(984,	1,	'2018-06-07 11:34:05',	'2018-06-07 11:34:05',	656,	4,	1),
(985,	1,	'2018-06-07 11:34:19',	'2018-06-07 11:34:19',	110,	4,	1),
(986,	1,	'2018-06-07 11:34:30',	'2018-06-07 11:34:30',	267,	4,	1),
(987,	1,	'2018-06-07 11:34:39',	'2018-06-07 11:34:39',	293,	4,	1),
(988,	1,	'2018-06-07 11:34:49',	'2018-06-07 11:34:49',	284,	4,	1),
(989,	1,	'2018-06-07 11:35:03',	'2018-06-07 11:35:03',	596,	4,	1),
(990,	1,	'2018-06-07 11:35:18',	'2018-06-07 11:35:18',	600,	4,	1),
(991,	1,	'2018-06-07 11:35:27',	'2018-06-07 11:35:27',	676,	4,	1),
(992,	1,	'2018-06-07 11:35:35',	'2018-06-07 11:35:35',	35,	4,	1),
(993,	1,	'2018-06-07 11:35:45',	'2018-06-07 11:35:45',	18,	4,	1),
(994,	1,	'2018-06-07 11:35:56',	'2018-06-07 11:35:56',	94,	4,	1),
(995,	1,	'2018-06-07 11:36:08',	'2018-06-07 11:36:08',	90,	4,	1),
(996,	1,	'2018-06-07 11:36:15',	'2018-06-07 11:36:15',	104,	4,	1),
(997,	1,	'2018-06-07 11:36:31',	'2018-06-07 11:36:31',	102,	4,	1),
(998,	1,	'2018-06-07 11:36:49',	'2018-06-07 11:36:49',	108,	4,	1),
(999,	1,	'2018-06-07 11:37:02',	'2018-06-07 11:37:02',	632,	4,	1),
(1000,	1,	'2018-06-07 11:37:15',	'2018-06-07 11:37:15',	659,	4,	1),
(1001,	1,	'2018-06-07 11:37:26',	'2018-06-07 11:37:26',	630,	4,	1),
(1002,	1,	'2018-06-07 11:37:35',	'2018-06-07 11:37:35',	95,	4,	1),
(1003,	1,	'2018-06-07 11:37:46',	'2018-06-07 11:37:46',	1,	4,	1),
(1004,	1,	'2018-06-07 11:37:53',	'2018-06-07 11:37:53',	83,	4,	1),
(1005,	1,	'2018-06-07 11:38:15',	'2018-06-07 11:38:15',	336,	4,	1),
(1006,	1,	'2018-06-07 11:38:24',	'2018-06-07 11:38:24',	337,	4,	1),
(1007,	1,	'2018-06-07 11:38:37',	'2018-06-07 11:38:37',	338,	4,	1),
(1008,	1,	'2018-06-07 11:38:52',	'2018-06-07 11:38:52',	339,	4,	1),
(1009,	1,	'2018-06-07 11:39:10',	'2018-06-07 11:39:10',	342,	4,	1),
(1010,	1,	'2018-06-07 11:39:27',	'2018-06-07 11:39:27',	344,	4,	1),
(1011,	1,	'2018-06-07 11:40:05',	'2018-06-07 11:40:05',	345,	4,	1),
(1012,	1,	'2018-06-07 11:40:16',	'2018-06-07 11:40:16',	346,	4,	1),
(1013,	1,	'2018-06-07 11:40:28',	'2018-06-07 11:40:28',	33,	4,	1),
(1014,	1,	'2018-06-07 11:40:47',	'2018-06-07 11:40:47',	347,	4,	1),
(1015,	1,	'2018-06-07 11:40:59',	'2018-06-07 11:40:59',	348,	4,	1),
(1016,	1,	'2018-06-07 11:41:11',	'2018-06-07 11:41:11',	349,	4,	1),
(1017,	1,	'2018-06-07 11:41:50',	'2018-06-07 11:41:50',	103,	4,	1),
(1018,	1,	'2018-06-07 11:42:05',	'2018-06-07 11:42:05',	96,	4,	1),
(1019,	1,	'2018-06-07 11:42:13',	'2018-06-07 11:42:13',	363,	4,	1),
(1020,	1,	'2018-06-07 11:42:22',	'2018-06-07 11:42:22',	97,	4,	1),
(1021,	1,	'2018-06-07 11:42:32',	'2018-06-07 11:42:32',	106,	4,	1),
(1022,	1,	'2018-06-07 11:42:47',	'2018-06-07 11:42:47',	350,	4,	1),
(1023,	1,	'2018-06-07 11:42:57',	'2018-06-07 11:42:57',	353,	4,	1),
(1024,	1,	'2018-06-07 11:43:08',	'2018-06-07 11:43:08',	354,	4,	1),
(1025,	1,	'2018-06-07 11:43:19',	'2018-06-07 11:43:19',	217,	4,	1),
(1026,	1,	'2018-06-07 11:43:43',	'2018-06-07 11:43:43',	231,	4,	1),
(1027,	1,	'2018-06-07 11:43:52',	'2018-06-07 11:43:52',	234,	4,	1),
(1028,	1,	'2018-06-07 11:44:01',	'2018-06-07 11:44:01',	221,	4,	1),
(1029,	1,	'2018-06-07 11:44:09',	'2018-06-07 11:44:09',	237,	4,	1),
(1030,	1,	'2018-06-07 11:44:26',	'2018-06-07 11:44:26',	282,	4,	1),
(1031,	1,	'2018-06-07 11:44:36',	'2018-06-07 11:44:36',	341,	4,	1),
(1032,	1,	'2018-06-07 11:45:03',	'2018-06-07 11:45:03',	224,	4,	1),
(1033,	1,	'2018-06-07 11:45:21',	'2018-06-07 11:45:21',	228,	4,	1),
(1034,	1,	'2018-06-07 11:45:32',	'2018-06-07 11:45:32',	211,	4,	1),
(1035,	1,	'2018-06-07 11:45:40',	'2018-06-07 11:45:40',	238,	4,	1),
(1036,	1,	'2018-06-07 11:45:56',	'2018-06-07 11:45:56',	241,	4,	1),
(1037,	1,	'2018-06-07 11:46:05',	'2018-06-07 11:46:05',	577,	4,	1),
(1038,	1,	'2018-06-07 11:46:13',	'2018-06-07 11:46:13',	593,	4,	1),
(1039,	1,	'2018-06-07 11:46:19',	'2018-06-07 11:46:19',	583,	4,	1),
(1040,	1,	'2018-06-07 11:46:27',	'2018-06-07 11:46:27',	579,	4,	1),
(1041,	1,	'2018-06-07 11:46:40',	'2018-06-07 11:46:40',	584,	4,	1),
(1042,	1,	'2018-06-07 11:46:52',	'2018-06-07 11:46:52',	587,	4,	1),
(1043,	1,	'2018-06-07 11:47:01',	'2018-06-07 11:47:01',	589,	4,	1),
(1044,	1,	'2018-06-07 11:47:10',	'2018-06-07 11:47:10',	582,	4,	1),
(1045,	1,	'2018-06-07 11:47:37',	'2018-06-07 11:47:37',	590,	4,	1),
(1046,	1,	'2018-06-07 11:47:49',	'2018-06-07 11:47:49',	214,	4,	1),
(1047,	1,	'2018-06-07 11:48:04',	'2018-06-07 11:48:04',	215,	4,	1),
(1048,	1,	'2018-06-07 11:48:12',	'2018-06-07 11:48:12',	286,	4,	1),
(1049,	1,	'2018-06-07 11:48:23',	'2018-06-07 11:48:23',	229,	4,	1),
(1050,	1,	'2018-06-07 11:48:39',	'2018-06-07 11:48:39',	209,	4,	1),
(1051,	1,	'2018-06-07 11:48:49',	'2018-06-07 11:48:49',	232,	4,	1),
(1052,	1,	'2018-06-07 11:48:58',	'2018-06-07 11:48:58',	212,	4,	1),
(1053,	1,	'2018-06-07 11:49:10',	'2018-06-07 11:49:10',	239,	4,	1),
(1054,	1,	'2018-06-07 11:49:27',	'2018-06-07 11:49:27',	227,	4,	1),
(1055,	1,	'2018-06-07 11:49:40',	'2018-06-07 11:49:40',	576,	4,	1),
(1056,	1,	'2018-06-07 11:49:50',	'2018-06-07 11:49:50',	586,	4,	1),
(1057,	1,	'2018-06-07 11:50:09',	'2018-06-07 11:50:09',	20,	4,	1),
(1058,	1,	'2018-06-07 11:50:17',	'2018-06-07 11:50:17',	218,	4,	1),
(1059,	1,	'2018-06-07 11:50:25',	'2018-06-07 11:50:25',	210,	4,	1),
(1060,	1,	'2018-06-07 11:50:33',	'2018-06-07 11:50:33',	226,	4,	1),
(1061,	1,	'2018-06-07 11:51:12',	'2018-06-07 11:51:12',	230,	4,	1),
(1062,	1,	'2018-06-07 11:51:33',	'2018-06-07 11:51:33',	233,	4,	1),
(1063,	1,	'2018-06-07 11:51:55',	'2018-06-07 11:51:55',	15,	4,	1),
(1064,	1,	'2018-06-07 11:52:08',	'2018-06-07 11:52:08',	14,	4,	1),
(1065,	1,	'2018-06-07 11:52:17',	'2018-06-07 11:52:17',	449,	4,	1),
(1066,	1,	'2018-06-07 11:52:31',	'2018-06-07 11:52:31',	17,	4,	1),
(1067,	1,	'2018-06-07 11:52:40',	'2018-06-07 11:52:40',	2,	4,	1),
(1068,	1,	'2018-06-07 11:52:50',	'2018-06-07 11:52:50',	3,	4,	1),
(1069,	1,	'2018-06-07 11:53:00',	'2018-06-07 11:53:00',	277,	4,	1),
(1070,	1,	'2018-06-07 11:53:09',	'2018-06-07 11:53:09',	281,	4,	1),
(1071,	1,	'2018-06-07 11:53:19',	'2018-06-07 11:53:19',	272,	4,	1),
(1072,	1,	'2018-06-07 11:53:26',	'2018-06-07 11:53:26',	85,	4,	1),
(1073,	1,	'2018-06-07 11:53:42',	'2018-06-07 11:53:42',	117,	4,	1),
(1074,	1,	'2018-06-07 11:53:52',	'2018-06-07 11:53:52',	343,	4,	1),
(1075,	1,	'2018-06-07 11:54:11',	'2018-06-07 11:54:11',	501,	4,	1),
(1076,	1,	'2018-06-07 11:54:34',	'2018-06-07 11:54:34',	505,	4,	1),
(1077,	1,	'2018-06-07 11:54:44',	'2018-06-07 11:54:44',	223,	4,	1),
(1078,	1,	'2018-06-07 11:54:52',	'2018-06-07 11:54:52',	235,	4,	1),
(1079,	1,	'2018-06-07 11:55:01',	'2018-06-07 11:55:01',	213,	4,	1),
(1080,	1,	'2018-06-07 11:55:12',	'2018-06-07 11:55:12',	216,	4,	1),
(1081,	1,	'2018-06-07 11:55:28',	'2018-06-07 11:55:28',	219,	4,	1),
(1082,	1,	'2018-06-07 11:55:38',	'2018-06-07 11:55:38',	240,	4,	1),
(1083,	1,	'2018-06-07 11:55:48',	'2018-06-07 11:55:48',	222,	4,	1),
(1084,	1,	'2018-06-07 11:55:59',	'2018-06-07 11:55:59',	225,	4,	1),
(1085,	1,	'2018-06-07 11:56:09',	'2018-06-07 11:56:09',	159,	4,	1),
(1086,	1,	'2018-06-07 11:56:19',	'2018-06-07 11:56:19',	673,	4,	1),
(1087,	1,	'2018-06-07 11:56:32',	'2018-06-07 11:56:32',	694,	4,	1),
(1088,	1,	'2018-06-07 11:56:44',	'2018-06-07 11:56:44',	698,	4,	1),
(1089,	1,	'2018-06-07 11:56:56',	'2018-06-07 11:56:56',	693,	4,	1),
(1090,	1,	'2018-06-07 11:57:14',	'2018-06-07 11:57:14',	581,	4,	1),
(1091,	1,	'2018-06-07 11:57:25',	'2018-06-07 11:57:25',	580,	4,	1),
(1092,	1,	'2018-06-07 11:57:33',	'2018-06-07 11:57:33',	594,	4,	1),
(1093,	1,	'2018-06-07 11:57:42',	'2018-06-07 11:57:42',	112,	4,	1),
(1094,	1,	'2018-06-07 11:57:53',	'2018-06-07 11:57:53',	92,	4,	1),
(1095,	1,	'2018-06-07 11:58:04',	'2018-06-07 11:58:04',	86,	4,	1),
(1096,	1,	'2018-06-07 11:58:17',	'2018-06-07 11:58:17',	99,	4,	1),
(1097,	1,	'2018-06-07 11:58:26',	'2018-06-07 11:58:26',	419,	4,	1),
(1098,	1,	'2018-06-07 11:58:38',	'2018-06-07 11:58:38',	442,	4,	1),
(1099,	1,	'2018-06-07 11:58:47',	'2018-06-07 11:58:47',	418,	4,	1),
(1100,	1,	'2018-06-07 11:58:59',	'2018-06-07 11:58:59',	247,	4,	1),
(1101,	1,	'2018-06-07 11:59:09',	'2018-06-07 11:59:09',	416,	4,	1),
(1102,	1,	'2018-06-07 11:59:17',	'2018-06-07 11:59:17',	430,	4,	1),
(1103,	1,	'2018-06-07 11:59:30',	'2018-06-07 11:59:30',	422,	4,	1),
(1104,	1,	'2018-06-07 11:59:41',	'2018-06-07 11:59:41',	434,	4,	1),
(1105,	1,	'2018-06-07 11:59:58',	'2018-06-07 11:59:58',	410,	4,	1),
(1106,	1,	'2018-06-07 12:00:11',	'2018-06-07 12:00:11',	77,	4,	1),
(1107,	1,	'2018-06-07 12:00:20',	'2018-06-07 12:00:20',	53,	4,	1),
(1108,	1,	'2018-06-07 12:00:28',	'2018-06-07 12:00:28',	68,	4,	1),
(1109,	1,	'2018-06-07 12:00:38',	'2018-06-07 12:00:38',	50,	4,	1),
(1110,	1,	'2018-06-07 12:00:49',	'2018-06-07 12:00:49',	72,	4,	1),
(1111,	1,	'2018-06-07 12:00:59',	'2018-06-07 12:00:59',	57,	4,	1),
(1112,	1,	'2018-06-07 12:01:15',	'2018-06-07 12:01:15',	48,	4,	1),
(1113,	1,	'2018-06-07 12:01:23',	'2018-06-07 12:01:23',	63,	4,	1),
(1114,	1,	'2018-06-07 12:01:35',	'2018-06-07 12:01:35',	43,	4,	1),
(1115,	1,	'2018-06-07 12:01:53',	'2018-06-07 12:01:53',	74,	4,	1),
(1116,	1,	'2018-06-07 12:02:07',	'2018-06-07 12:02:07',	58,	4,	1),
(1117,	1,	'2018-06-07 12:02:18',	'2018-06-07 12:02:18',	42,	4,	1),
(1118,	1,	'2018-06-07 12:02:30',	'2018-06-07 12:02:30',	73,	4,	1),
(1119,	1,	'2018-06-07 12:02:40',	'2018-06-07 12:02:40',	64,	4,	1),
(1120,	1,	'2018-06-07 12:02:52',	'2018-06-07 12:02:52',	80,	4,	1),
(1121,	1,	'2018-06-07 12:03:04',	'2018-06-07 12:03:04',	59,	4,	1),
(1122,	1,	'2018-06-07 12:03:12',	'2018-06-07 12:03:12',	51,	4,	1),
(1123,	1,	'2018-06-07 12:03:22',	'2018-06-07 12:03:22',	49,	4,	1),
(1124,	1,	'2018-06-07 12:03:34',	'2018-06-07 12:03:34',	262,	4,	1),
(1125,	1,	'2018-06-07 12:03:44',	'2018-06-07 12:03:44',	118,	4,	1),
(1126,	1,	'2018-06-07 12:03:57',	'2018-06-07 12:03:57',	100,	4,	1),
(1127,	1,	'2018-06-07 12:04:09',	'2018-06-07 12:04:09',	56,	4,	1),
(1128,	1,	'2018-06-07 12:04:18',	'2018-06-07 12:04:18',	76,	4,	1),
(1129,	1,	'2018-06-07 12:04:27',	'2018-06-07 12:04:27',	521,	4,	1),
(1130,	1,	'2018-06-07 12:04:39',	'2018-06-07 12:04:39',	544,	4,	1),
(1131,	1,	'2018-06-07 12:04:48',	'2018-06-07 12:04:48',	137,	4,	1),
(1132,	1,	'2018-06-07 12:04:58',	'2018-06-07 12:04:58',	142,	4,	1),
(1133,	1,	'2018-06-07 12:05:08',	'2018-06-07 12:05:08',	136,	4,	1),
(1134,	1,	'2018-06-07 12:05:16',	'2018-06-07 12:05:16',	127,	4,	1),
(1135,	1,	'2018-06-07 12:05:25',	'2018-06-07 12:05:25',	78,	4,	1),
(1136,	1,	'2018-06-07 12:05:41',	'2018-06-07 12:05:41',	40,	4,	1),
(1137,	1,	'2018-06-07 12:05:49',	'2018-06-07 12:05:49',	41,	4,	1),
(1138,	1,	'2018-06-07 12:06:02',	'2018-06-07 12:06:02',	613,	4,	1),
(1139,	1,	'2018-06-07 12:06:09',	'2018-06-07 12:06:09',	391,	4,	1),
(1140,	1,	'2018-06-07 12:06:19',	'2018-06-07 12:06:19',	394,	4,	1),
(1141,	1,	'2018-06-07 12:06:28',	'2018-06-07 12:06:28',	381,	4,	1),
(1142,	1,	'2018-06-07 12:06:38',	'2018-06-07 12:06:38',	163,	4,	1),
(1143,	1,	'2018-06-07 12:07:04',	'2018-06-07 12:07:04',	167,	4,	1),
(1144,	1,	'2018-06-07 12:07:15',	'2018-06-07 12:07:15',	393,	4,	1),
(1145,	1,	'2018-06-07 12:07:24',	'2018-06-07 12:07:24',	399,	4,	1),
(1146,	1,	'2018-06-07 12:07:38',	'2018-06-07 12:07:38',	71,	4,	1),
(1147,	1,	'2018-06-07 12:07:50',	'2018-06-07 12:07:50',	55,	4,	1),
(1148,	1,	'2018-06-07 12:08:04',	'2018-06-07 12:08:04',	54,	4,	1),
(1149,	1,	'2018-06-07 12:08:12',	'2018-06-07 12:08:12',	67,	4,	1),
(1150,	1,	'2018-06-07 12:08:23',	'2018-06-07 12:08:23',	406,	4,	1),
(1151,	1,	'2018-06-07 12:08:32',	'2018-06-07 12:08:32',	386,	4,	1),
(1152,	1,	'2018-06-07 12:08:42',	'2018-06-07 12:08:42',	352,	4,	1),
(1153,	1,	'2018-06-07 12:08:54',	'2018-06-07 12:08:54',	45,	4,	1),
(1154,	1,	'2018-06-07 12:09:04',	'2018-06-07 12:09:04',	62,	4,	1),
(1155,	1,	'2018-06-07 12:09:12',	'2018-06-07 12:09:12',	25,	4,	1),
(1156,	1,	'2018-06-07 12:09:20',	'2018-06-07 12:09:20',	6,	4,	1),
(1157,	1,	'2018-06-07 12:09:29',	'2018-06-07 12:09:29',	32,	4,	1),
(1158,	1,	'2018-06-07 12:09:40',	'2018-06-07 12:09:40',	60,	4,	1),
(1159,	1,	'2018-06-07 12:09:54',	'2018-06-07 12:09:54',	31,	4,	1),
(1160,	1,	'2018-06-07 12:10:03',	'2018-06-07 12:10:03',	315,	4,	1),
(1161,	1,	'2018-06-07 12:10:11',	'2018-06-07 12:10:11',	246,	4,	1),
(1162,	1,	'2018-06-07 12:10:23',	'2018-06-07 12:10:23',	252,	4,	1),
(1163,	1,	'2018-06-07 12:10:32',	'2018-06-07 12:10:32',	250,	4,	1),
(1164,	1,	'2018-06-07 12:10:44',	'2018-06-07 12:10:44',	249,	4,	1),
(1165,	1,	'2018-06-07 12:10:54',	'2018-06-07 12:10:54',	261,	4,	1),
(1166,	1,	'2018-06-07 12:11:04',	'2018-06-07 12:11:04',	257,	4,	1),
(1167,	1,	'2018-06-07 12:11:14',	'2018-06-07 12:11:14',	265,	4,	1),
(1168,	1,	'2018-06-07 12:11:24',	'2018-06-07 12:11:24',	564,	4,	1),
(1169,	1,	'2018-06-07 12:11:31',	'2018-06-07 12:11:31',	260,	4,	1),
(1170,	1,	'2018-06-07 12:11:38',	'2018-06-07 12:11:38',	245,	4,	1),
(1171,	1,	'2018-06-07 12:11:55',	'2018-06-07 12:11:55',	253,	4,	1),
(1172,	1,	'2018-06-07 12:12:05',	'2018-06-07 12:12:05',	251,	4,	1),
(1173,	1,	'2018-06-07 12:12:16',	'2018-06-07 12:12:16',	254,	4,	1),
(1174,	1,	'2018-06-07 12:12:24',	'2018-06-07 12:12:24',	259,	4,	1),
(1175,	1,	'2018-06-07 12:12:40',	'2018-06-07 12:12:40',	144,	4,	1),
(1176,	1,	'2018-06-07 12:12:56',	'2018-06-07 12:12:56',	423,	4,	1),
(1177,	1,	'2018-06-07 12:13:05',	'2018-06-07 12:13:05',	420,	4,	1),
(1178,	1,	'2018-06-07 12:13:17',	'2018-06-07 12:13:17',	413,	4,	1),
(1179,	1,	'2018-06-07 12:13:26',	'2018-06-07 12:13:26',	414,	4,	1),
(1180,	1,	'2018-06-07 12:13:36',	'2018-06-07 12:13:36',	440,	4,	1),
(1181,	1,	'2018-06-07 12:13:46',	'2018-06-07 12:13:46',	428,	4,	1),
(1182,	1,	'2018-06-07 12:13:55',	'2018-06-07 12:13:55',	417,	4,	1),
(1183,	1,	'2018-06-07 12:14:07',	'2018-06-07 12:14:07',	421,	4,	1),
(1184,	1,	'2018-06-07 12:14:15',	'2018-06-07 12:14:15',	474,	4,	1),
(1185,	1,	'2018-06-07 12:14:22',	'2018-06-07 12:14:22',	459,	4,	1),
(1186,	1,	'2018-06-07 12:14:32',	'2018-06-07 12:14:32',	470,	4,	1),
(1187,	1,	'2018-06-07 12:14:45',	'2018-06-07 12:14:45',	462,	4,	1),
(1188,	1,	'2018-06-07 12:15:02',	'2018-06-07 12:15:02',	463,	4,	1),
(1189,	1,	'2018-06-07 12:15:12',	'2018-06-07 12:15:12',	467,	4,	1),
(1190,	1,	'2018-06-07 12:15:22',	'2018-06-07 12:15:22',	460,	4,	1),
(1191,	1,	'2018-06-07 12:15:31',	'2018-06-07 12:15:31',	619,	4,	1),
(1192,	1,	'2018-06-07 12:15:45',	'2018-06-07 12:15:45',	665,	4,	1),
(1193,	1,	'2018-06-07 12:15:53',	'2018-06-07 12:15:53',	512,	4,	1),
(1194,	1,	'2018-06-07 12:16:02',	'2018-06-07 12:16:02',	615,	4,	1),
(1195,	1,	'2018-06-07 12:16:11',	'2018-06-07 12:16:11',	409,	4,	1),
(1196,	1,	'2018-06-07 12:16:18',	'2018-06-07 12:16:18',	411,	4,	1),
(1197,	1,	'2018-06-07 12:16:33',	'2018-06-07 12:16:33',	429,	4,	1),
(1198,	1,	'2018-06-07 12:16:48',	'2018-06-07 12:16:48',	431,	4,	1),
(1199,	1,	'2018-06-07 12:17:08',	'2018-06-07 12:17:08',	426,	4,	1),
(1200,	1,	'2018-06-07 12:17:20',	'2018-06-07 12:17:20',	437,	4,	1),
(1201,	1,	'2018-06-07 12:17:30',	'2018-06-07 12:17:30',	425,	4,	1),
(1202,	1,	'2018-06-07 12:17:46',	'2018-06-07 12:17:46',	441,	4,	1),
(1203,	1,	'2018-06-07 12:17:55',	'2018-06-07 12:17:55',	435,	4,	1),
(1204,	1,	'2018-06-07 12:18:07',	'2018-06-07 12:18:07',	243,	4,	1),
(1205,	1,	'2018-06-07 12:18:16',	'2018-06-07 12:18:16',	256,	4,	1),
(1206,	1,	'2018-06-07 12:18:24',	'2018-06-07 12:18:24',	263,	4,	1),
(1207,	1,	'2018-06-07 12:18:31',	'2018-06-07 12:18:31',	373,	4,	1),
(1208,	1,	'2018-06-07 12:18:42',	'2018-06-07 12:18:42',	401,	4,	1),
(1209,	1,	'2018-06-07 12:18:57',	'2018-06-07 12:18:57',	403,	4,	1),
(1210,	1,	'2018-06-07 12:19:08',	'2018-06-07 12:19:08',	382,	4,	1),
(1211,	1,	'2018-06-07 12:19:17',	'2018-06-07 12:19:17',	377,	4,	1),
(1212,	1,	'2018-06-07 12:19:29',	'2018-06-07 12:19:29',	392,	4,	1),
(1213,	1,	'2018-06-07 12:19:35',	'2018-06-07 12:19:35',	404,	4,	1),
(1214,	1,	'2018-06-07 12:19:46',	'2018-06-07 12:19:46',	398,	4,	1),
(1215,	1,	'2018-06-07 12:19:53',	'2018-06-07 12:19:53',	374,	4,	1),
(1216,	1,	'2018-06-07 12:20:02',	'2018-06-07 12:20:02',	390,	4,	1),
(1217,	1,	'2018-06-07 12:20:15',	'2018-06-07 12:20:15',	383,	4,	1),
(1218,	1,	'2018-06-07 12:20:24',	'2018-06-07 12:20:24',	408,	4,	1),
(1219,	1,	'2018-06-07 12:20:37',	'2018-06-07 12:20:37',	255,	4,	1),
(1220,	1,	'2018-06-07 12:20:45',	'2018-06-07 12:20:45',	258,	4,	1),
(1221,	1,	'2018-06-07 12:20:53',	'2018-06-07 12:20:53',	378,	4,	1),
(1222,	1,	'2018-06-07 12:21:02',	'2018-06-07 12:21:02',	405,	4,	1),
(1223,	1,	'2018-06-07 12:21:16',	'2018-06-07 12:21:16',	395,	4,	1),
(1224,	1,	'2018-06-07 12:21:29',	'2018-06-07 12:21:29',	400,	4,	1),
(1225,	1,	'2018-06-07 12:21:38',	'2018-06-07 12:21:38',	450,	4,	1),
(1226,	1,	'2018-06-07 12:21:47',	'2018-06-07 12:21:47',	455,	4,	1),
(1227,	1,	'2018-06-07 12:21:56',	'2018-06-07 12:21:56',	475,	4,	1),
(1228,	1,	'2018-06-07 12:22:08',	'2018-06-07 12:22:08',	461,	4,	1),
(1229,	1,	'2018-06-07 12:22:24',	'2018-06-07 12:22:24',	285,	4,	1),
(1230,	1,	'2018-06-07 12:22:37',	'2018-06-07 12:22:37',	443,	4,	1),
(1231,	1,	'2018-06-07 12:22:54',	'2018-06-07 12:22:54',	287,	4,	1),
(1232,	1,	'2018-06-07 12:23:05',	'2018-06-07 12:23:05',	540,	4,	1),
(1233,	1,	'2018-06-07 12:23:13',	'2018-06-07 12:23:13',	522,	4,	1),
(1234,	1,	'2018-06-07 12:23:20',	'2018-06-07 12:23:20',	532,	4,	1),
(1235,	1,	'2018-06-07 12:23:31',	'2018-06-07 12:23:31',	533,	4,	1),
(1236,	1,	'2018-06-07 12:23:40',	'2018-06-07 12:23:40',	534,	4,	1),
(1237,	1,	'2018-06-07 12:23:48',	'2018-06-07 12:23:48',	526,	4,	1),
(1238,	1,	'2018-06-07 12:24:06',	'2018-06-07 12:24:06',	457,	4,	1),
(1239,	1,	'2018-06-07 12:24:16',	'2018-06-07 12:24:16',	472,	4,	1),
(1240,	1,	'2018-06-07 12:24:39',	'2018-06-07 12:24:39',	479,	4,	1),
(1241,	1,	'2018-06-07 12:24:48',	'2018-06-07 12:24:48',	445,	4,	1),
(1242,	1,	'2018-06-07 12:24:56',	'2018-06-07 12:24:56',	471,	4,	1),
(1243,	1,	'2018-06-07 12:25:06',	'2018-06-07 12:25:06',	468,	4,	1),
(1244,	1,	'2018-06-07 12:25:13',	'2018-06-07 12:25:13',	451,	4,	1),
(1245,	1,	'2018-06-07 12:25:21',	'2018-06-07 12:25:21',	555,	4,	1),
(1246,	1,	'2018-06-07 12:25:31',	'2018-06-07 12:25:31',	129,	4,	1),
(1247,	1,	'2018-06-07 12:25:43',	'2018-06-07 12:25:43',	687,	4,	1),
(1248,	1,	'2018-06-07 12:25:53',	'2018-06-07 12:25:53',	535,	4,	1),
(1249,	1,	'2018-06-07 12:26:03',	'2018-06-07 12:26:03',	274,	4,	1),
(1250,	1,	'2018-06-07 12:26:19',	'2018-06-07 12:26:19',	525,	4,	1),
(1251,	1,	'2018-06-07 12:26:29',	'2018-06-07 12:26:29',	528,	4,	1),
(1252,	1,	'2018-06-07 12:26:37',	'2018-06-07 12:26:37',	539,	4,	1),
(1253,	1,	'2018-06-07 12:26:51',	'2018-06-07 12:26:51',	38,	4,	1),
(1254,	1,	'2018-06-07 12:27:01',	'2018-06-07 12:27:01',	27,	4,	1),
(1255,	1,	'2018-06-07 12:27:11',	'2018-06-07 12:27:11',	439,	4,	1),
(1256,	1,	'2018-06-07 12:27:22',	'2018-06-07 12:27:22',	19,	4,	1),
(1257,	1,	'2018-06-07 12:27:29',	'2018-06-07 12:27:29',	402,	4,	1),
(1258,	1,	'2018-06-07 12:27:38',	'2018-06-07 12:27:38',	380,	4,	1),
(1259,	1,	'2018-06-07 12:27:50',	'2018-06-07 12:27:50',	385,	4,	1),
(1260,	1,	'2018-06-07 12:27:57',	'2018-06-07 12:27:57',	4,	4,	1),
(1261,	1,	'2018-06-07 12:28:08',	'2018-06-07 12:28:08',	379,	4,	1),
(1262,	1,	'2018-06-07 12:28:23',	'2018-06-07 12:28:23',	372,	4,	1),
(1263,	1,	'2018-06-07 12:28:31',	'2018-06-07 12:28:31',	384,	4,	1),
(1264,	1,	'2018-06-07 12:28:42',	'2018-06-07 12:28:42',	132,	4,	1),
(1265,	1,	'2018-06-07 12:28:52',	'2018-06-07 12:28:52',	148,	4,	1),
(1266,	1,	'2018-06-07 12:28:59',	'2018-06-07 12:28:59',	146,	4,	1),
(1267,	1,	'2018-06-07 12:29:11',	'2018-06-07 12:29:11',	150,	4,	1),
(1268,	1,	'2018-06-07 12:29:22',	'2018-06-07 12:29:22',	123,	4,	1),
(1269,	1,	'2018-06-07 12:29:30',	'2018-06-07 12:29:30',	130,	4,	1),
(1270,	1,	'2018-06-07 12:29:45',	'2018-06-07 12:29:45',	143,	4,	1),
(1271,	1,	'2018-06-07 12:29:59',	'2018-06-07 12:29:59',	149,	4,	1),
(1272,	1,	'2018-06-07 12:30:09',	'2018-06-07 12:30:09',	122,	4,	1),
(1273,	1,	'2018-06-07 12:30:19',	'2018-06-07 12:30:19',	131,	4,	1),
(1274,	1,	'2018-06-07 12:30:26',	'2018-06-07 12:30:26',	121,	4,	1),
(1275,	1,	'2018-06-07 12:30:35',	'2018-06-07 12:30:35',	120,	4,	1),
(1276,	1,	'2018-06-07 12:30:44',	'2018-06-07 12:30:44',	124,	4,	1),
(1277,	1,	'2018-06-07 12:30:58',	'2018-06-07 12:30:58',	453,	4,	1),
(1278,	1,	'2018-06-07 12:31:10',	'2018-06-07 12:31:10',	447,	4,	1),
(1279,	1,	'2018-06-07 12:31:19',	'2018-06-07 12:31:19',	464,	4,	1),
(1280,	1,	'2018-06-07 12:31:29',	'2018-06-07 12:31:29',	427,	4,	1),
(1281,	1,	'2018-06-07 12:31:37',	'2018-06-07 12:31:37',	147,	4,	1),
(1282,	1,	'2018-06-07 12:31:49',	'2018-06-07 12:31:49',	133,	4,	1),
(1283,	1,	'2018-06-07 12:31:57',	'2018-06-07 12:31:57',	140,	4,	1),
(1284,	1,	'2018-06-07 12:32:07',	'2018-06-07 12:32:07',	138,	4,	1),
(1285,	1,	'2018-06-07 12:32:18',	'2018-06-07 12:32:18',	541,	4,	1),
(1286,	1,	'2018-06-07 12:32:28',	'2018-06-07 12:32:28',	542,	4,	1),
(1287,	1,	'2018-06-07 12:32:36',	'2018-06-07 12:32:36',	514,	4,	1),
(1288,	1,	'2018-06-07 12:32:45',	'2018-06-07 12:32:45',	685,	4,	1),
(1289,	1,	'2018-06-07 12:32:52',	'2018-06-07 12:32:52',	696,	4,	1),
(1290,	1,	'2018-06-07 12:33:04',	'2018-06-07 12:33:04',	703,	4,	1),
(1291,	1,	'2018-06-07 12:33:15',	'2018-06-07 12:33:15',	477,	4,	1),
(1292,	1,	'2018-06-07 12:33:21',	'2018-06-07 12:33:21',	367,	4,	1),
(1293,	1,	'2018-06-07 12:33:29',	'2018-06-07 12:33:29',	335,	4,	1),
(1294,	1,	'2018-06-07 12:33:38',	'2018-06-07 12:33:38',	340,	4,	1),
(1295,	1,	'2018-06-07 12:33:47',	'2018-06-07 12:33:47',	516,	4,	1),
(1296,	1,	'2018-06-07 12:34:05',	'2018-06-07 12:34:05',	624,	4,	1),
(1297,	1,	'2018-06-07 12:34:18',	'2018-06-07 12:34:18',	695,	4,	1),
(1298,	1,	'2018-06-07 12:34:29',	'2018-06-07 12:34:29',	701,	4,	1),
(1299,	1,	'2018-06-07 12:34:51',	'2018-06-07 12:34:51',	679,	4,	1),
(1300,	1,	'2018-06-07 12:35:00',	'2018-06-07 12:35:00',	670,	4,	1),
(1301,	1,	'2018-06-07 12:35:09',	'2018-06-07 12:35:09',	412,	4,	1),
(1302,	1,	'2018-06-07 12:35:19',	'2018-06-07 12:35:19',	271,	4,	1),
(1303,	1,	'2018-06-07 12:35:33',	'2018-06-07 12:35:33',	573,	4,	1),
(1304,	1,	'2018-06-07 12:35:48',	'2018-06-07 12:35:48',	65,	4,	1),
(1305,	1,	'2018-06-07 12:35:59',	'2018-06-07 12:35:59',	651,	4,	1),
(1306,	1,	'2018-06-07 12:36:12',	'2018-06-07 12:36:12',	446,	4,	1),
(1307,	1,	'2018-06-07 12:36:22',	'2018-06-07 12:36:22',	454,	4,	1),
(1308,	1,	'2018-06-07 12:36:31',	'2018-06-07 12:36:31',	662,	4,	1),
(1309,	1,	'2018-06-07 12:36:44',	'2018-06-07 12:36:44',	478,	4,	1),
(1310,	1,	'2018-06-07 12:37:09',	'2018-06-07 12:37:09',	536,	4,	1),
(1311,	1,	'2018-06-07 12:37:17',	'2018-06-07 12:37:17',	519,	4,	1),
(1312,	1,	'2018-06-07 12:39:44',	'2018-06-07 12:39:44',	574,	4,	1),
(1313,	1,	'2018-06-07 12:40:17',	'2018-06-07 12:40:17',	12,	4,	1),
(1314,	1,	'2018-06-07 12:40:28',	'2018-06-07 12:40:28',	16,	4,	1),
(1315,	1,	'2018-06-07 12:40:44',	'2018-06-07 12:40:44',	29,	4,	1),
(1316,	1,	'2018-06-07 12:40:58',	'2018-06-07 12:40:58',	98,	4,	1),
(1317,	1,	'2018-06-07 12:41:08',	'2018-06-07 12:41:08',	105,	4,	1),
(1318,	1,	'2018-06-07 12:41:17',	'2018-06-07 12:41:17',	107,	4,	1),
(1319,	1,	'2018-06-07 12:41:26',	'2018-06-07 12:41:26',	111,	4,	1),
(1320,	1,	'2018-06-07 12:41:33',	'2018-06-07 12:41:33',	115,	4,	1),
(1321,	1,	'2018-06-07 12:41:49',	'2018-06-07 12:41:49',	152,	4,	1),
(1322,	1,	'2018-06-07 12:41:59',	'2018-06-07 12:41:59',	157,	4,	1),
(1323,	1,	'2018-06-07 12:42:33',	'2018-06-07 12:42:33',	161,	4,	1),
(1324,	1,	'2018-06-07 12:43:57',	'2018-06-07 12:43:57',	572,	4,	1),
(1325,	1,	'2018-06-07 12:44:14',	'2018-06-07 12:44:14',	162,	4,	1),
(1326,	1,	'2018-06-07 12:44:31',	'2018-06-07 12:44:31',	164,	4,	1),
(1327,	1,	'2018-06-07 12:44:41',	'2018-06-07 12:44:41',	165,	4,	1),
(1328,	1,	'2018-06-07 12:44:56',	'2018-06-07 12:44:56',	166,	4,	1),
(1329,	1,	'2018-06-07 12:45:15',	'2018-06-07 12:45:15',	168,	4,	1),
(1330,	1,	'2018-06-07 12:45:25',	'2018-06-07 12:45:25',	169,	4,	1),
(1331,	1,	'2018-06-07 12:45:36',	'2018-06-07 12:45:36',	170,	4,	1),
(1332,	1,	'2018-06-07 12:45:44',	'2018-06-07 12:45:44',	171,	4,	1),
(1333,	1,	'2018-06-07 12:45:51',	'2018-06-07 12:45:51',	172,	4,	1),
(1334,	1,	'2018-06-07 12:45:59',	'2018-06-07 12:45:59',	173,	4,	1),
(1335,	1,	'2018-06-07 12:46:11',	'2018-06-07 12:46:11',	175,	4,	1),
(1336,	1,	'2018-06-07 12:46:25',	'2018-06-07 12:46:25',	177,	4,	1),
(1337,	1,	'2018-06-07 12:46:40',	'2018-06-07 12:46:40',	178,	4,	1),
(1338,	1,	'2018-06-07 12:46:50',	'2018-06-07 12:46:50',	179,	4,	1),
(1339,	1,	'2018-06-07 12:46:59',	'2018-06-07 12:46:59',	180,	4,	1),
(1340,	1,	'2018-06-07 12:47:08',	'2018-06-07 12:47:08',	181,	4,	1),
(1341,	1,	'2018-06-07 12:47:15',	'2018-06-07 12:47:15',	182,	4,	1),
(1342,	1,	'2018-06-07 12:47:24',	'2018-06-07 12:47:24',	183,	4,	1),
(1343,	1,	'2018-06-07 12:47:34',	'2018-06-07 12:47:34',	184,	4,	1),
(1344,	1,	'2018-06-07 12:47:45',	'2018-06-07 12:47:45',	185,	4,	1),
(1345,	1,	'2018-06-07 12:47:57',	'2018-06-07 12:47:57',	186,	4,	1),
(1346,	1,	'2018-06-07 12:48:07',	'2018-06-07 12:48:07',	187,	4,	1),
(1347,	1,	'2018-06-07 12:48:16',	'2018-06-07 12:48:16',	188,	4,	1),
(1348,	1,	'2018-06-07 12:48:27',	'2018-06-07 12:48:27',	190,	4,	1),
(1349,	1,	'2018-06-07 12:48:41',	'2018-06-07 12:48:41',	193,	4,	1),
(1350,	1,	'2018-06-07 12:49:03',	'2018-06-07 12:49:03',	194,	4,	1),
(1351,	1,	'2018-06-07 12:49:15',	'2018-06-07 12:49:15',	195,	4,	1),
(1352,	1,	'2018-06-07 12:49:25',	'2018-06-07 12:49:25',	196,	4,	1),
(1353,	1,	'2018-06-07 12:49:36',	'2018-06-07 12:49:36',	197,	4,	1),
(1354,	1,	'2018-06-07 12:49:55',	'2018-06-07 12:49:55',	198,	4,	1),
(1355,	1,	'2018-06-07 12:50:22',	'2018-06-07 12:50:22',	199,	4,	1),
(1356,	1,	'2018-06-07 12:50:31',	'2018-06-07 12:50:31',	200,	4,	1),
(1357,	1,	'2018-06-07 12:50:39',	'2018-06-07 12:50:39',	201,	4,	1),
(1358,	1,	'2018-06-07 12:50:48',	'2018-06-07 12:50:48',	202,	4,	1),
(1359,	1,	'2018-06-07 12:50:56',	'2018-06-07 12:50:56',	203,	4,	1),
(1360,	1,	'2018-06-07 12:51:03',	'2018-06-07 12:51:03',	204,	4,	1),
(1361,	1,	'2018-06-07 12:51:16',	'2018-06-07 12:51:16',	207,	4,	1),
(1362,	1,	'2018-06-07 12:52:08',	'2018-06-07 12:52:08',	356,	4,	1),
(1363,	1,	'2018-06-07 12:52:17',	'2018-06-07 12:52:17',	357,	4,	1),
(1364,	1,	'2018-06-07 12:52:23',	'2018-06-07 12:52:23',	358,	4,	1),
(1365,	1,	'2018-06-07 12:52:29',	'2018-06-07 12:52:29',	359,	4,	1),
(1366,	1,	'2018-06-07 12:52:41',	'2018-06-07 12:52:41',	360,	4,	1),
(1367,	1,	'2018-06-07 12:52:48',	'2018-06-07 12:52:48',	361,	4,	1),
(1368,	1,	'2018-06-07 12:52:55',	'2018-06-07 12:52:55',	362,	4,	1),
(1369,	1,	'2018-06-07 12:53:09',	'2018-06-07 12:53:09',	364,	4,	1),
(1370,	1,	'2018-06-07 12:53:17',	'2018-06-07 12:53:17',	365,	4,	1),
(1371,	1,	'2018-06-07 12:53:53',	'2018-06-07 12:53:53',	369,	4,	1),
(1372,	1,	'2018-06-07 12:54:08',	'2018-06-07 12:54:08',	370,	4,	1),
(1373,	1,	'2018-06-07 12:55:02',	'2018-06-07 12:55:02',	397,	4,	1),
(1374,	1,	'2018-06-07 12:55:39',	'2018-06-07 12:55:39',	546,	4,	1),
(1375,	1,	'2018-06-07 12:55:53',	'2018-06-07 12:55:53',	547,	4,	1),
(1376,	1,	'2018-06-07 12:56:21',	'2018-06-07 12:56:21',	549,	4,	1),
(1377,	1,	'2018-06-07 12:57:10',	'2018-06-07 12:57:10',	551,	4,	1),
(1378,	1,	'2018-06-07 12:57:17',	'2018-06-07 12:57:17',	553,	4,	1),
(1379,	1,	'2018-06-07 12:57:25',	'2018-06-07 12:57:25',	556,	4,	1),
(1380,	1,	'2018-06-07 12:57:38',	'2018-06-07 12:57:38',	559,	4,	1),
(1381,	1,	'2018-06-07 12:57:48',	'2018-06-07 12:57:48',	560,	4,	1),
(1382,	1,	'2018-06-07 12:57:56',	'2018-06-07 12:57:56',	563,	4,	1),
(1383,	1,	'2018-06-07 12:58:05',	'2018-06-07 12:58:05',	565,	4,	1),
(1384,	1,	'2018-06-07 12:58:14',	'2018-06-07 12:58:14',	566,	4,	1),
(1385,	1,	'2018-06-07 12:58:28',	'2018-06-07 12:58:28',	571,	4,	1),
(1386,	1,	'2018-06-07 12:59:03',	'2018-06-07 12:59:03',	597,	4,	1),
(1387,	1,	'2018-06-07 12:59:11',	'2018-06-07 12:59:11',	598,	4,	1),
(1388,	1,	'2018-06-07 12:59:48',	'2018-06-07 12:59:48',	141,	4,	1),
(1389,	1,	'2018-06-07 13:00:04',	'2018-06-07 13:00:04',	599,	4,	1),
(1390,	1,	'2018-06-07 13:00:29',	'2018-06-07 13:00:29',	601,	4,	1),
(1391,	1,	'2018-06-07 13:00:40',	'2018-06-07 13:00:40',	602,	4,	1),
(1392,	1,	'2018-06-07 13:00:49',	'2018-06-07 13:00:49',	603,	4,	1),
(1393,	1,	'2018-06-07 13:01:00',	'2018-06-07 13:01:00',	605,	4,	1),
(1394,	1,	'2018-06-07 13:03:49',	'2018-06-07 13:03:49',	606,	4,	1),
(1395,	1,	'2018-06-07 13:04:15',	'2018-06-07 13:04:15',	607,	4,	1),
(1396,	1,	'2018-06-07 13:05:11',	'2018-06-07 13:05:11',	608,	4,	1),
(1397,	1,	'2018-06-07 13:05:29',	'2018-06-07 13:05:29',	609,	4,	1),
(1398,	1,	'2018-06-07 13:05:46',	'2018-06-07 13:05:46',	610,	4,	1),
(1399,	1,	'2018-06-07 13:06:20',	'2018-06-07 13:06:20',	614,	4,	1),
(1400,	1,	'2018-06-07 13:06:46',	'2018-06-07 13:06:46',	617,	4,	1),
(1401,	1,	'2018-06-07 13:07:10',	'2018-06-07 13:07:10',	618,	4,	1),
(1402,	1,	'2018-06-07 13:07:33',	'2018-06-07 13:07:33',	620,	4,	1),
(1403,	1,	'2018-06-07 13:08:04',	'2018-06-07 13:08:04',	621,	4,	1),
(1404,	1,	'2018-06-07 13:08:51',	'2018-06-07 13:08:51',	622,	4,	1),
(1405,	1,	'2018-06-07 13:09:13',	'2018-06-07 13:09:13',	623,	4,	1),
(1406,	1,	'2018-06-07 13:09:44',	'2018-06-07 13:09:44',	625,	4,	1),
(1407,	1,	'2018-06-07 13:11:23',	'2018-06-07 13:11:23',	692,	4,	1),
(1408,	1,	'2018-06-07 13:11:57',	'2018-06-07 13:11:57',	626,	4,	1),
(1409,	1,	'2018-06-07 13:12:21',	'2018-06-07 13:12:21',	627,	4,	1),
(1410,	1,	'2018-06-07 13:12:43',	'2018-06-07 13:12:43',	628,	4,	1),
(1411,	1,	'2018-06-07 13:16:18',	'2018-06-07 13:16:18',	719,	4,	1),
(1412,	1,	'2018-06-07 13:17:18',	'2018-06-07 13:17:18',	726,	4,	1),
(1413,	1,	'2018-06-07 13:17:49',	'2018-06-07 13:17:49',	727,	4,	1),
(1414,	1,	'2018-06-07 18:30:03',	'2018-06-07 18:30:03',	210,	4,	1),
(1415,	1,	'2018-06-07 18:30:11',	'2018-06-07 18:30:11',	186,	4,	1),
(1416,	1,	'2018-06-07 18:30:17',	'2018-06-07 18:30:17',	218,	4,	1),
(1417,	1,	'2018-06-07 18:30:24',	'2018-06-07 18:30:24',	127,	4,	1),
(1418,	1,	'2018-06-07 18:30:36',	'2018-06-07 18:30:36',	245,	4,	1),
(1419,	1,	'2018-06-07 18:44:09',	'2018-06-07 18:44:09',	254,	4,	1),
(1420,	1,	'2018-06-07 18:44:19',	'2018-06-07 18:44:19',	270,	4,	1),
(1421,	1,	'2018-06-07 18:44:28',	'2018-06-07 18:44:28',	215,	4,	1),
(1422,	1,	'2018-06-07 18:44:36',	'2018-06-07 18:44:36',	253,	4,	1),
(1423,	1,	'2018-06-07 18:44:57',	'2018-06-07 18:44:57',	286,	4,	1),
(1424,	0,	'2018-06-08 10:59:42',	'2018-06-08 10:59:42',	463,	5,	1),
(1425,	0,	'2018-06-08 10:59:53',	'2018-06-08 10:59:53',	459,	5,	1),
(1426,	1,	'2018-06-08 11:00:03',	'2018-06-08 11:00:03',	474,	5,	1),
(1427,	1,	'2018-06-08 11:00:15',	'2018-06-08 11:00:15',	467,	5,	1),
(1428,	1,	'2018-06-08 11:00:22',	'2018-06-08 11:00:22',	445,	5,	1),
(1429,	1,	'2018-06-08 11:00:31',	'2018-06-08 11:00:31',	471,	5,	1),
(1430,	1,	'2018-06-08 11:00:46',	'2018-06-08 11:00:46',	458,	5,	1),
(1431,	1,	'2018-06-08 11:00:56',	'2018-06-08 11:00:56',	450,	5,	1),
(1432,	1,	'2018-06-08 11:01:04',	'2018-06-08 11:01:04',	472,	5,	1),
(1433,	1,	'2018-06-08 11:01:04',	'2018-06-08 11:01:04',	519,	5,	1),
(1434,	1,	'2018-06-08 11:01:13',	'2018-06-08 11:01:13',	536,	5,	1),
(1435,	1,	'2018-06-08 11:01:14',	'2018-06-08 11:01:14',	479,	5,	1),
(1436,	1,	'2018-06-08 11:01:22',	'2018-06-08 11:01:22',	447,	5,	1),
(1437,	1,	'2018-06-08 11:01:27',	'2018-06-08 11:01:27',	453,	5,	1),
(1438,	1,	'2018-06-08 11:01:33',	'2018-06-08 11:01:33',	234,	5,	1),
(1439,	1,	'2018-06-08 11:01:36',	'2018-06-08 11:01:36',	470,	5,	1),
(1440,	1,	'2018-06-08 11:01:44',	'2018-06-08 11:01:44',	237,	5,	1),
(1441,	1,	'2018-06-08 11:01:44',	'2018-06-08 11:01:44',	217,	5,	1),
(1442,	1,	'2018-06-08 11:01:54',	'2018-06-08 11:01:54',	462,	5,	1),
(1443,	1,	'2018-06-08 11:02:52',	'2018-06-08 11:02:52',	464,	5,	1),
(1444,	1,	'2018-06-08 11:04:22',	'2018-06-08 11:04:22',	455,	5,	1),
(1445,	1,	'2018-06-08 11:04:23',	'2018-06-08 11:04:23',	443,	5,	1),
(1446,	1,	'2018-06-08 11:07:46',	'2018-06-08 11:07:46',	59,	5,	1),
(1447,	1,	'2018-06-08 11:07:48',	'2018-06-08 11:07:48',	51,	5,	1),
(1448,	1,	'2018-06-08 11:07:55',	'2018-06-08 11:07:55',	49,	5,	1),
(1449,	1,	'2018-06-08 11:10:07',	'2018-06-08 11:10:07',	392,	5,	1),
(1450,	1,	'2018-06-08 11:10:13',	'2018-06-08 11:10:13',	377,	5,	1),
(1451,	1,	'2018-06-08 11:10:14',	'2018-06-08 11:10:14',	403,	5,	1),
(1452,	1,	'2018-06-08 11:10:20',	'2018-06-08 11:10:20',	405,	5,	1),
(1453,	1,	'2018-06-08 11:10:31',	'2018-06-08 11:10:31',	460,	5,	1),
(1454,	1,	'2018-06-08 11:10:39',	'2018-06-08 11:10:39',	396,	5,	1),
(1455,	1,	'2018-06-08 11:10:50',	'2018-06-08 11:10:50',	393,	5,	1),
(1456,	1,	'2018-06-08 11:11:09',	'2018-06-08 11:11:09',	388,	5,	1),
(1457,	1,	'2018-06-08 11:11:10',	'2018-06-08 11:11:10',	394,	5,	1),
(1458,	1,	'2018-06-08 11:11:17',	'2018-06-08 11:11:17',	376,	5,	1),
(1459,	1,	'2018-06-08 11:11:17',	'2018-06-08 11:11:17',	390,	5,	1),
(1460,	1,	'2018-06-08 11:11:24',	'2018-06-08 11:11:24',	404,	5,	1),
(1461,	1,	'2018-06-08 11:11:26',	'2018-06-08 11:11:26',	407,	5,	1),
(1462,	1,	'2018-06-08 11:11:32',	'2018-06-08 11:11:32',	374,	5,	1),
(1463,	1,	'2018-06-08 11:11:41',	'2018-06-08 11:11:41',	387,	5,	1),
(1464,	1,	'2018-06-08 11:11:48',	'2018-06-08 11:11:48',	398,	5,	1),
(1465,	1,	'2018-06-08 11:11:56',	'2018-06-08 11:11:56',	528,	5,	1),
(1466,	1,	'2018-06-08 11:11:57',	'2018-06-08 11:11:57',	228,	5,	1),
(1467,	1,	'2018-06-08 11:12:03',	'2018-06-08 11:12:03',	378,	5,	1),
(1468,	1,	'2018-06-08 11:12:07',	'2018-06-08 11:12:07',	215,	5,	1),
(1469,	1,	'2018-06-08 11:12:15',	'2018-06-08 11:12:15',	395,	5,	1),
(1470,	1,	'2018-06-08 11:12:15',	'2018-06-08 11:12:15',	400,	5,	1),
(1471,	1,	'2018-06-08 11:12:24',	'2018-06-08 11:12:24',	72,	5,	1),
(1472,	1,	'2018-06-08 11:12:29',	'2018-06-08 11:12:29',	55,	5,	1),
(1473,	1,	'2018-06-08 11:12:39',	'2018-06-08 11:12:39',	383,	5,	1),
(1474,	1,	'2018-06-08 11:12:46',	'2018-06-08 11:12:46',	384,	5,	1),
(1475,	1,	'2018-06-08 11:12:52',	'2018-06-08 11:12:52',	379,	5,	1),
(1476,	1,	'2018-06-08 11:12:53',	'2018-06-08 11:12:53',	43,	5,	1),
(1477,	1,	'2018-06-08 11:13:01',	'2018-06-08 11:13:01',	524,	5,	1),
(1478,	1,	'2018-06-08 11:13:01',	'2018-06-08 11:13:01',	54,	5,	1),
(1479,	1,	'2018-06-08 11:13:10',	'2018-06-08 11:13:10',	67,	5,	1),
(1480,	1,	'2018-06-08 11:13:17',	'2018-06-08 11:13:17',	538,	5,	1),
(1481,	1,	'2018-06-08 11:13:20',	'2018-06-08 11:13:20',	512,	5,	1),
(1482,	1,	'2018-06-08 11:13:26',	'2018-06-08 11:13:26',	531,	5,	1),
(1483,	1,	'2018-06-08 11:13:34',	'2018-06-08 11:13:34',	540,	5,	1),
(1484,	1,	'2018-06-08 11:13:38',	'2018-06-08 11:13:38',	522,	5,	1),
(1485,	1,	'2018-06-08 11:13:49',	'2018-06-08 11:13:49',	526,	5,	1),
(1486,	1,	'2018-06-08 11:13:58',	'2018-06-08 11:13:58',	533,	5,	1),
(1487,	1,	'2018-06-08 11:14:06',	'2018-06-08 11:14:06',	517,	5,	1),
(1488,	1,	'2018-06-08 11:14:11',	'2018-06-08 11:14:11',	537,	5,	1),
(1489,	1,	'2018-06-08 11:14:14',	'2018-06-08 11:14:14',	40,	5,	1),
(1490,	1,	'2018-06-08 11:14:18',	'2018-06-08 11:14:18',	391,	5,	1),
(1491,	1,	'2018-06-08 11:14:19',	'2018-06-08 11:14:19',	41,	5,	1),
(1492,	1,	'2018-06-08 11:14:28',	'2018-06-08 11:14:28',	78,	5,	1),
(1493,	1,	'2018-06-08 11:14:32',	'2018-06-08 11:14:32',	542,	5,	1),
(1494,	1,	'2018-06-08 11:14:36',	'2018-06-08 11:14:36',	561,	5,	1),
(1495,	1,	'2018-06-08 11:14:49',	'2018-06-08 11:14:49',	544,	5,	1),
(1496,	1,	'2018-06-08 11:14:50',	'2018-06-08 11:14:50',	514,	5,	1),
(1497,	1,	'2018-06-08 11:15:00',	'2018-06-08 11:15:00',	530,	5,	1),
(1498,	1,	'2018-06-08 11:15:08',	'2018-06-08 11:15:08',	541,	5,	1),
(1499,	1,	'2018-06-08 11:15:08',	'2018-06-08 11:15:08',	65,	5,	1),
(1500,	1,	'2018-06-08 11:15:15',	'2018-06-08 11:15:15',	63,	5,	1),
(1501,	1,	'2018-06-08 11:15:21',	'2018-06-08 11:15:21',	48,	5,	1),
(1502,	1,	'2018-06-08 11:15:27',	'2018-06-08 11:15:27',	58,	5,	1),
(1503,	1,	'2018-06-08 11:15:28',	'2018-06-08 11:15:28',	74,	5,	1),
(1504,	1,	'2018-06-08 11:15:38',	'2018-06-08 11:15:38',	64,	5,	1),
(1505,	1,	'2018-06-08 11:15:39',	'2018-06-08 11:15:39',	42,	5,	1),
(1506,	1,	'2018-06-08 11:15:50',	'2018-06-08 11:15:50',	399,	5,	1),
(1507,	1,	'2018-06-08 11:15:54',	'2018-06-08 11:15:54',	80,	5,	1),
(1508,	1,	'2018-06-08 11:16:01',	'2018-06-08 11:16:01',	61,	5,	1),
(1509,	1,	'2018-06-08 11:16:02',	'2018-06-08 11:16:02',	483,	5,	1),
(1510,	1,	'2018-06-08 11:16:07',	'2018-06-08 11:16:07',	489,	5,	1),
(1511,	1,	'2018-06-08 11:16:13',	'2018-06-08 11:16:13',	503,	5,	1),
(1512,	1,	'2018-06-08 11:16:14',	'2018-06-08 11:16:14',	71,	5,	1),
(1513,	1,	'2018-06-08 11:16:24',	'2018-06-08 11:16:24',	498,	5,	1),
(1514,	1,	'2018-06-08 11:16:30',	'2018-06-08 11:16:30',	511,	5,	1),
(1515,	1,	'2018-06-08 11:16:32',	'2018-06-08 11:16:32',	486,	5,	1),
(1516,	1,	'2018-06-08 11:16:36',	'2018-06-08 11:16:36',	482,	5,	1),
(1517,	1,	'2018-06-08 11:16:41',	'2018-06-08 11:16:41',	402,	5,	1),
(1518,	1,	'2018-06-08 11:16:43',	'2018-06-08 11:16:43',	385,	5,	1),
(1519,	1,	'2018-06-08 11:16:51',	'2018-06-08 11:16:51',	380,	5,	1),
(1520,	1,	'2018-06-08 11:16:52',	'2018-06-08 11:16:52',	53,	5,	1),
(1521,	1,	'2018-06-08 11:16:59',	'2018-06-08 11:16:59',	77,	5,	1),
(1522,	1,	'2018-06-08 11:17:00',	'2018-06-08 11:17:00',	68,	5,	1),
(1523,	1,	'2018-06-08 11:17:07',	'2018-06-08 11:17:07',	50,	5,	1),
(1524,	1,	'2018-06-08 11:17:12',	'2018-06-08 11:17:12',	39,	5,	1),
(1525,	1,	'2018-06-08 11:17:14',	'2018-06-08 11:17:14',	73,	5,	1),
(1526,	1,	'2018-06-08 11:17:22',	'2018-06-08 11:17:22',	508,	5,	1),
(1527,	1,	'2018-06-08 11:17:25',	'2018-06-08 11:17:25',	481,	5,	1),
(1528,	1,	'2018-06-08 11:17:29',	'2018-06-08 11:17:29',	499,	5,	1),
(1529,	1,	'2018-06-08 11:17:37',	'2018-06-08 11:17:37',	496,	5,	1),
(1530,	1,	'2018-06-08 11:17:37',	'2018-06-08 11:17:37',	495,	5,	1),
(1531,	1,	'2018-06-08 11:17:43',	'2018-06-08 11:17:43',	488,	5,	1),
(1532,	1,	'2018-06-08 11:17:46',	'2018-06-08 11:17:46',	509,	5,	1),
(1533,	1,	'2018-06-08 11:18:00',	'2018-06-08 11:18:00',	381,	5,	1),
(1534,	1,	'2018-06-08 11:19:44',	'2018-06-08 11:19:44',	401,	5,	1),
(1535,	1,	'2018-06-08 11:19:51',	'2018-06-08 11:19:51',	477,	5,	1),
(1536,	1,	'2018-06-08 11:20:01',	'2018-06-08 11:20:01',	45,	5,	1),
(1537,	1,	'2018-06-08 11:20:03',	'2018-06-08 11:20:03',	373,	5,	1),
(1538,	1,	'2018-06-08 11:20:11',	'2018-06-08 11:20:11',	372,	5,	1),
(1539,	1,	'2018-06-08 11:20:14',	'2018-06-08 11:20:14',	62,	5,	1),
(1540,	1,	'2018-06-08 11:20:22',	'2018-06-08 11:20:22',	506,	5,	1),
(1541,	1,	'2018-06-08 11:20:25',	'2018-06-08 11:20:25',	408,	5,	1),
(1542,	1,	'2018-06-08 11:20:28',	'2018-06-08 11:20:28',	494,	5,	1),
(1543,	1,	'2018-06-08 11:20:35',	'2018-06-08 11:20:35',	510,	5,	1),
(1544,	1,	'2018-06-08 11:20:38',	'2018-06-08 11:20:38',	492,	5,	1),
(1545,	1,	'2018-06-08 11:20:47',	'2018-06-08 11:20:47',	507,	5,	1),
(1546,	1,	'2018-06-08 11:20:49',	'2018-06-08 11:20:49',	523,	5,	1),
(1547,	1,	'2018-06-08 11:20:58',	'2018-06-08 11:20:58',	267,	5,	1),
(1548,	1,	'2018-06-08 11:21:08',	'2018-06-08 11:21:08',	284,	5,	1),
(1549,	1,	'2018-06-08 11:21:09',	'2018-06-08 11:21:09',	293,	5,	1),
(1550,	1,	'2018-06-08 11:21:18',	'2018-06-08 11:21:18',	231,	5,	1),
(1551,	1,	'2018-06-08 11:21:21',	'2018-06-08 11:21:21',	225,	5,	1),
(1552,	1,	'2018-06-08 11:21:28',	'2018-06-08 11:21:28',	240,	5,	1),
(1553,	1,	'2018-06-08 11:21:36',	'2018-06-08 11:21:36',	579,	5,	1),
(1554,	1,	'2018-06-08 11:21:47',	'2018-06-08 11:21:47',	584,	5,	1),
(1555,	1,	'2018-06-08 11:21:52',	'2018-06-08 11:21:52',	582,	5,	1),
(1556,	1,	'2018-06-08 11:21:56',	'2018-06-08 11:21:56',	587,	5,	1),
(1557,	1,	'2018-06-08 11:21:59',	'2018-06-08 11:21:59',	577,	5,	1),
(1558,	1,	'2018-06-08 11:22:03',	'2018-06-08 11:22:03',	589,	5,	1),
(1559,	1,	'2018-06-08 11:22:04',	'2018-06-08 11:22:04',	469,	5,	1),
(1560,	1,	'2018-06-08 11:22:11',	'2018-06-08 11:22:11',	504,	5,	1),
(1561,	1,	'2018-06-08 11:22:14',	'2018-06-08 11:22:14',	553,	5,	1),
(1562,	1,	'2018-06-08 11:22:19',	'2018-06-08 11:22:19',	149,	5,	1),
(1563,	1,	'2018-06-08 11:22:27',	'2018-06-08 11:22:27',	131,	5,	1),
(1564,	1,	'2018-06-08 11:22:28',	'2018-06-08 11:22:28',	572,	5,	1),
(1565,	1,	'2018-06-08 11:22:40',	'2018-06-08 11:22:40',	552,	5,	1),
(1566,	1,	'2018-06-08 11:22:41',	'2018-06-08 11:22:41',	145,	5,	1),
(1567,	1,	'2018-06-08 11:22:47',	'2018-06-08 11:22:47',	121,	5,	1),
(1568,	1,	'2018-06-08 11:22:48',	'2018-06-08 11:22:48',	569,	5,	1),
(1569,	1,	'2018-06-08 11:22:54',	'2018-06-08 11:22:54',	551,	5,	1),
(1570,	1,	'2018-06-08 11:23:07',	'2018-06-08 11:23:07',	468,	5,	1),
(1571,	1,	'2018-06-08 11:23:12',	'2018-06-08 11:23:12',	465,	5,	1),
(1572,	1,	'2018-06-08 11:23:17',	'2018-06-08 11:23:17',	456,	5,	1),
(1573,	1,	'2018-06-08 11:23:24',	'2018-06-08 11:23:24',	556,	5,	1),
(1574,	1,	'2018-06-08 11:23:25',	'2018-06-08 11:23:25',	573,	5,	1),
(1575,	1,	'2018-06-08 11:23:34',	'2018-06-08 11:23:34',	559,	5,	1),
(1576,	1,	'2018-06-08 11:23:34',	'2018-06-08 11:23:34',	566,	5,	1),
(1577,	1,	'2018-06-08 11:23:40',	'2018-06-08 11:23:40',	449,	5,	1),
(1578,	1,	'2018-06-08 11:23:49',	'2018-06-08 11:23:49',	574,	5,	1),
(1579,	1,	'2018-06-08 11:23:50',	'2018-06-08 11:23:50',	273,	5,	1),
(1580,	1,	'2018-06-08 11:23:59',	'2018-06-08 11:23:59',	253,	5,	1),
(1581,	1,	'2018-06-08 11:24:01',	'2018-06-08 11:24:01',	263,	5,	1),
(1582,	1,	'2018-06-08 11:24:10',	'2018-06-08 11:24:10',	254,	5,	1),
(1583,	1,	'2018-06-08 11:24:13',	'2018-06-08 11:24:13',	264,	5,	1),
(1584,	1,	'2018-06-08 11:24:21',	'2018-06-08 11:24:21',	129,	5,	1),
(1585,	1,	'2018-06-08 11:24:23',	'2018-06-08 11:24:23',	57,	5,	1),
(1586,	1,	'2018-06-08 11:24:29',	'2018-06-08 11:24:29',	451,	5,	1),
(1587,	1,	'2018-06-08 11:24:31',	'2018-06-08 11:24:31',	549,	5,	1),
(1588,	1,	'2018-06-08 11:24:37',	'2018-06-08 11:24:37',	560,	5,	1),
(1589,	1,	'2018-06-08 11:24:39',	'2018-06-08 11:24:39',	70,	5,	1),
(1590,	1,	'2018-06-08 11:24:45',	'2018-06-08 11:24:45',	563,	5,	1),
(1591,	1,	'2018-06-08 11:24:45',	'2018-06-08 11:24:45',	76,	5,	1),
(1592,	1,	'2018-06-08 11:24:53',	'2018-06-08 11:24:53',	502,	5,	1),
(1593,	1,	'2018-06-08 11:24:58',	'2018-06-08 11:24:58',	490,	5,	1),
(1594,	1,	'2018-06-08 11:25:58',	'2018-06-08 11:25:58',	251,	5,	1),
(1595,	1,	'2018-06-08 11:27:20',	'2018-06-08 11:27:20',	555,	5,	1),
(1596,	1,	'2018-06-08 11:28:33',	'2018-06-08 11:28:33',	212,	5,	1),
(1597,	1,	'2018-06-08 11:28:41',	'2018-06-08 11:28:41',	232,	5,	1),
(1598,	1,	'2018-06-08 11:28:53',	'2018-06-08 11:28:53',	239,	5,	1),
(1599,	1,	'2018-06-08 11:28:56',	'2018-06-08 11:28:56',	150,	5,	1),
(1600,	1,	'2018-06-08 11:29:01',	'2018-06-08 11:29:01',	227,	5,	1),
(1601,	1,	'2018-06-08 11:29:05',	'2018-06-08 11:29:05',	218,	5,	1),
(1602,	1,	'2018-06-08 11:29:09',	'2018-06-08 11:29:09',	241,	5,	1),
(1603,	1,	'2018-06-08 11:29:10',	'2018-06-08 11:29:10',	210,	5,	1),
(1604,	1,	'2018-06-08 11:29:18',	'2018-06-08 11:29:18',	205,	5,	1),
(1605,	1,	'2018-06-08 11:29:19',	'2018-06-08 11:29:19',	179,	5,	1),
(1606,	1,	'2018-06-08 11:29:25',	'2018-06-08 11:29:25',	238,	5,	1),
(1607,	1,	'2018-06-08 11:29:27',	'2018-06-08 11:29:27',	208,	5,	1),
(1608,	1,	'2018-06-08 11:29:37',	'2018-06-08 11:29:37',	190,	5,	1),
(1609,	1,	'2018-06-08 11:29:38',	'2018-06-08 11:29:38',	224,	5,	1),
(1610,	1,	'2018-06-08 11:29:44',	'2018-06-08 11:29:44',	183,	5,	1),
(1611,	1,	'2018-06-08 11:29:50',	'2018-06-08 11:29:50',	229,	5,	1),
(1612,	1,	'2018-06-08 11:29:54',	'2018-06-08 11:29:54',	211,	5,	1),
(1613,	1,	'2018-06-08 11:29:57',	'2018-06-08 11:29:57',	213,	5,	1),
(1614,	1,	'2018-06-08 11:30:03',	'2018-06-08 11:30:03',	235,	5,	1),
(1615,	1,	'2018-06-08 11:30:04',	'2018-06-08 11:30:04',	214,	5,	1),
(1616,	1,	'2018-06-08 11:30:14',	'2018-06-08 11:30:14',	223,	5,	1),
(1617,	1,	'2018-06-08 11:30:23',	'2018-06-08 11:30:23',	219,	5,	1),
(1618,	1,	'2018-06-08 11:30:26',	'2018-06-08 11:30:26',	233,	5,	1),
(1619,	1,	'2018-06-08 11:30:29',	'2018-06-08 11:30:29',	216,	5,	1),
(1620,	1,	'2018-06-08 11:30:35',	'2018-06-08 11:30:35',	230,	5,	1),
(1621,	1,	'2018-06-08 11:30:39',	'2018-06-08 11:30:39',	220,	5,	1),
(1622,	1,	'2018-06-08 11:30:42',	'2018-06-08 11:30:42',	226,	5,	1),
(1623,	1,	'2018-06-08 11:30:45',	'2018-06-08 11:30:45',	185,	5,	1),
(1624,	1,	'2018-06-08 11:30:50',	'2018-06-08 11:30:50',	202,	5,	1),
(1625,	1,	'2018-06-08 11:30:53',	'2018-06-08 11:30:53',	245,	5,	1),
(1626,	1,	'2018-06-08 11:31:04',	'2018-06-08 11:31:04',	182,	5,	1),
(1627,	1,	'2018-06-08 11:31:13',	'2018-06-08 11:31:13',	181,	5,	1),
(1628,	1,	'2018-06-08 11:31:19',	'2018-06-08 11:31:19',	187,	5,	1),
(1629,	1,	'2018-06-08 11:32:23',	'2018-06-08 11:32:23',	457,	5,	1),
(1630,	1,	'2018-06-08 11:32:33',	'2018-06-08 11:32:33',	261,	5,	1),
(1631,	1,	'2018-06-08 11:32:51',	'2018-06-08 11:32:51',	249,	5,	1),
(1632,	1,	'2018-06-08 11:33:48',	'2018-06-08 11:33:48',	222,	5,	1),
(1633,	1,	'2018-06-08 11:33:53',	'2018-06-08 11:33:53',	33,	5,	1),
(1634,	1,	'2018-06-08 11:37:19',	'2018-06-08 11:37:19',	180,	5,	1),
(1635,	1,	'2018-06-08 11:37:27',	'2018-06-08 11:37:27',	197,	5,	1),
(1636,	1,	'2018-06-08 11:37:36',	'2018-06-08 11:37:36',	196,	5,	1),
(1637,	1,	'2018-06-08 11:38:03',	'2018-06-08 11:38:03',	521,	5,	1),
(1638,	1,	'2018-06-08 11:38:37',	'2018-06-08 11:38:37',	203,	5,	1),
(1639,	1,	'2018-06-08 11:38:45',	'2018-06-08 11:38:45',	194,	5,	1),
(1640,	1,	'2018-06-08 11:38:52',	'2018-06-08 11:38:52',	195,	5,	1),
(1641,	1,	'2018-06-08 11:38:59',	'2018-06-08 11:38:59',	199,	5,	1),
(1642,	1,	'2018-06-08 11:39:06',	'2018-06-08 11:39:06',	142,	5,	1),
(1643,	1,	'2018-06-08 11:39:09',	'2018-06-08 11:39:09',	184,	5,	1),
(1644,	1,	'2018-06-08 11:39:17',	'2018-06-08 11:39:17',	188,	5,	1),
(1645,	1,	'2018-06-08 11:39:17',	'2018-06-08 11:39:17',	200,	5,	1),
(1646,	1,	'2018-06-08 11:39:35',	'2018-06-08 11:39:35',	206,	5,	1),
(1647,	1,	'2018-06-08 11:40:39',	'2018-06-08 11:40:39',	193,	5,	1),
(1648,	1,	'2018-06-08 11:40:45',	'2018-06-08 11:40:45',	201,	5,	1),
(1649,	1,	'2018-06-08 11:40:50',	'2018-06-08 11:40:50',	207,	5,	1),
(1650,	1,	'2018-06-08 11:40:55',	'2018-06-08 11:40:55',	198,	5,	1),
(1651,	1,	'2018-06-08 11:41:01',	'2018-06-08 11:41:01',	189,	5,	1),
(1652,	1,	'2018-06-08 11:41:14',	'2018-06-08 11:41:14',	446,	5,	1),
(1653,	1,	'2018-06-08 11:41:19',	'2018-06-08 11:41:19',	204,	5,	1),
(1654,	1,	'2018-06-08 11:41:34',	'2018-06-08 11:41:34',	476,	5,	1),
(1655,	1,	'2018-06-08 11:41:34',	'2018-06-08 11:41:34',	454,	5,	1),
(1656,	1,	'2018-06-08 11:41:53',	'2018-06-08 11:41:53',	501,	5,	1),
(1657,	1,	'2018-06-08 11:42:04',	'2018-06-08 11:42:04',	505,	5,	1),
(1658,	1,	'2018-06-08 11:43:27',	'2018-06-08 11:43:27',	382,	5,	1),
(1659,	1,	'2018-06-08 11:45:18',	'2018-06-08 11:45:18',	532,	5,	1),
(1660,	1,	'2018-06-08 11:46:09',	'2018-06-08 11:46:09',	413,	5,	1),
(1661,	1,	'2018-06-08 11:46:20',	'2018-06-08 11:46:20',	420,	5,	1),
(1662,	1,	'2018-06-08 11:46:31',	'2018-06-08 11:46:31',	423,	5,	1),
(1663,	1,	'2018-06-08 11:46:45',	'2018-06-08 11:46:45',	414,	5,	1),
(1664,	1,	'2018-06-08 11:46:48',	'2018-06-08 11:46:48',	246,	5,	1),
(1665,	1,	'2018-06-08 11:46:50',	'2018-06-08 11:46:50',	439,	5,	1),
(1666,	1,	'2018-06-08 11:46:55',	'2018-06-08 11:46:55',	436,	5,	1),
(1667,	1,	'2018-06-08 11:46:57',	'2018-06-08 11:46:57',	418,	5,	1),
(1668,	1,	'2018-06-08 11:47:02',	'2018-06-08 11:47:02',	257,	5,	1),
(1669,	1,	'2018-06-08 11:47:06',	'2018-06-08 11:47:06',	250,	5,	1),
(1670,	1,	'2018-06-08 11:47:09',	'2018-06-08 11:47:09',	421,	5,	1),
(1671,	1,	'2018-06-08 11:47:17',	'2018-06-08 11:47:17',	252,	5,	1),
(1672,	1,	'2018-06-08 11:47:25',	'2018-06-08 11:47:25',	409,	5,	1),
(1673,	1,	'2018-06-08 11:47:30',	'2018-06-08 11:47:30',	286,	5,	1),
(1674,	1,	'2018-06-08 11:47:36',	'2018-06-08 11:47:36',	411,	5,	1),
(1675,	1,	'2018-06-08 11:47:40',	'2018-06-08 11:47:40',	430,	5,	1),
(1676,	1,	'2018-06-08 11:47:44',	'2018-06-08 11:47:44',	429,	5,	1),
(1677,	1,	'2018-06-08 11:47:47',	'2018-06-08 11:47:47',	422,	5,	1),
(1678,	1,	'2018-06-08 11:47:52',	'2018-06-08 11:47:52',	416,	5,	1),
(1679,	1,	'2018-06-08 11:47:54',	'2018-06-08 11:47:54',	424,	5,	1),
(1680,	1,	'2018-06-08 11:48:00',	'2018-06-08 11:48:00',	493,	5,	1),
(1681,	1,	'2018-06-08 11:48:06',	'2018-06-08 11:48:06',	438,	5,	1),
(1682,	1,	'2018-06-08 11:48:18',	'2018-06-08 11:48:18',	435,	5,	1),
(1683,	1,	'2018-06-08 11:48:23',	'2018-06-08 11:48:23',	437,	5,	1),
(1684,	1,	'2018-06-08 11:48:28',	'2018-06-08 11:48:28',	581,	5,	1),
(1685,	1,	'2018-06-08 11:48:38',	'2018-06-08 11:48:38',	426,	5,	1),
(1686,	1,	'2018-06-08 11:48:38',	'2018-06-08 11:48:38',	431,	5,	1),
(1687,	1,	'2018-06-08 11:48:47',	'2018-06-08 11:48:47',	159,	5,	1),
(1688,	1,	'2018-06-08 11:48:55',	'2018-06-08 11:48:55',	434,	5,	1),
(1689,	1,	'2018-06-08 11:48:57',	'2018-06-08 11:48:57',	441,	5,	1),
(1690,	1,	'2018-06-08 11:49:03',	'2018-06-08 11:49:03',	410,	5,	1),
(1691,	1,	'2018-06-08 11:49:05',	'2018-06-08 11:49:05',	594,	5,	1),
(1692,	1,	'2018-06-08 11:49:18',	'2018-06-08 11:49:18',	406,	5,	1),
(1693,	1,	'2018-06-08 11:49:25',	'2018-06-08 11:49:25',	386,	5,	1),
(1694,	1,	'2018-06-08 11:49:33',	'2018-06-08 11:49:33',	412,	5,	1),
(1695,	1,	'2018-06-08 11:49:39',	'2018-06-08 11:49:39',	419,	5,	1),
(1696,	1,	'2018-06-08 11:49:51',	'2018-06-08 11:49:51',	442,	5,	1),
(1697,	1,	'2018-06-08 11:50:00',	'2018-06-08 11:50:00',	285,	5,	1),
(1698,	1,	'2018-06-08 11:50:07',	'2018-06-08 11:50:07',	593,	5,	1),
(1699,	1,	'2018-06-08 11:50:13',	'2018-06-08 11:50:13',	591,	5,	1),
(1700,	1,	'2018-06-08 11:50:58',	'2018-06-08 11:50:58',	277,	5,	1),
(1701,	1,	'2018-06-08 11:51:06',	'2018-06-08 11:51:06',	272,	5,	1),
(1702,	1,	'2018-06-08 11:51:14',	'2018-06-08 11:51:14',	281,	5,	1),
(1703,	1,	'2018-06-08 11:51:22',	'2018-06-08 11:51:22',	289,	5,	1),
(1704,	1,	'2018-06-08 11:51:30',	'2018-06-08 11:51:30',	270,	5,	1),
(1705,	1,	'2018-06-08 11:51:38',	'2018-06-08 11:51:38',	269,	5,	1),
(1706,	1,	'2018-06-08 11:51:52',	'2018-06-08 11:51:52',	275,	5,	1),
(1707,	1,	'2018-06-08 11:51:59',	'2018-06-08 11:51:59',	295,	5,	1),
(1708,	1,	'2018-06-08 11:52:01',	'2018-06-08 11:52:01',	279,	5,	1),
(1709,	1,	'2018-06-08 11:52:08',	'2018-06-08 11:52:08',	283,	5,	1),
(1710,	1,	'2018-06-08 11:52:20',	'2018-06-08 11:52:20',	170,	5,	1),
(1711,	1,	'2018-06-08 11:52:20',	'2018-06-08 11:52:20',	161,	5,	1),
(1712,	1,	'2018-06-08 11:52:32',	'2018-06-08 11:52:32',	171,	5,	1),
(1713,	1,	'2018-06-08 11:52:33',	'2018-06-08 11:52:33',	172,	5,	1),
(1714,	1,	'2018-06-08 11:52:47',	'2018-06-08 11:52:47',	177,	5,	1),
(1715,	1,	'2018-06-08 11:53:02',	'2018-06-08 11:53:02',	156,	5,	1),
(1716,	1,	'2018-06-08 11:54:10',	'2018-06-08 11:54:10',	94,	5,	1),
(1717,	1,	'2018-06-08 11:54:39',	'2018-06-08 11:54:39',	173,	5,	1),
(1718,	1,	'2018-06-08 11:54:55',	'2018-06-08 11:54:55',	165,	5,	1),
(1719,	1,	'2018-06-08 11:55:03',	'2018-06-08 11:55:03',	164,	5,	1),
(1720,	1,	'2018-06-08 11:55:14',	'2018-06-08 11:55:14',	158,	5,	1),
(1721,	1,	'2018-06-08 11:55:25',	'2018-06-08 11:55:25',	169,	5,	1),
(1722,	1,	'2018-06-08 11:55:32',	'2018-06-08 11:55:32',	168,	5,	1),
(1723,	1,	'2018-06-08 11:55:49',	'2018-06-08 11:55:49',	162,	5,	1),
(1724,	1,	'2018-06-08 11:55:57',	'2018-06-08 11:55:57',	89,	5,	1),
(1725,	1,	'2018-06-08 11:56:06',	'2018-06-08 11:56:06',	82,	5,	1),
(1726,	1,	'2018-06-08 11:56:16',	'2018-06-08 11:56:16',	87,	5,	1),
(1727,	1,	'2018-06-08 11:56:27',	'2018-06-08 11:56:27',	105,	5,	1),
(1728,	1,	'2018-06-08 11:56:40',	'2018-06-08 11:56:40',	81,	5,	1),
(1729,	1,	'2018-06-08 11:56:49',	'2018-06-08 11:56:49',	112,	5,	1),
(1730,	1,	'2018-06-08 11:57:01',	'2018-06-08 11:57:01',	84,	5,	1),
(1731,	1,	'2018-06-08 11:57:19',	'2018-06-08 11:57:19',	119,	5,	1),
(1732,	1,	'2018-06-08 11:58:01',	'2018-06-08 11:58:01',	103,	5,	1),
(1733,	1,	'2018-06-08 11:58:20',	'2018-06-08 11:58:20',	118,	5,	1),
(1734,	1,	'2018-06-08 11:58:31',	'2018-06-08 11:58:31',	100,	5,	1),
(1735,	1,	'2018-06-08 11:58:38',	'2018-06-08 11:58:38',	104,	5,	1),
(1736,	1,	'2018-06-08 11:58:50',	'2018-06-08 11:58:50',	98,	5,	1),
(1737,	1,	'2018-06-08 11:58:57',	'2018-06-08 11:58:57',	96,	5,	1),
(1738,	1,	'2018-06-08 11:59:03',	'2018-06-08 11:59:03',	93,	5,	1),
(1739,	1,	'2018-06-08 11:59:12',	'2018-06-08 11:59:12',	83,	5,	1),
(1740,	1,	'2018-06-08 11:59:18',	'2018-06-08 11:59:18',	115,	5,	1),
(1741,	1,	'2018-06-08 11:59:26',	'2018-06-08 11:59:26',	110,	5,	1),
(1742,	1,	'2018-06-08 11:59:33',	'2018-06-08 11:59:33',	163,	5,	1),
(1743,	1,	'2018-06-08 11:59:47',	'2018-06-08 11:59:47',	167,	5,	1),
(1744,	1,	'2018-06-08 11:59:59',	'2018-06-08 11:59:59',	102,	5,	1),
(1745,	1,	'2018-06-08 12:00:31',	'2018-06-08 12:00:31',	90,	5,	1),
(1746,	1,	'2018-06-08 12:00:43',	'2018-06-08 12:00:43',	108,	5,	1),
(1747,	1,	'2018-06-08 12:00:52',	'2018-06-08 12:00:52',	85,	5,	1),
(1748,	1,	'2018-06-08 12:00:58',	'2018-06-08 12:00:58',	20,	5,	1),
(1749,	1,	'2018-06-08 12:01:02',	'2018-06-08 12:01:02',	117,	5,	1),
(1750,	1,	'2018-06-08 12:01:10',	'2018-06-08 12:01:10',	92,	5,	1),
(1751,	1,	'2018-06-08 12:01:21',	'2018-06-08 12:01:21',	97,	5,	1),
(1752,	1,	'2018-06-08 12:01:25',	'2018-06-08 12:01:25',	86,	5,	1),
(1753,	1,	'2018-06-08 12:01:28',	'2018-06-08 12:01:28',	106,	5,	1),
(1754,	1,	'2018-06-08 12:01:36',	'2018-06-08 12:01:36',	107,	5,	1),
(1755,	1,	'2018-06-08 12:01:39',	'2018-06-08 12:01:39',	113,	5,	1),
(1756,	1,	'2018-06-08 12:01:46',	'2018-06-08 12:01:46',	111,	5,	1),
(1757,	1,	'2018-06-08 12:01:48',	'2018-06-08 12:01:48',	99,	5,	1),
(1758,	1,	'2018-06-08 12:01:53',	'2018-06-08 12:01:53',	127,	5,	1),
(1759,	1,	'2018-06-08 12:02:07',	'2018-06-08 12:02:07',	294,	5,	1),
(1760,	1,	'2018-06-08 12:02:10',	'2018-06-08 12:02:10',	186,	5,	1),
(1761,	1,	'2018-06-08 12:02:29',	'2018-06-08 12:02:29',	268,	5,	1),
(1762,	1,	'2018-06-08 12:02:36',	'2018-06-08 12:02:36',	271,	5,	1),
(1763,	1,	'2018-06-08 12:02:45',	'2018-06-08 12:02:45',	288,	5,	1),
(1764,	1,	'2018-06-08 12:02:52',	'2018-06-08 12:02:52',	1,	5,	1),
(1765,	1,	'2018-06-08 12:03:00',	'2018-06-08 12:03:00',	116,	5,	1),
(1766,	1,	'2018-06-08 12:03:03',	'2018-06-08 12:03:03',	415,	5,	1),
(1767,	1,	'2018-06-08 12:03:09',	'2018-06-08 12:03:09',	95,	5,	1),
(1768,	1,	'2018-06-08 12:03:12',	'2018-06-08 12:03:12',	101,	5,	1),
(1769,	1,	'2018-06-08 12:03:19',	'2018-06-08 12:03:19',	124,	5,	1),
(1770,	1,	'2018-06-08 12:03:20',	'2018-06-08 12:03:20',	109,	5,	1),
(1771,	1,	'2018-06-08 12:03:27',	'2018-06-08 12:03:27',	120,	5,	1),
(1772,	1,	'2018-06-08 12:03:34',	'2018-06-08 12:03:34',	3,	5,	1),
(1773,	1,	'2018-06-08 12:03:36',	'2018-06-08 12:03:36',	122,	5,	1),
(1774,	1,	'2018-06-08 12:03:41',	'2018-06-08 12:03:41',	66,	5,	1),
(1775,	1,	'2018-06-08 12:03:48',	'2018-06-08 12:03:48',	17,	5,	1),
(1776,	1,	'2018-06-08 12:04:01',	'2018-06-08 12:04:01',	14,	5,	1),
(1777,	1,	'2018-06-08 12:04:02',	'2018-06-08 12:04:02',	19,	5,	1),
(1778,	1,	'2018-06-08 12:04:12',	'2018-06-08 12:04:12',	15,	5,	1),
(1779,	1,	'2018-06-08 12:04:17',	'2018-06-08 12:04:17',	27,	5,	1),
(1780,	1,	'2018-06-08 12:04:31',	'2018-06-08 12:04:31',	38,	5,	1),
(1781,	1,	'2018-06-08 12:04:33',	'2018-06-08 12:04:33',	141,	5,	1),
(1782,	1,	'2018-06-08 12:04:41',	'2018-06-08 12:04:41',	137,	5,	1),
(1783,	1,	'2018-06-08 12:04:44',	'2018-06-08 12:04:44',	148,	5,	1),
(1784,	1,	'2018-06-08 12:04:52',	'2018-06-08 12:04:52',	144,	5,	1),
(1785,	1,	'2018-06-08 12:04:52',	'2018-06-08 12:04:52',	259,	5,	1),
(1786,	1,	'2018-06-08 12:05:01',	'2018-06-08 12:05:01',	4,	5,	1),
(1787,	1,	'2018-06-08 12:05:04',	'2018-06-08 12:05:04',	34,	5,	1),
(1788,	1,	'2018-06-08 12:05:12',	'2018-06-08 12:05:12',	255,	5,	1),
(1789,	1,	'2018-06-08 12:05:13',	'2018-06-08 12:05:13',	23,	5,	1),
(1790,	1,	'2018-06-08 12:05:20',	'2018-06-08 12:05:20',	290,	5,	1),
(1791,	1,	'2018-06-08 12:05:26',	'2018-06-08 12:05:26',	13,	5,	1),
(1792,	1,	'2018-06-08 12:05:27',	'2018-06-08 12:05:27',	140,	5,	1),
(1793,	1,	'2018-06-08 12:05:37',	'2018-06-08 12:05:37',	25,	5,	1),
(1794,	1,	'2018-06-08 12:05:53',	'2018-06-08 12:05:53',	8,	5,	1),
(1795,	1,	'2018-06-08 12:05:55',	'2018-06-08 12:05:55',	12,	5,	1),
(1796,	1,	'2018-06-08 12:06:09',	'2018-06-08 12:06:09',	29,	5,	1),
(1797,	1,	'2018-06-08 12:06:12',	'2018-06-08 12:06:12',	6,	5,	1),
(1798,	1,	'2018-06-08 12:06:20',	'2018-06-08 12:06:20',	258,	5,	1),
(1799,	1,	'2018-06-08 12:06:28',	'2018-06-08 12:06:28',	146,	5,	1),
(1800,	1,	'2018-06-08 12:06:38',	'2018-06-08 12:06:38',	123,	5,	1),
(1801,	1,	'2018-06-08 12:07:04',	'2018-06-08 12:07:04',	134,	5,	1),
(1802,	1,	'2018-06-08 12:07:11',	'2018-06-08 12:07:11',	130,	5,	1),
(1803,	1,	'2018-06-08 12:07:25',	'2018-06-08 12:07:25',	7,	5,	1),
(1804,	1,	'2018-06-08 12:07:38',	'2018-06-08 12:07:38',	21,	5,	1),
(1805,	1,	'2018-06-08 12:07:49',	'2018-06-08 12:07:49',	28,	5,	1),
(1806,	1,	'2018-06-08 12:08:00',	'2018-06-08 12:08:00',	529,	5,	1),
(1807,	1,	'2018-06-08 12:08:09',	'2018-06-08 12:08:09',	535,	5,	1),
(1808,	1,	'2018-06-08 12:08:17',	'2018-06-08 12:08:17',	274,	5,	1),
(1809,	1,	'2018-06-08 12:08:26',	'2018-06-08 12:08:26',	256,	5,	1),
(1810,	1,	'2018-06-08 12:08:32',	'2018-06-08 12:08:32',	22,	5,	1),
(1811,	1,	'2018-06-08 12:08:59',	'2018-06-08 12:08:59',	11,	5,	1),
(1812,	1,	'2018-06-08 12:09:05',	'2018-06-08 12:09:05',	10,	5,	1),
(1813,	1,	'2018-06-08 12:09:17',	'2018-06-08 12:09:17',	24,	5,	1),
(1814,	1,	'2018-06-08 12:09:37',	'2018-06-08 12:09:37',	37,	5,	1),
(1815,	1,	'2018-06-08 12:09:45',	'2018-06-08 12:09:45',	147,	5,	1),
(1816,	1,	'2018-06-08 12:09:58',	'2018-06-08 12:09:58',	133,	5,	1),
(1817,	1,	'2018-06-08 12:10:06',	'2018-06-08 12:10:06',	138,	5,	1),
(1818,	1,	'2018-06-08 12:10:13',	'2018-06-08 12:10:13',	35,	5,	1),
(1819,	1,	'2018-06-08 12:10:22',	'2018-06-08 12:10:22',	18,	5,	1),
(1820,	1,	'2018-06-08 12:10:28',	'2018-06-08 12:10:28',	565,	5,	1),
(1821,	1,	'2018-06-08 12:10:36',	'2018-06-08 12:10:36',	686,	5,	1),
(1822,	1,	'2018-06-08 12:10:44',	'2018-06-08 12:10:44',	583,	5,	1),
(1823,	1,	'2018-06-08 12:10:50',	'2018-06-08 12:10:50',	153,	5,	1),
(1824,	1,	'2018-06-08 12:11:15',	'2018-06-08 12:11:15',	60,	5,	1),
(1825,	1,	'2018-06-08 12:11:27',	'2018-06-08 12:11:27',	31,	5,	1),
(1826,	1,	'2018-06-08 12:11:35',	'2018-06-08 12:11:35',	243,	5,	1),
(1827,	1,	'2018-06-08 12:11:42',	'2018-06-08 12:11:42',	244,	5,	1),
(1828,	1,	'2018-06-08 12:11:50',	'2018-06-08 12:11:50',	260,	5,	1),
(1829,	1,	'2018-06-08 12:11:59',	'2018-06-08 12:11:59',	265,	5,	1),
(1830,	1,	'2018-06-08 12:12:12',	'2018-06-08 12:12:12',	56,	5,	1),
(1831,	1,	'2018-06-08 12:20:29',	'2018-06-08 12:20:29',	516,	5,	1),
(1832,	1,	'2018-06-08 12:22:42',	'2018-06-08 12:22:42',	16,	5,	1),
(1833,	1,	'2018-06-08 12:30:15',	'2018-06-08 12:30:15',	576,	5,	1),
(1834,	1,	'2018-06-08 12:30:26',	'2018-06-08 12:30:26',	586,	5,	1),
(1835,	1,	'2018-06-08 12:34:35',	'2018-06-08 12:34:35',	132,	5,	1),
(1836,	1,	'2018-06-08 12:34:47',	'2018-06-08 12:34:47',	166,	5,	1),
(1837,	1,	'2018-06-08 12:34:55',	'2018-06-08 12:34:55',	143,	5,	1),
(1838,	1,	'2018-06-08 12:35:10',	'2018-06-08 12:35:10',	175,	5,	1),
(1839,	1,	'2018-06-08 12:39:48',	'2018-06-08 12:39:48',	425,	5,	1),
(1840,	1,	'2018-06-08 18:50:02',	'2018-06-08 18:50:02',	127,	5,	1),
(1841,	1,	'2018-06-08 18:50:11',	'2018-06-08 18:50:11',	286,	5,	1);

DROP TABLE IF EXISTS `record_father`;
CREATE TABLE `record_father` (
  `id` int(10) unsigned NOT NULL AUTO_INCREMENT,
  `created_at` timestamp NULL DEFAULT NULL,
  `updated_at` timestamp NULL DEFAULT NULL,
  PRIMARY KEY (`id`)
) ENGINE=InnoDB DEFAULT CHARSET=utf8 COLLATE=utf8_unicode_ci;

INSERT INTO `record_father` (`id`, `created_at`, `updated_at`) VALUES
(1,	'2018-06-04 13:12:53',	'2018-06-04 13:12:53'),
(2,	'2018-06-05 11:00:35',	'2018-06-05 11:00:35'),
(3,	'2018-06-06 11:13:20',	'2018-06-06 11:13:20'),
(4,	'2018-06-07 11:03:05',	'2018-06-07 11:03:05'),
(5,	'2018-06-08 10:59:42',	'2018-06-08 10:59:42');

DROP TABLE IF EXISTS `students`;
CREATE TABLE `students` (
  `id` int(10) unsigned NOT NULL AUTO_INCREMENT,
  `registry` varchar(255) COLLATE utf8_unicode_ci NOT NULL,
  `isBoarder` tinyint(1) NOT NULL,
  `created_at` timestamp NULL DEFAULT NULL,
  `updated_at` timestamp NULL DEFAULT NULL,
  `school_id` int(10) unsigned NOT NULL,
  `person_id` int(10) unsigned NOT NULL,
  `class_id` int(10) unsigned DEFAULT NULL,
  PRIMARY KEY (`id`),
  KEY `students_school_id_foreign` (`school_id`),
  KEY `students_person_id_foreign` (`person_id`),
  KEY `students_class_id_foreign` (`class_id`),
  CONSTRAINT `students_class_id_foreign` FOREIGN KEY (`class_id`) REFERENCES `classes` (`id`),
  CONSTRAINT `students_person_id_foreign` FOREIGN KEY (`person_id`) REFERENCES `persons` (`id`),
  CONSTRAINT `students_school_id_foreign` FOREIGN KEY (`school_id`) REFERENCES `enviroments` (`id`)
) ENGINE=InnoDB DEFAULT CHARSET=utf8 COLLATE=utf8_unicode_ci;

INSERT INTO `students` (`id`, `registry`, `isBoarder`, `created_at`, `updated_at`, `school_id`, `person_id`, `class_id`) VALUES
(1,	'2017311242',	0,	'2018-06-04 11:34:06',	'2018-06-07 10:24:10',	1,	1,	1),
(2,	'2018310375',	0,	'2018-06-04 11:34:06',	'2018-06-07 10:24:10',	1,	2,	1),
(3,	'2018318936',	0,	'2018-06-04 11:34:06',	'2018-06-07 10:24:10',	1,	3,	1),
(4,	'2018313555',	0,	'2018-06-04 11:34:06',	'2018-06-07 10:24:10',	1,	4,	1),
(5,	'2018315916',	0,	'2018-06-04 11:34:06',	'2018-06-07 10:24:10',	1,	5,	1),
(6,	'2018314507',	0,	'2018-06-04 11:34:06',	'2018-06-07 10:24:10',	1,	6,	1),
(7,	'2018317456',	0,	'2018-06-04 11:34:06',	'2018-06-07 10:24:10',	1,	7,	1),
(8,	'2018314801',	0,	'2018-06-04 11:34:06',	'2018-06-07 10:24:10',	1,	8,	1),
(9,	'2018319334',	0,	'2018-06-04 11:34:06',	'2018-06-07 10:24:10',	1,	9,	1),
(10,	'2018318533',	0,	'2018-06-04 11:34:06',	'2018-06-07 10:24:10',	1,	10,	1),
(11,	'2018308475',	0,	'2018-06-04 11:34:06',	'2018-06-07 10:24:10',	1,	11,	1),
(12,	'2018318560',	0,	'2018-06-04 11:34:06',	'2018-06-07 10:24:10',	1,	12,	1),
(13,	'2017311387',	0,	'2018-06-04 11:34:06',	'2018-06-07 10:24:10',	1,	13,	1),
(14,	'2018315827',	0,	'2018-06-04 11:34:06',	'2018-06-07 10:24:10',	1,	14,	1),
(15,	'2018317536',	0,	'2018-06-04 11:34:06',	'2018-06-07 10:24:10',	1,	15,	1),
(16,	'2018312861',	0,	'2018-06-04 11:34:06',	'2018-06-07 10:24:10',	1,	16,	1),
(17,	'2018311336',	0,	'2018-06-04 11:34:06',	'2018-06-07 10:24:10',	1,	17,	1),
(18,	'2018311022',	0,	'2018-06-04 11:34:06',	'2018-06-07 10:24:10',	1,	18,	1),
(19,	'2018308439',	0,	'2018-06-04 11:34:06',	'2018-06-07 10:24:10',	1,	19,	1),
(20,	'2018322385',	0,	'2018-06-04 11:34:06',	'2018-06-07 10:24:10',	1,	20,	1),
(21,	'2018308377',	0,	'2018-06-04 11:34:06',	'2018-06-07 10:24:10',	1,	21,	1),
(22,	'2018314632',	0,	'2018-06-04 11:34:06',	'2018-06-07 10:24:10',	1,	22,	1),
(23,	'2018313484',	0,	'2018-06-04 11:34:06',	'2018-06-07 10:24:10',	1,	23,	1),
(24,	'2018312923',	0,	'2018-06-04 11:34:06',	'2018-06-07 10:24:10',	1,	24,	1),
(25,	'2018318300',	0,	'2018-06-04 11:34:06',	'2018-06-07 10:24:10',	1,	25,	1),
(26,	'2018314875',	0,	'2018-06-04 11:34:06',	'2018-06-07 10:24:10',	1,	26,	1),
(27,	'2018318570',	0,	'2018-06-04 11:34:06',	'2018-06-07 10:24:10',	1,	27,	1),
(28,	'2018318524',	0,	'2018-06-04 11:34:06',	'2018-06-07 10:24:10',	1,	28,	1),
(29,	'2018306176',	0,	'2018-06-04 11:34:06',	'2018-06-07 10:24:10',	1,	29,	1),
(30,	'2018310357',	0,	'2018-06-04 11:34:07',	'2018-06-07 10:24:10',	1,	30,	1),
(31,	'2018322394',	0,	'2018-06-04 11:34:07',	'2018-06-07 10:24:10',	1,	31,	1),
(32,	'2018318080',	0,	'2018-06-04 11:34:07',	'2018-06-07 10:24:10',	1,	32,	1),
(33,	'2018318551',	0,	'2018-06-04 11:34:07',	'2018-06-07 10:24:10',	1,	33,	1),
(34,	'2017309558',	0,	'2018-06-04 11:34:07',	'2018-06-07 10:24:10',	1,	34,	1),
(35,	'2017310100',	0,	'2018-06-04 11:34:07',	'2018-06-07 10:24:10',	1,	35,	1),
(36,	'2018311120',	0,	'2018-06-04 11:34:07',	'2018-06-07 10:24:10',	1,	36,	1),
(37,	'2018322376',	0,	'2018-06-04 11:34:07',	'2018-06-07 10:24:10',	1,	37,	1),
(38,	'2018318014',	0,	'2018-06-04 11:34:07',	'2018-06-07 10:24:10',	1,	38,	1),
(39,	'2017310915',	0,	'2018-06-04 11:34:07',	'2018-06-07 10:24:10',	1,	39,	1),
(40,	'2017307938',	0,	'2018-06-04 11:34:07',	'2018-06-07 10:24:10',	1,	40,	2),
(41,	'2018312988',	0,	'2018-06-04 11:34:07',	'2018-06-07 10:24:10',	1,	41,	2),
(42,	'2018310366',	0,	'2018-06-04 11:34:07',	'2018-06-07 10:24:10',	1,	42,	2),
(43,	'2018308537',	0,	'2018-06-04 11:34:07',	'2018-06-07 10:24:10',	1,	43,	2),
(44,	'2018314383',	0,	'2018-06-04 11:34:07',	'2018-06-07 10:24:10',	1,	44,	2),
(45,	'2018318319',	0,	'2018-06-04 11:34:07',	'2018-06-07 10:24:10',	1,	45,	2),
(46,	'2017309351',	0,	'2018-06-04 11:34:07',	'2018-06-07 10:24:10',	1,	46,	2),
(47,	'2018311309',	0,	'2018-06-04 11:34:07',	'2018-06-07 10:24:10',	1,	47,	2),
(48,	'2018312558',	0,	'2018-06-04 11:34:07',	'2018-06-07 10:24:10',	1,	48,	2),
(49,	'2018318490',	0,	'2018-06-04 11:34:07',	'2018-06-07 10:24:10',	1,	49,	2),
(50,	'2018308457',	0,	'2018-06-04 11:34:07',	'2018-06-07 10:24:10',	1,	50,	2),
(51,	'2018317474',	0,	'2018-06-04 11:34:07',	'2018-06-07 10:24:10',	1,	51,	2),
(52,	'2018317492',	0,	'2018-06-04 11:34:07',	'2018-06-07 10:24:10',	1,	52,	2),
(53,	'2018308582',	0,	'2018-06-04 11:34:07',	'2018-06-07 10:24:10',	1,	53,	2),
(54,	'2018313072',	0,	'2018-06-04 11:34:07',	'2018-06-07 10:24:10',	1,	54,	2),
(55,	'2018308500',	0,	'2018-06-04 11:34:07',	'2018-06-07 10:24:10',	1,	55,	2),
(56,	'2018314409',	0,	'2018-06-04 11:34:07',	'2018-06-07 10:24:10',	1,	56,	2),
(57,	'2018310384',	0,	'2018-06-04 11:34:07',	'2018-06-07 10:24:10',	1,	57,	2),
(58,	'2018312709',	0,	'2018-06-04 11:34:07',	'2018-06-07 10:24:10',	1,	58,	2),
(59,	'2018314777',	0,	'2018-06-04 11:34:07',	'2018-06-07 10:24:10',	1,	59,	2),
(60,	'2018314991',	0,	'2018-06-04 11:34:07',	'2018-06-07 10:24:10',	1,	60,	2),
(61,	'2018318005',	0,	'2018-06-04 11:34:07',	'2018-06-07 10:24:10',	1,	61,	2),
(62,	'2018314024',	0,	'2018-06-04 11:34:07',	'2018-06-07 10:24:10',	1,	62,	2),
(63,	'2018317518',	0,	'2018-06-04 11:34:07',	'2018-06-07 10:24:10',	1,	63,	2),
(64,	'2018311194',	0,	'2018-06-04 11:34:07',	'2018-06-07 10:24:10',	1,	64,	2),
(65,	'2017309870',	0,	'2018-06-04 11:34:07',	'2018-06-07 10:24:10',	1,	65,	2),
(66,	'2017322667',	0,	'2018-06-04 11:34:07',	'2018-06-07 10:24:10',	1,	66,	2),
(67,	'2018311087',	0,	'2018-06-04 11:34:07',	'2018-06-07 10:24:10',	1,	67,	2),
(68,	'2018318284',	0,	'2018-06-04 11:34:07',	'2018-06-07 10:24:10',	1,	68,	2),
(69,	'2018306167',	0,	'2018-06-04 11:34:07',	'2018-06-07 10:24:10',	1,	69,	2),
(70,	'2018316709',	0,	'2018-06-04 11:34:07',	'2018-06-07 10:24:10',	1,	70,	2),
(71,	'2018308395',	0,	'2018-06-04 11:34:07',	'2018-06-07 10:24:10',	1,	71,	2),
(72,	'2018311980',	0,	'2018-06-04 11:34:07',	'2018-06-07 10:24:10',	1,	72,	2),
(73,	'2018318515',	0,	'2018-06-04 11:34:07',	'2018-06-07 10:24:10',	1,	73,	2),
(74,	'2018314543',	0,	'2018-06-04 11:34:07',	'2018-06-07 10:24:10',	1,	74,	2),
(75,	'2017318477',	0,	'2018-06-04 11:34:07',	'2018-06-07 10:24:10',	1,	75,	2),
(76,	'2018314964',	0,	'2018-06-04 11:34:07',	'2018-06-07 10:24:10',	1,	76,	2),
(77,	'2018315040',	0,	'2018-06-04 11:34:07',	'2018-06-07 10:24:10',	1,	77,	2),
(78,	'2018318506',	0,	'2018-06-04 11:34:07',	'2018-06-07 10:24:10',	1,	78,	2),
(79,	'2018314614',	0,	'2018-06-04 11:34:07',	'2018-06-07 10:24:10',	1,	79,	2),
(80,	'2018315872',	0,	'2018-06-04 11:34:07',	'2018-06-07 10:24:10',	1,	80,	2),
(81,	'2018317895',	0,	'2018-06-04 11:34:07',	'2018-06-07 10:24:10',	1,	81,	3),
(82,	'2018308564',	0,	'2018-06-04 11:34:07',	'2018-06-07 10:24:10',	1,	82,	3),
(83,	'2018322920',	0,	'2018-06-04 11:34:07',	'2018-06-07 10:24:10',	1,	83,	3),
(84,	'2018314365',	0,	'2018-06-04 11:34:07',	'2018-06-07 10:24:10',	1,	84,	3),
(85,	'2018318041',	0,	'2018-06-04 11:34:07',	'2018-06-07 10:24:10',	1,	85,	3),
(86,	'2018304410',	0,	'2018-06-04 11:34:07',	'2018-06-07 10:24:10',	1,	86,	3),
(87,	'2018316744',	0,	'2018-06-04 11:34:07',	'2018-06-07 10:24:10',	1,	87,	3),
(88,	'2018315783',	0,	'2018-06-04 11:34:07',	'2018-06-07 10:24:10',	1,	88,	3),
(89,	'2018316520',	0,	'2018-06-04 11:34:07',	'2018-06-07 10:24:10',	1,	89,	3),
(90,	'2018317975',	0,	'2018-06-04 11:34:07',	'2018-06-07 10:24:10',	1,	90,	3),
(91,	'2018316735',	0,	'2018-06-04 11:34:07',	'2018-06-07 10:24:10',	1,	91,	3),
(92,	'2018317554',	0,	'2018-06-04 11:34:07',	'2018-06-07 10:24:10',	1,	92,	3),
(93,	'2018318471',	0,	'2018-06-04 11:34:07',	'2018-06-07 10:24:10',	1,	93,	3),
(94,	'2018310867',	0,	'2018-06-04 11:34:07',	'2018-06-07 10:24:10',	1,	94,	3),
(95,	'2017309502',	0,	'2018-06-04 11:34:07',	'2018-06-07 10:24:10',	1,	95,	3),
(96,	'2018316539',	0,	'2018-06-04 11:34:07',	'2018-06-07 10:24:10',	1,	96,	3),
(97,	'2018311040',	0,	'2018-06-04 11:34:07',	'2018-06-07 10:24:10',	1,	97,	3),
(98,	'2018317572',	0,	'2018-06-04 11:34:07',	'2018-06-07 10:24:10',	1,	98,	3),
(99,	'2018311265',	0,	'2018-06-04 11:34:07',	'2018-06-07 10:24:10',	1,	99,	3),
(100,	'2018311238',	0,	'2018-06-04 11:34:07',	'2018-06-07 10:24:10',	1,	100,	3),
(101,	'2018319343',	0,	'2018-06-04 11:34:07',	'2018-06-07 10:24:10',	1,	101,	3),
(102,	'2018314481',	0,	'2018-06-04 11:34:07',	'2018-06-07 10:24:10',	1,	102,	3),
(103,	'2017303886',	0,	'2018-06-04 11:34:07',	'2018-06-07 10:24:10',	1,	103,	3),
(104,	'2018318444',	0,	'2018-06-04 11:34:07',	'2018-06-07 10:24:10',	1,	104,	3),
(105,	'2018312502',	0,	'2018-06-04 11:34:07',	'2018-06-07 10:24:10',	1,	105,	3),
(106,	'2018312638',	0,	'2018-06-04 11:34:07',	'2018-06-07 10:24:10',	1,	106,	3),
(107,	'2018312182',	0,	'2018-06-04 11:34:07',	'2018-06-07 10:24:10',	1,	107,	3),
(108,	'2017310530',	0,	'2018-06-04 11:34:07',	'2018-06-07 10:24:10',	1,	108,	3),
(109,	'2018318293',	0,	'2018-06-04 11:34:07',	'2018-06-07 10:24:10',	1,	109,	3),
(110,	'2018315021',	0,	'2018-06-04 11:34:07',	'2018-06-07 10:24:10',	1,	110,	3),
(111,	'2018318453',	0,	'2018-06-04 11:34:07',	'2018-06-07 10:24:10',	1,	111,	3),
(112,	'2018315729',	0,	'2018-06-04 11:34:07',	'2018-06-07 10:24:10',	1,	112,	3),
(113,	'2018323014',	0,	'2018-06-04 11:34:07',	'2018-06-07 10:24:10',	1,	113,	3),
(114,	'2018310393',	0,	'2018-06-04 11:34:07',	'2018-06-07 10:24:10',	1,	114,	3),
(115,	'2018310320',	0,	'2018-06-04 11:34:07',	'2018-06-07 10:24:10',	1,	115,	3),
(116,	'2017305675',	0,	'2018-06-04 11:34:07',	'2018-06-07 10:24:10',	1,	116,	3),
(117,	'2018306194',	0,	'2018-06-04 11:34:07',	'2018-06-07 10:24:10',	1,	117,	3),
(118,	'2018306149',	0,	'2018-06-04 11:34:07',	'2018-06-07 10:24:10',	1,	118,	3),
(119,	'2018317429',	0,	'2018-06-04 11:34:07',	'2018-06-07 10:24:10',	1,	119,	3),
(120,	'2017308390',	0,	'2018-06-04 11:34:07',	'2018-06-07 10:24:10',	1,	120,	4),
(121,	'2017310871',	0,	'2018-06-04 11:34:07',	'2018-06-07 10:24:10',	1,	121,	4),
(122,	'2017309217',	0,	'2018-06-04 11:34:07',	'2018-06-07 10:24:10',	1,	122,	4),
(123,	'2017312571',	0,	'2018-06-04 11:34:07',	'2018-06-07 10:24:10',	1,	123,	4),
(124,	'2017310782',	0,	'2018-06-04 11:34:07',	'2018-06-07 10:24:10',	1,	124,	4),
(125,	'2017309342',	0,	'2018-06-04 11:34:07',	'2018-06-07 10:24:10',	1,	125,	4),
(126,	'2015300070',	0,	'2018-06-04 11:34:07',	'2018-06-07 10:24:10',	1,	126,	4),
(127,	'2017322282',	1,	'2018-06-04 11:34:07',	'2018-06-07 10:24:10',	1,	127,	4),
(128,	'2017303723',	0,	'2018-06-04 11:34:07',	'2018-06-07 10:24:10',	1,	128,	4),
(129,	'2016300191',	0,	'2018-06-04 11:34:07',	'2018-06-07 10:24:10',	1,	129,	4),
(130,	'2017309404',	0,	'2018-06-04 11:34:07',	'2018-06-07 10:24:10',	1,	130,	4),
(131,	'2017310880',	0,	'2018-06-04 11:34:07',	'2018-06-07 10:24:10',	1,	131,	4),
(132,	'2017309914',	0,	'2018-06-04 11:34:07',	'2018-06-07 10:24:10',	1,	132,	4),
(133,	'2017310844',	0,	'2018-06-04 11:34:07',	'2018-06-07 10:24:11',	1,	133,	4),
(134,	'2017312885',	0,	'2018-06-04 11:34:07',	'2018-06-07 10:24:11',	1,	134,	4),
(135,	'2017321982',	0,	'2018-06-04 11:34:07',	'2018-06-07 10:24:11',	1,	135,	4),
(136,	'2017309306',	0,	'2018-06-04 11:34:07',	'2018-06-07 10:24:11',	1,	136,	4),
(137,	'2017310343',	0,	'2018-06-04 11:34:07',	'2018-06-07 10:24:11',	1,	137,	4),
(138,	'2017310998',	0,	'2018-06-04 11:34:07',	'2018-06-07 10:24:11',	1,	138,	4),
(139,	'2016300217',	1,	'2018-06-04 11:34:07',	'2018-06-07 10:24:11',	1,	139,	4),
(140,	'2017311000',	0,	'2018-06-04 11:34:07',	'2018-06-07 10:24:11',	1,	140,	4),
(141,	'2017310675',	0,	'2018-06-04 11:34:07',	'2018-06-07 10:24:11',	1,	141,	4),
(142,	'2017310906',	0,	'2018-06-04 11:34:07',	'2018-06-07 10:24:11',	1,	142,	4),
(143,	'2017310058',	0,	'2018-06-04 11:34:07',	'2018-06-07 10:24:11',	1,	143,	4),
(144,	'2017309253',	0,	'2018-06-04 11:34:07',	'2018-06-07 10:24:11',	1,	144,	4),
(145,	'2017310755',	0,	'2018-06-04 11:34:07',	'2018-06-07 10:24:11',	1,	145,	4),
(146,	'2017322658',	0,	'2018-06-04 11:34:07',	'2018-06-07 10:24:11',	1,	146,	4),
(147,	'2017309807',	0,	'2018-06-04 11:34:07',	'2018-06-07 10:24:11',	1,	147,	4),
(148,	'2018323023',	0,	'2018-06-04 11:34:07',	'2018-06-07 10:24:11',	1,	148,	4),
(149,	'2017310156',	0,	'2018-06-04 11:34:07',	'2018-06-07 10:24:11',	1,	149,	4),
(150,	'2017310011',	0,	'2018-06-04 11:34:07',	'2018-06-07 10:24:11',	1,	150,	4),
(151,	'2017309315',	0,	'2018-06-04 11:34:07',	'2018-06-07 10:24:11',	1,	151,	5),
(152,	'2017311550',	0,	'2018-06-04 11:34:07',	'2018-06-07 10:24:11',	1,	152,	5),
(153,	'2017310316',	0,	'2018-06-04 11:34:07',	'2018-06-07 10:24:11',	1,	153,	5),
(154,	'2017311378',	0,	'2018-06-04 11:34:07',	'2018-06-07 10:24:11',	1,	154,	5),
(155,	'2017309763',	0,	'2018-06-04 11:34:07',	'2018-06-07 10:24:11',	1,	155,	5),
(156,	'2017316113',	0,	'2018-06-04 11:34:07',	'2018-06-07 10:24:11',	1,	156,	5),
(157,	'2017309932',	0,	'2018-06-04 11:34:07',	'2018-06-07 10:24:11',	1,	157,	5),
(158,	'2017309422',	0,	'2018-06-04 11:34:07',	'2018-06-07 10:24:11',	1,	158,	5),
(159,	'2017311153',	0,	'2018-06-04 11:34:07',	'2018-06-07 10:24:11',	1,	159,	5),
(160,	'2016300271',	0,	'2018-06-04 11:34:07',	'2018-06-07 10:24:11',	1,	160,	5),
(161,	'2017310209',	0,	'2018-06-04 11:34:07',	'2018-06-07 10:24:11',	1,	161,	5),
(162,	'2017309816',	0,	'2018-06-04 11:34:07',	'2018-06-07 10:24:11',	1,	162,	5),
(163,	'2017311304',	0,	'2018-06-04 11:34:07',	'2018-06-07 10:24:11',	1,	163,	5),
(164,	'2017310138',	0,	'2018-06-04 11:34:07',	'2018-06-07 10:24:11',	1,	164,	5),
(165,	'2017310067',	0,	'2018-06-04 11:34:07',	'2018-06-07 10:24:11',	1,	165,	5),
(166,	'2017305530',	0,	'2018-06-04 11:34:07',	'2018-06-07 10:24:11',	1,	166,	5),
(167,	'2017309280',	0,	'2018-06-04 11:34:07',	'2018-06-07 10:24:11',	1,	167,	5),
(168,	'2017310174',	0,	'2018-06-04 11:34:07',	'2018-06-07 10:24:11',	1,	168,	5),
(169,	'2017310183',	0,	'2018-06-04 11:34:07',	'2018-06-07 10:24:11',	1,	169,	5),
(170,	'2017310595',	0,	'2018-06-04 11:34:07',	'2018-06-07 10:24:11',	1,	170,	5),
(171,	'2017311233',	0,	'2018-06-04 11:34:07',	'2018-06-07 10:24:11',	1,	171,	5),
(172,	'2017310460',	0,	'2018-06-04 11:34:07',	'2018-06-07 10:24:11',	1,	172,	5),
(173,	'2017314834',	0,	'2018-06-04 11:34:07',	'2018-06-07 10:24:11',	1,	173,	5),
(174,	'2017310497',	0,	'2018-06-04 11:34:07',	'2018-06-07 10:24:11',	1,	174,	5),
(175,	'2017309389',	0,	'2018-06-04 11:34:07',	'2018-06-07 10:24:11',	1,	175,	5),
(176,	'2017309333',	0,	'2018-06-04 11:34:07',	'2018-06-07 10:24:11',	1,	176,	5),
(177,	'2017308194',	0,	'2018-06-04 11:34:07',	'2018-06-07 10:24:11',	1,	177,	5),
(178,	'2017318501',	0,	'2018-06-04 11:34:07',	'2018-06-07 10:24:11',	1,	178,	5),
(179,	'2017310657',	0,	'2018-06-04 11:34:07',	'2018-06-07 10:24:11',	1,	179,	6),
(180,	'2017310737',	0,	'2018-06-04 11:34:07',	'2018-06-07 10:24:11',	1,	180,	6),
(181,	'2017311251',	0,	'2018-06-04 11:34:07',	'2018-06-07 10:24:11',	1,	181,	6),
(182,	'2017316294',	0,	'2018-06-04 11:34:07',	'2018-06-07 10:24:11',	1,	182,	6),
(183,	'2017310835',	0,	'2018-06-04 11:34:07',	'2018-06-07 10:24:11',	1,	183,	6),
(184,	'2017308336',	0,	'2018-06-04 11:34:07',	'2018-06-07 10:24:11',	1,	184,	6),
(185,	'2017311171',	0,	'2018-06-04 11:34:07',	'2018-06-07 10:24:11',	1,	185,	6),
(186,	'2016300280',	1,	'2018-06-04 11:34:07',	'2018-06-07 10:24:11',	1,	186,	6),
(187,	'2017310764',	0,	'2018-06-04 11:34:07',	'2018-06-07 10:24:11',	1,	187,	6),
(188,	'2017311215',	0,	'2018-06-04 11:34:07',	'2018-06-07 10:24:11',	1,	188,	6),
(189,	'2017312858',	0,	'2018-06-04 11:34:07',	'2018-06-07 10:24:11',	1,	189,	6),
(190,	'2017310862',	0,	'2018-06-04 11:34:07',	'2018-06-07 10:24:11',	1,	190,	6),
(191,	'2017311224',	0,	'2018-06-04 11:34:07',	'2018-06-07 10:24:11',	1,	191,	6),
(192,	'2017311046',	0,	'2018-06-04 11:34:07',	'2018-06-07 10:24:11',	1,	192,	6),
(193,	'2017309960',	0,	'2018-06-04 11:34:07',	'2018-06-07 10:24:11',	1,	193,	6),
(194,	'2017311298',	0,	'2018-06-04 11:34:07',	'2018-06-07 10:24:11',	1,	194,	6),
(195,	'2017311313',	0,	'2018-06-04 11:34:07',	'2018-06-07 10:24:11',	1,	195,	6),
(196,	'2017314861',	0,	'2018-06-04 11:34:07',	'2018-06-07 10:24:11',	1,	196,	6),
(197,	'2017311162',	0,	'2018-06-04 11:34:07',	'2018-06-07 10:24:11',	1,	197,	6),
(198,	'2017311091',	0,	'2018-06-04 11:34:07',	'2018-06-07 10:24:11',	1,	198,	6),
(199,	'2017305601',	0,	'2018-06-04 11:34:07',	'2018-06-07 10:24:11',	1,	199,	6),
(200,	'2017322371',	0,	'2018-06-04 11:34:07',	'2018-06-07 10:24:11',	1,	200,	6),
(201,	'2017312615',	0,	'2018-06-04 11:34:07',	'2018-06-07 10:24:11',	1,	201,	6),
(202,	'2017310639',	0,	'2018-06-04 11:34:07',	'2018-06-07 10:24:11',	1,	202,	6),
(203,	'2017310791',	0,	'2018-06-04 11:34:07',	'2018-06-07 10:24:11',	1,	203,	6),
(204,	'2017311135',	0,	'2018-06-04 11:34:07',	'2018-06-07 10:24:11',	1,	204,	6),
(205,	'2017310700',	0,	'2018-06-04 11:34:07',	'2018-06-07 10:24:11',	1,	205,	6),
(206,	'2016300290',	0,	'2018-06-04 11:34:07',	'2018-06-07 10:24:11',	1,	206,	6),
(207,	'2017310989',	0,	'2018-06-04 11:34:07',	'2018-06-07 10:24:11',	1,	207,	6),
(208,	'2015300393',	0,	'2018-06-04 11:34:07',	'2018-06-07 10:24:11',	1,	208,	7),
(209,	'2016300674',	0,	'2018-06-04 11:34:07',	'2018-06-07 10:24:11',	1,	209,	7),
(210,	'2016300683',	1,	'2018-06-04 11:34:07',	'2018-06-07 10:24:11',	1,	210,	7),
(211,	'2016300692',	0,	'2018-06-04 11:34:07',	'2018-06-07 10:24:11',	1,	211,	7),
(212,	'2016300709',	0,	'2018-06-04 11:34:07',	'2018-06-07 10:24:11',	1,	212,	7),
(213,	'2016300718',	0,	'2018-06-04 11:34:07',	'2018-06-07 10:24:11',	1,	213,	7),
(214,	'2015300400',	0,	'2018-06-04 11:34:07',	'2018-06-07 10:24:11',	1,	214,	7),
(215,	'2015300419',	1,	'2018-06-04 11:34:07',	'2018-06-07 10:24:11',	1,	215,	7),
(216,	'2016300727',	0,	'2018-06-04 11:34:07',	'2018-06-07 10:24:11',	1,	216,	7),
(217,	'2016300736',	0,	'2018-06-04 11:34:07',	'2018-06-07 10:24:11',	1,	217,	7),
(218,	'2016300745',	1,	'2018-06-04 11:34:07',	'2018-06-07 10:24:11',	1,	218,	7),
(219,	'2016300754',	0,	'2018-06-04 11:34:07',	'2018-06-07 10:24:11',	1,	219,	7),
(220,	'2016300763',	1,	'2018-06-04 11:34:07',	'2018-06-07 10:24:11',	1,	220,	7),
(221,	'2015300437',	0,	'2018-06-04 11:34:07',	'2018-06-07 10:24:11',	1,	221,	7),
(222,	'2016300772',	0,	'2018-06-04 11:34:07',	'2018-06-07 10:24:11',	1,	222,	7),
(223,	'2016300781',	0,	'2018-06-04 11:34:07',	'2018-06-07 10:24:11',	1,	223,	7),
(224,	'2016300790',	0,	'2018-06-04 11:34:07',	'2018-06-07 10:24:11',	1,	224,	7),
(225,	'2016300807',	0,	'2018-06-04 11:34:07',	'2018-06-07 10:24:11',	1,	225,	7),
(226,	'2016300816',	0,	'2018-06-04 11:34:07',	'2018-06-07 10:24:11',	1,	226,	7),
(227,	'2016300825',	0,	'2018-06-04 11:34:07',	'2018-06-07 10:24:11',	1,	227,	7),
(228,	'2016300834',	0,	'2018-06-04 11:34:07',	'2018-06-07 10:24:11',	1,	228,	7),
(229,	'2016300843',	0,	'2018-06-04 11:34:07',	'2018-06-07 10:24:11',	1,	229,	7),
(230,	'2016300852',	0,	'2018-06-04 11:34:07',	'2018-06-07 10:24:11',	1,	230,	7),
(231,	'2016300861',	0,	'2018-06-04 11:34:07',	'2018-06-07 10:24:11',	1,	231,	7),
(232,	'2016300870',	0,	'2018-06-04 11:34:07',	'2018-06-07 10:24:11',	1,	232,	7),
(233,	'2016300880',	0,	'2018-06-04 11:34:07',	'2018-06-07 10:24:11',	1,	233,	7),
(234,	'2016300899',	0,	'2018-06-04 11:34:07',	'2018-06-07 10:24:11',	1,	234,	7),
(235,	'2016300905',	0,	'2018-06-04 11:34:07',	'2018-06-07 10:24:11',	1,	235,	7),
(236,	'2016300923',	0,	'2018-06-04 11:34:07',	'2018-06-07 10:24:11',	1,	236,	7),
(237,	'2016300932',	0,	'2018-06-04 11:34:07',	'2018-06-07 10:24:11',	1,	237,	7),
(238,	'2016300941',	0,	'2018-06-04 11:34:07',	'2018-06-07 10:24:11',	1,	238,	7),
(239,	'2016300950',	0,	'2018-06-04 11:34:07',	'2018-06-07 10:24:11',	1,	239,	7),
(240,	'2016300960',	0,	'2018-06-04 11:34:07',	'2018-06-07 10:24:11',	1,	240,	7),
(241,	'2016300988',	0,	'2018-06-04 11:34:07',	'2018-06-07 10:24:11',	1,	241,	7),
(242,	'2016301063',	0,	'2018-06-04 11:34:07',	'2018-06-07 10:24:11',	1,	242,	8),
(243,	'2016301072',	0,	'2018-06-04 11:34:07',	'2018-06-07 10:24:11',	1,	243,	8),
(244,	'2016301081',	0,	'2018-06-04 11:34:07',	'2018-06-07 10:24:11',	1,	244,	8),
(245,	'2016301090',	1,	'2018-06-04 11:34:07',	'2018-06-07 10:24:11',	1,	245,	8),
(246,	'2016301107',	0,	'2018-06-04 11:34:07',	'2018-06-07 10:24:11',	1,	246,	8),
(247,	'2016301116',	0,	'2018-06-04 11:34:07',	'2018-06-07 10:24:11',	1,	247,	8),
(248,	'2016301125',	0,	'2018-06-04 11:34:07',	'2018-06-07 10:24:11',	1,	248,	8),
(249,	'2016301134',	0,	'2018-06-04 11:34:07',	'2018-06-07 10:24:11',	1,	249,	8),
(250,	'2016301143',	0,	'2018-06-04 11:34:07',	'2018-06-07 10:24:11',	1,	250,	8),
(251,	'2016301152',	1,	'2018-06-04 11:34:07',	'2018-06-07 10:24:11',	1,	251,	8),
(252,	'2016301161',	0,	'2018-06-04 11:34:07',	'2018-06-07 10:24:11',	1,	252,	8),
(253,	'2016301170',	1,	'2018-06-04 11:34:07',	'2018-06-07 10:24:11',	1,	253,	8),
(254,	'2016301180',	1,	'2018-06-04 11:34:07',	'2018-06-07 10:24:11',	1,	254,	8),
(255,	'2016301199',	0,	'2018-06-04 11:34:07',	'2018-06-07 10:24:11',	1,	255,	8),
(256,	'2016301205',	0,	'2018-06-04 11:34:07',	'2018-06-07 10:24:11',	1,	256,	8),
(257,	'2015300473',	0,	'2018-06-04 11:34:07',	'2018-06-07 10:24:11',	1,	257,	8),
(258,	'2016301214',	0,	'2018-06-04 11:34:07',	'2018-06-07 10:24:11',	1,	258,	8),
(259,	'2016301223',	1,	'2018-06-04 11:34:07',	'2018-06-07 10:24:11',	1,	259,	8),
(260,	'2016301232',	0,	'2018-06-04 11:34:07',	'2018-06-07 10:24:11',	1,	260,	8),
(261,	'2016301241',	0,	'2018-06-04 11:34:07',	'2018-06-07 10:24:11',	1,	261,	8),
(262,	'2016301250',	0,	'2018-06-04 11:34:07',	'2018-06-07 10:24:11',	1,	262,	8),
(263,	'2016301260',	0,	'2018-06-04 11:34:07',	'2018-06-07 10:24:11',	1,	263,	8),
(264,	'2016301279',	0,	'2018-06-04 11:34:07',	'2018-06-07 10:24:11',	1,	264,	8),
(265,	'2016301288',	0,	'2018-06-04 11:34:07',	'2018-06-07 10:24:11',	1,	265,	8),
(266,	'2016301297',	0,	'2018-06-04 11:34:07',	'2018-06-07 10:24:11',	1,	266,	8),
(267,	'2016301303',	0,	'2018-06-04 11:34:07',	'2018-06-07 10:24:11',	1,	267,	9),
(268,	'2016301312',	0,	'2018-06-04 11:34:07',	'2018-06-07 10:24:11',	1,	268,	9),
(269,	'2016301321',	0,	'2018-06-04 11:34:07',	'2018-06-07 10:24:11',	1,	269,	9),
(270,	'2016301330',	1,	'2018-06-04 11:34:07',	'2018-06-07 10:24:11',	1,	270,	9),
(271,	'2016301340',	0,	'2018-06-04 11:34:07',	'2018-06-07 10:24:11',	1,	271,	9),
(272,	'2016301359',	0,	'2018-06-04 11:34:07',	'2018-06-07 10:24:11',	1,	272,	9),
(273,	'2016301368',	0,	'2018-06-04 11:34:07',	'2018-06-07 10:24:11',	1,	273,	9),
(274,	'2015300482',	0,	'2018-06-04 11:34:07',	'2018-06-07 10:24:11',	1,	274,	9),
(275,	'2016301377',	0,	'2018-06-04 11:34:07',	'2018-06-07 10:24:11',	1,	275,	9),
(276,	'2014300085',	0,	'2018-06-04 11:34:07',	'2018-06-07 10:24:11',	1,	276,	9),
(277,	'2016301386',	0,	'2018-06-04 11:34:07',	'2018-06-07 10:24:11',	1,	277,	9),
(278,	'2016301395',	0,	'2018-06-04 11:34:07',	'2018-06-07 10:24:11',	1,	278,	9),
(279,	'2016301401',	0,	'2018-06-04 11:34:07',	'2018-06-07 10:24:11',	1,	279,	9),
(280,	'2015300428',	0,	'2018-06-04 11:34:07',	'2018-06-07 10:24:11',	1,	280,	9),
(281,	'2016301410',	0,	'2018-06-04 11:34:07',	'2018-06-07 10:24:11',	1,	281,	9),
(282,	'2016301420',	0,	'2018-06-04 11:34:07',	'2018-06-07 10:24:11',	1,	282,	9),
(283,	'2016301439',	0,	'2018-06-04 11:34:07',	'2018-06-07 10:24:11',	1,	283,	9),
(284,	'2016301448',	0,	'2018-06-04 11:34:07',	'2018-06-07 10:24:11',	1,	284,	9),
(285,	'2016301457',	0,	'2018-06-04 11:34:08',	'2018-06-07 10:24:11',	1,	285,	9),
(286,	'2016301466',	1,	'2018-06-04 11:34:08',	'2018-06-07 10:24:11',	1,	286,	9),
(287,	'2016301475',	0,	'2018-06-04 11:34:08',	'2018-06-07 10:24:11',	1,	287,	9),
(288,	'2015300491',	0,	'2018-06-04 11:34:08',	'2018-06-07 10:24:11',	1,	288,	9),
(289,	'2015300508',	0,	'2018-06-04 11:34:08',	'2018-06-07 10:24:11',	1,	289,	9),
(290,	'2015300517',	0,	'2018-06-04 11:34:08',	'2018-06-07 10:24:11',	1,	290,	9),
(291,	'2016301484',	0,	'2018-06-04 11:34:08',	'2018-06-07 10:24:11',	1,	291,	9),
(292,	'2016301493',	0,	'2018-06-04 11:34:08',	'2018-06-07 10:24:11',	1,	292,	9),
(293,	'2016301500',	0,	'2018-06-04 11:34:08',	'2018-06-07 10:24:11',	1,	293,	9),
(294,	'2015300535',	0,	'2018-06-04 11:34:08',	'2018-06-07 10:24:11',	1,	294,	9),
(295,	'2016301519',	0,	'2018-06-04 11:34:08',	'2018-06-07 10:24:11',	1,	295,	9),
(296,	'2018315863',	0,	'2018-06-04 11:34:08',	'2018-06-07 10:24:11',	1,	296,	10),
(297,	'2018308573',	0,	'2018-06-04 11:34:08',	'2018-06-07 10:24:11',	1,	297,	10),
(298,	'2018310034',	0,	'2018-06-04 11:34:08',	'2018-06-07 10:24:11',	1,	298,	10),
(299,	'2018319791',	0,	'2018-06-04 11:34:08',	'2018-06-07 10:24:11',	1,	299,	10),
(300,	'2018317287',	0,	'2018-06-04 11:34:08',	'2018-06-07 10:24:11',	1,	300,	10),
(301,	'2018316092',	0,	'2018-06-04 11:34:08',	'2018-06-07 10:24:11',	1,	301,	10),
(302,	'2018318112',	0,	'2018-06-04 11:34:08',	'2018-06-07 10:24:11',	1,	302,	10),
(303,	'2018317115',	0,	'2018-06-04 11:34:08',	'2018-06-07 10:24:11',	1,	303,	10),
(304,	'2018303209',	0,	'2018-06-04 11:34:08',	'2018-06-07 10:24:11',	1,	304,	10),
(305,	'2018313410',	0,	'2018-06-04 11:34:08',	'2018-06-07 10:24:11',	1,	305,	10),
(306,	'2018318909',	0,	'2018-06-04 11:34:08',	'2018-06-07 10:24:11',	1,	306,	10),
(307,	'2018317106',	0,	'2018-06-04 11:34:08',	'2018-06-07 10:24:11',	1,	307,	10),
(308,	'2018310230',	0,	'2018-06-04 11:34:08',	'2018-06-07 10:24:11',	1,	308,	10),
(309,	'2018316682',	0,	'2018-06-04 11:34:08',	'2018-06-07 10:24:11',	1,	309,	10),
(310,	'2018308466',	0,	'2018-06-04 11:34:08',	'2018-06-07 10:24:11',	1,	310,	10),
(311,	'2018315809',	0,	'2018-06-04 11:34:08',	'2018-06-07 10:24:11',	1,	311,	10),
(312,	'2018318847',	0,	'2018-06-04 11:34:08',	'2018-06-07 10:24:11',	1,	312,	10),
(313,	'2018310651',	0,	'2018-06-04 11:34:08',	'2018-06-07 10:24:11',	1,	313,	10),
(314,	'2018310740',	0,	'2018-06-04 11:34:08',	'2018-06-07 10:24:11',	1,	314,	10),
(315,	'2018310508',	0,	'2018-06-04 11:34:08',	'2018-06-07 10:24:11',	1,	315,	10),
(316,	'2018310787',	0,	'2018-06-04 11:34:08',	'2018-06-07 10:24:11',	1,	316,	10),
(317,	'2018310894',	0,	'2018-06-04 11:34:08',	'2018-06-07 10:24:11',	1,	317,	10),
(318,	'2018310236',	0,	'2018-06-04 11:34:08',	'2018-06-07 10:24:11',	1,	318,	10),
(319,	'2017322611',	0,	'2018-06-04 11:34:08',	'2018-06-07 10:24:11',	1,	319,	10),
(320,	'2018314356',	0,	'2018-06-04 11:34:08',	'2018-06-07 10:24:11',	1,	320,	10),
(321,	'2018310722',	0,	'2018-06-04 11:34:08',	'2018-06-07 10:24:11',	1,	321,	10),
(322,	'2017322139',	0,	'2018-06-04 11:34:08',	'2018-06-07 10:24:11',	1,	322,	10),
(323,	'2018310802',	0,	'2018-06-04 11:34:08',	'2018-06-07 10:24:11',	1,	323,	10),
(324,	'2018310105',	0,	'2018-06-04 11:34:08',	'2018-06-07 10:24:11',	1,	324,	10),
(325,	'2018310437',	0,	'2018-06-04 11:34:08',	'2018-06-07 10:24:11',	1,	325,	10),
(326,	'2018310974',	0,	'2018-06-04 11:34:08',	'2018-06-07 10:24:11',	1,	326,	10),
(327,	'2018310277',	0,	'2018-06-04 11:34:08',	'2018-06-07 10:24:11',	1,	327,	10),
(328,	'2018308170',	0,	'2018-06-04 11:34:08',	'2018-06-07 10:24:11',	1,	328,	10),
(329,	'2018310197',	0,	'2018-06-04 11:34:08',	'2018-06-07 10:24:11',	1,	329,	10),
(330,	'2018317090',	0,	'2018-06-04 11:34:08',	'2018-06-07 10:24:11',	1,	330,	10),
(331,	'2018310348',	0,	'2018-06-04 11:34:08',	'2018-06-07 10:24:11',	1,	331,	10),
(332,	'2018318838',	0,	'2018-06-04 11:34:08',	'2018-06-07 10:24:11',	1,	332,	10),
(333,	'2017309825',	0,	'2018-06-04 11:34:08',	'2018-06-07 10:24:11',	1,	333,	10),
(334,	'2018316074',	0,	'2018-06-04 11:34:08',	'2018-06-07 10:24:11',	1,	334,	10),
(335,	'2018316145',	0,	'2018-06-04 11:34:08',	'2018-06-07 10:24:11',	1,	335,	11),
(336,	'2018318800',	0,	'2018-06-04 11:34:08',	'2018-06-07 10:24:11',	1,	336,	11),
(337,	'2018313377',	0,	'2018-06-04 11:34:08',	'2018-06-07 10:24:11',	1,	337,	11),
(338,	'2018309703',	0,	'2018-06-04 11:34:08',	'2018-06-07 10:24:11',	1,	338,	11),
(339,	'2018310455',	0,	'2018-06-04 11:34:08',	'2018-06-07 10:24:11',	1,	339,	11),
(340,	'2018319361',	0,	'2018-06-04 11:34:08',	'2018-06-07 10:24:11',	1,	340,	11),
(341,	'2018310061',	0,	'2018-06-04 11:34:08',	'2018-06-07 10:24:11',	1,	341,	11),
(342,	'2018318159',	0,	'2018-06-04 11:34:08',	'2018-06-07 10:24:11',	1,	342,	11),
(343,	'2018316181',	0,	'2018-06-04 11:34:08',	'2018-06-07 10:24:11',	1,	343,	11),
(344,	'2018320101',	0,	'2018-06-04 11:34:08',	'2018-06-07 10:24:11',	1,	344,	11),
(345,	'2018308555',	0,	'2018-06-04 11:34:08',	'2018-06-07 10:24:11',	1,	345,	11),
(346,	'2018310473',	0,	'2018-06-04 11:34:08',	'2018-06-07 10:24:11',	1,	346,	11),
(347,	'2018318829',	0,	'2018-06-04 11:34:08',	'2018-06-07 10:24:11',	1,	347,	11),
(348,	'2018310544',	0,	'2018-06-04 11:34:08',	'2018-06-07 10:24:11',	1,	348,	11),
(349,	'2018309884',	0,	'2018-06-04 11:34:08',	'2018-06-07 10:24:11',	1,	349,	11),
(350,	'2018316163',	0,	'2018-06-04 11:34:08',	'2018-06-07 10:24:11',	1,	350,	11),
(351,	'2017309182',	0,	'2018-06-04 11:34:08',	'2018-06-07 10:24:11',	1,	351,	11),
(352,	'2018310123',	0,	'2018-06-04 11:34:08',	'2018-06-07 10:24:12',	1,	352,	11),
(353,	'2018317330',	0,	'2018-06-04 11:34:08',	'2018-06-07 10:24:12',	1,	353,	11),
(354,	'2018310938',	0,	'2018-06-04 11:34:08',	'2018-06-07 10:24:12',	1,	354,	11),
(355,	'2018310259',	0,	'2018-06-04 11:34:08',	'2018-06-07 10:24:12',	1,	355,	11),
(356,	'2018322939',	0,	'2018-06-04 11:34:08',	'2018-06-07 10:24:12',	1,	356,	11),
(357,	'2018314140',	0,	'2018-06-04 11:34:08',	'2018-06-07 10:24:12',	1,	357,	11),
(358,	'2018317311',	0,	'2018-06-04 11:34:08',	'2018-06-07 10:24:12',	1,	358,	11),
(359,	'2018310992',	0,	'2018-06-04 11:34:08',	'2018-06-07 10:24:12',	1,	359,	11),
(360,	'2018315765',	0,	'2018-06-04 11:34:08',	'2018-06-07 10:24:12',	1,	360,	11),
(361,	'2018310150',	0,	'2018-06-04 11:34:08',	'2018-06-07 10:24:12',	1,	361,	11),
(362,	'2018310624',	0,	'2018-06-04 11:34:08',	'2018-06-07 10:24:12',	1,	362,	11),
(363,	'2018310339',	0,	'2018-06-04 11:34:08',	'2018-06-07 10:24:12',	1,	363,	11),
(364,	'2018310268',	0,	'2018-06-04 11:34:08',	'2018-06-07 10:24:12',	1,	364,	11),
(365,	'2018308591',	0,	'2018-06-04 11:34:08',	'2018-06-07 10:24:12',	1,	365,	11),
(366,	'2018316664',	0,	'2018-06-04 11:34:08',	'2018-06-07 10:24:12',	1,	366,	11),
(367,	'2018315845',	0,	'2018-06-04 11:34:08',	'2018-06-07 10:24:12',	1,	367,	11),
(368,	'2018309641',	0,	'2018-06-04 11:34:08',	'2018-06-07 10:24:12',	1,	368,	11),
(369,	'2018320934',	0,	'2018-06-04 11:34:08',	'2018-06-07 10:24:12',	1,	369,	11),
(370,	'2018318140',	0,	'2018-06-04 11:34:08',	'2018-06-07 10:24:12',	1,	370,	11),
(371,	'2018315934',	0,	'2018-06-04 11:34:08',	'2018-06-07 10:24:12',	1,	371,	12),
(372,	'2018310580',	0,	'2018-06-04 11:34:08',	'2018-06-07 10:24:12',	1,	372,	12),
(373,	'2018310301',	0,	'2018-06-04 11:34:08',	'2018-06-07 10:24:12',	1,	373,	12),
(374,	'2018318865',	0,	'2018-06-04 11:34:08',	'2018-06-07 10:24:12',	1,	374,	12),
(375,	'2018314113',	0,	'2018-06-04 11:34:08',	'2018-06-07 10:24:12',	1,	375,	12),
(376,	'2018318435',	0,	'2018-06-04 11:34:08',	'2018-06-07 10:24:12',	1,	376,	12),
(377,	'2018317376',	0,	'2018-06-04 11:34:08',	'2018-06-07 10:24:12',	1,	377,	12),
(378,	'2018310203',	0,	'2018-06-04 11:34:08',	'2018-06-07 10:24:12',	1,	378,	12),
(379,	'2018318918',	0,	'2018-06-04 11:34:08',	'2018-06-07 10:24:12',	1,	379,	12),
(380,	'2018315738',	0,	'2018-06-04 11:34:08',	'2018-06-07 10:24:12',	1,	380,	12),
(381,	'2018306158',	0,	'2018-06-04 11:34:08',	'2018-06-07 10:24:12',	1,	381,	12),
(382,	'2018309310',	0,	'2018-06-04 11:34:08',	'2018-06-07 10:24:12',	1,	382,	12),
(383,	'2018321145',	0,	'2018-06-04 11:34:08',	'2018-06-07 10:24:12',	1,	383,	12),
(384,	'2018310956',	0,	'2018-06-04 11:34:08',	'2018-06-07 10:24:12',	1,	384,	12),
(385,	'2018310141',	0,	'2018-06-04 11:34:08',	'2018-06-07 10:24:12',	1,	385,	12),
(386,	'2018309365',	0,	'2018-06-04 11:34:08',	'2018-06-07 10:24:12',	1,	386,	12),
(387,	'2018318168',	0,	'2018-06-04 11:34:08',	'2018-06-07 10:24:12',	1,	387,	12),
(388,	'2018322741',	0,	'2018-06-04 11:34:08',	'2018-06-07 10:24:12',	1,	388,	12),
(389,	'2017311430',	0,	'2018-06-04 11:34:08',	'2018-06-07 10:24:12',	1,	389,	12),
(390,	'2018308493',	0,	'2018-06-04 11:34:08',	'2018-06-07 10:24:12',	1,	390,	12),
(391,	'2018317394',	0,	'2018-06-04 11:34:08',	'2018-06-07 10:24:12',	1,	391,	12),
(392,	'2017309997',	0,	'2018-06-04 11:34:08',	'2018-06-07 10:24:12',	1,	392,	12),
(393,	'2018314267',	0,	'2018-06-04 11:34:08',	'2018-06-07 10:24:12',	1,	393,	12),
(394,	'2018309481',	0,	'2018-06-04 11:34:08',	'2018-06-07 10:24:12',	1,	394,	12),
(395,	'2018310240',	0,	'2018-06-04 11:34:08',	'2018-06-07 10:24:12',	1,	395,	12),
(396,	'2018313170',	0,	'2018-06-04 11:34:08',	'2018-06-07 10:24:12',	1,	396,	12),
(397,	'2017312580',	0,	'2018-06-04 11:34:08',	'2018-06-07 10:24:12',	1,	397,	12),
(398,	'2018310212',	0,	'2018-06-04 11:34:08',	'2018-06-07 10:24:12',	1,	398,	12),
(399,	'2017314923',	0,	'2018-06-04 11:34:08',	'2018-06-07 10:24:12',	1,	399,	12),
(400,	'2018307941',	0,	'2018-06-04 11:34:08',	'2018-06-07 10:24:12',	1,	400,	12),
(401,	'2018310428',	0,	'2018-06-04 11:34:08',	'2018-06-07 10:24:12',	1,	401,	12),
(402,	'2018317367',	0,	'2018-06-04 11:34:08',	'2018-06-07 10:24:12',	1,	402,	12),
(403,	'2018317385',	0,	'2018-06-04 11:34:08',	'2018-06-07 10:24:12',	1,	403,	12),
(404,	'2018309409',	0,	'2018-06-04 11:34:08',	'2018-06-07 10:24:12',	1,	404,	12),
(405,	'2018306185',	0,	'2018-06-04 11:34:08',	'2018-06-07 10:24:12',	1,	405,	12),
(406,	'2018309534',	0,	'2018-06-04 11:34:08',	'2018-06-07 10:24:12',	1,	406,	12),
(407,	'2018316038',	0,	'2018-06-04 11:34:08',	'2018-06-07 10:24:12',	1,	407,	12),
(408,	'2018316118',	0,	'2018-06-04 11:34:08',	'2018-06-07 10:24:12',	1,	408,	12),
(409,	'2017310479',	0,	'2018-06-04 11:34:08',	'2018-06-07 10:24:12',	1,	409,	13),
(410,	'2017309398',	0,	'2018-06-04 11:34:08',	'2018-06-07 10:24:12',	1,	410,	13),
(411,	'2017316089',	0,	'2018-06-04 11:34:08',	'2018-06-07 10:24:12',	1,	411,	13),
(412,	'2017309638',	0,	'2018-06-04 11:34:08',	'2018-06-07 10:24:12',	1,	412,	13),
(413,	'2017309487',	0,	'2018-06-04 11:34:08',	'2018-06-07 10:24:12',	1,	413,	13),
(414,	'2017305684',	0,	'2018-06-04 11:34:08',	'2018-06-07 10:24:12',	1,	414,	13),
(415,	'2017310085',	0,	'2018-06-04 11:34:08',	'2018-06-07 10:24:12',	1,	415,	13),
(416,	'2017322415',	0,	'2018-06-04 11:34:08',	'2018-06-07 10:24:12',	1,	416,	13),
(417,	'2017309754',	0,	'2018-06-04 11:34:08',	'2018-06-07 10:24:12',	1,	417,	13),
(418,	'2017322406',	0,	'2018-06-04 11:34:08',	'2018-06-07 10:24:12',	1,	418,	13),
(419,	'2017310147',	0,	'2018-06-04 11:34:08',	'2018-06-07 10:24:12',	1,	419,	13),
(420,	'2017309530',	0,	'2018-06-04 11:34:08',	'2018-06-07 10:24:12',	1,	420,	13),
(421,	'2017309191',	0,	'2018-06-04 11:34:08',	'2018-06-07 10:24:12',	1,	421,	13),
(422,	'2017310568',	0,	'2018-06-04 11:34:08',	'2018-06-07 10:24:12',	1,	422,	13),
(423,	'2017305307',	0,	'2018-06-04 11:34:08',	'2018-06-07 10:24:12',	1,	423,	13),
(424,	'2017310808',	0,	'2018-06-04 11:34:08',	'2018-06-07 10:24:12',	1,	424,	13),
(425,	'2017310746',	0,	'2018-06-04 11:34:08',	'2018-06-07 10:24:12',	1,	425,	13),
(426,	'2017310693',	0,	'2018-06-04 11:34:08',	'2018-06-07 10:24:12',	1,	426,	13),
(427,	'2017309440',	0,	'2018-06-04 11:34:08',	'2018-06-07 10:24:12',	1,	427,	13),
(428,	'2017314979',	0,	'2018-06-04 11:34:08',	'2018-06-07 10:24:12',	1,	428,	13),
(429,	'2017309208',	0,	'2018-06-04 11:34:08',	'2018-06-07 10:24:12',	1,	429,	13),
(430,	'2017310192',	0,	'2018-06-04 11:34:08',	'2018-06-07 10:24:12',	1,	430,	13),
(431,	'2017310020',	0,	'2018-06-04 11:34:08',	'2018-06-07 10:24:12',	1,	431,	13),
(432,	'2017309075',	0,	'2018-06-04 11:34:08',	'2018-06-07 10:24:12',	1,	432,	13),
(433,	'2017309431',	0,	'2018-06-04 11:34:08',	'2018-06-07 10:24:12',	1,	433,	13),
(434,	'2017310380',	0,	'2018-06-04 11:34:08',	'2018-06-07 10:24:12',	1,	434,	13),
(435,	'2017309290',	0,	'2018-06-04 11:34:08',	'2018-06-07 10:24:12',	1,	435,	13),
(436,	'2017310826',	0,	'2018-06-04 11:34:08',	'2018-06-07 10:24:12',	1,	436,	13),
(437,	'2017310666',	0,	'2018-06-04 11:34:08',	'2018-06-07 10:24:12',	1,	437,	13),
(438,	'2017309155',	0,	'2018-06-04 11:34:08',	'2018-06-07 10:24:12',	1,	438,	13),
(439,	'2017323323',	0,	'2018-06-04 11:34:08',	'2018-06-07 10:24:12',	1,	439,	13),
(440,	'2017311556',	0,	'2018-06-04 11:34:08',	'2018-06-07 10:24:12',	1,	440,	13),
(441,	'2015300043',	0,	'2018-06-04 11:34:08',	'2018-06-07 10:24:12',	1,	441,	13),
(442,	'2017313550',	0,	'2018-06-04 11:34:08',	'2018-06-07 10:24:12',	1,	442,	13),
(443,	'2017314066',	0,	'2018-06-04 11:34:08',	'2018-06-07 10:24:12',	1,	443,	14),
(444,	'2017309736',	0,	'2018-06-04 11:34:08',	'2018-06-07 10:24:12',	1,	444,	14),
(445,	'2017310245',	0,	'2018-06-04 11:34:08',	'2018-06-07 10:24:12',	1,	445,	14),
(446,	'2016300146',	0,	'2018-06-04 11:34:08',	'2018-06-07 10:24:12',	1,	446,	14),
(447,	'2017310094',	0,	'2018-06-04 11:34:08',	'2018-06-07 10:24:12',	1,	447,	14),
(448,	'2017308962',	0,	'2018-06-04 11:34:08',	'2018-06-07 10:24:12',	1,	448,	14),
(449,	'2016300155',	0,	'2018-06-04 11:34:08',	'2018-06-07 10:24:12',	1,	449,	14),
(450,	'2018321118',	0,	'2018-06-04 11:34:08',	'2018-06-07 10:24:12',	1,	450,	14),
(451,	'2017310227',	0,	'2018-06-04 11:34:08',	'2018-06-07 10:24:12',	1,	451,	14),
(452,	'2017311538',	0,	'2018-06-04 11:34:08',	'2018-06-07 10:24:12',	1,	452,	14),
(453,	'2017309478',	0,	'2018-06-04 11:34:08',	'2018-06-07 10:24:12',	1,	453,	14),
(454,	'2017307366',	0,	'2018-06-04 11:34:08',	'2018-06-07 10:24:12',	1,	454,	14),
(455,	'2017310325',	0,	'2018-06-04 11:34:08',	'2018-06-07 10:24:12',	1,	455,	14),
(456,	'2017309137',	0,	'2018-06-04 11:34:08',	'2018-06-07 10:24:12',	1,	456,	14),
(457,	'2017309262',	0,	'2018-06-04 11:34:08',	'2018-06-07 10:24:12',	1,	457,	14),
(458,	'2016300164',	0,	'2018-06-04 11:34:08',	'2018-06-07 10:24:12',	1,	458,	14),
(459,	'2017310049',	0,	'2018-06-04 11:34:08',	'2018-06-07 10:24:12',	1,	459,	14),
(460,	'2017313603',	0,	'2018-06-04 11:34:08',	'2018-06-07 10:24:12',	1,	460,	14),
(461,	'2017309100',	0,	'2018-06-04 11:34:08',	'2018-06-07 10:24:12',	1,	461,	14),
(462,	'2017314899',	0,	'2018-06-04 11:34:08',	'2018-06-07 10:24:12',	1,	462,	14),
(463,	'2017309226',	0,	'2018-06-04 11:34:08',	'2018-06-07 10:24:12',	1,	463,	14),
(464,	'2017310272',	0,	'2018-06-04 11:34:08',	'2018-06-07 10:24:12',	1,	464,	14),
(465,	'2017309834',	0,	'2018-06-04 11:34:08',	'2018-06-07 10:24:12',	1,	465,	14),
(466,	'2015300061',	0,	'2018-06-04 11:34:08',	'2018-06-07 10:24:12',	1,	466,	14),
(467,	'2017309674',	0,	'2018-06-04 11:34:08',	'2018-06-07 10:24:12',	1,	467,	14),
(468,	'2018316717',	0,	'2018-06-04 11:34:08',	'2018-06-07 10:24:12',	1,	468,	14),
(469,	'2017322596',	0,	'2018-06-04 11:34:08',	'2018-06-07 10:24:12',	1,	469,	14),
(470,	'2017309370',	0,	'2018-06-04 11:34:08',	'2018-06-07 10:24:12',	1,	470,	14),
(471,	'2018316673',	0,	'2018-06-04 11:34:08',	'2018-06-07 10:24:12',	1,	471,	14),
(472,	'2017313532',	0,	'2018-06-04 11:34:08',	'2018-06-07 10:24:12',	1,	472,	14),
(473,	'2017311082',	0,	'2018-06-04 11:34:08',	'2018-06-07 10:24:12',	1,	473,	14),
(474,	'2017311690',	0,	'2018-06-04 11:34:08',	'2018-06-07 10:24:12',	1,	474,	14),
(475,	'2017310414',	0,	'2018-06-04 11:34:08',	'2018-06-07 10:24:12',	1,	475,	14),
(476,	'2017309781',	0,	'2018-06-04 11:34:08',	'2018-06-07 10:24:12',	1,	476,	14),
(477,	'2017308739',	0,	'2018-06-04 11:34:08',	'2018-06-07 10:24:12',	1,	477,	14),
(478,	'2017308720',	0,	'2018-06-04 11:34:08',	'2018-06-07 10:24:12',	1,	478,	14),
(479,	'2017309923',	0,	'2018-06-04 11:34:08',	'2018-06-07 10:24:12',	1,	479,	14),
(480,	'2016300182',	0,	'2018-06-04 11:34:08',	'2018-06-07 10:24:12',	1,	480,	14),
(481,	'2017311126',	0,	'2018-06-04 11:34:08',	'2018-06-07 10:24:12',	1,	481,	15),
(482,	'2017311206',	0,	'2018-06-04 11:34:08',	'2018-06-07 10:24:12',	1,	482,	15),
(483,	'2017311547',	0,	'2018-06-04 11:34:08',	'2018-06-07 10:24:12',	1,	483,	15),
(484,	'2017312455',	0,	'2018-06-04 11:34:08',	'2018-06-07 10:24:12',	1,	484,	15),
(485,	'2017308828',	0,	'2018-06-04 11:34:08',	'2018-06-07 10:24:12',	1,	485,	15),
(486,	'2017312016',	0,	'2018-06-04 11:34:08',	'2018-06-07 10:24:12',	1,	486,	15),
(487,	'2017311897',	0,	'2018-06-04 11:34:08',	'2018-06-07 10:24:12',	1,	487,	15),
(488,	'2017311411',	0,	'2018-06-04 11:34:08',	'2018-06-07 10:24:12',	1,	488,	15),
(489,	'2017311420',	0,	'2018-06-04 11:34:08',	'2018-06-07 10:24:12',	1,	489,	15),
(490,	'2017311716',	0,	'2018-06-04 11:34:08',	'2018-06-07 10:24:12',	1,	490,	15),
(491,	'2017308597',	0,	'2018-06-04 11:34:08',	'2018-06-07 10:24:12',	1,	491,	15),
(492,	'2017312473',	0,	'2018-06-04 11:34:08',	'2018-06-07 10:24:12',	1,	492,	15),
(493,	'2017311073',	0,	'2018-06-04 11:34:08',	'2018-06-07 10:24:12',	1,	493,	15),
(494,	'2017312132',	0,	'2018-06-04 11:34:08',	'2018-06-07 10:24:12',	1,	494,	15),
(495,	'2017311369',	0,	'2018-06-04 11:34:08',	'2018-06-07 10:24:12',	1,	495,	15),
(496,	'2017308695',	0,	'2018-06-04 11:34:08',	'2018-06-07 10:24:12',	1,	496,	15),
(497,	'2017311117',	0,	'2018-06-04 11:34:08',	'2018-06-07 10:24:12',	1,	497,	15),
(498,	'2017311921',	0,	'2018-06-04 11:34:08',	'2018-06-07 10:24:12',	1,	498,	15),
(499,	'2017308864',	0,	'2018-06-04 11:34:08',	'2018-06-07 10:24:12',	1,	499,	15),
(500,	'2017311180',	0,	'2018-06-04 11:34:08',	'2018-06-07 10:24:12',	1,	500,	15),
(501,	'2017311654',	0,	'2018-06-04 11:34:08',	'2018-06-07 10:24:12',	1,	501,	15),
(502,	'2017312339',	0,	'2018-06-04 11:34:08',	'2018-06-07 10:24:12',	1,	502,	15),
(503,	'2017312553',	0,	'2018-06-04 11:34:08',	'2018-06-07 10:24:12',	1,	503,	15),
(504,	'2017312160',	0,	'2018-06-04 11:34:08',	'2018-06-07 10:24:12',	1,	504,	15),
(505,	'2017311565',	0,	'2018-06-04 11:34:08',	'2018-06-07 10:24:12',	1,	505,	15),
(506,	'2017323145',	0,	'2018-06-04 11:34:08',	'2018-06-07 10:24:12',	1,	506,	15),
(507,	'2017312230',	0,	'2018-06-04 11:34:08',	'2018-06-07 10:24:12',	1,	507,	15),
(508,	'2017312642',	0,	'2018-06-04 11:34:08',	'2018-06-07 10:24:12',	1,	508,	15),
(509,	'2017309413',	0,	'2018-06-04 11:34:08',	'2018-06-07 10:24:12',	1,	509,	15),
(510,	'2017312535',	0,	'2018-06-04 11:34:08',	'2018-06-07 10:24:12',	1,	510,	15),
(511,	'2017311609',	0,	'2018-06-04 11:34:08',	'2018-06-07 10:24:12',	1,	511,	15),
(512,	'2016301528',	0,	'2018-06-04 11:34:08',	'2018-06-07 10:24:12',	1,	512,	16),
(513,	'2016301537',	0,	'2018-06-04 11:34:08',	'2018-06-07 10:24:12',	1,	513,	16),
(514,	'2016301546',	0,	'2018-06-04 11:34:08',	'2018-06-07 10:24:12',	1,	514,	16),
(515,	'2016301555',	0,	'2018-06-04 11:34:08',	'2018-06-07 10:24:12',	1,	515,	16),
(516,	'2014300094',	0,	'2018-06-04 11:34:08',	'2018-06-07 10:24:12',	1,	516,	16),
(517,	'2016301564',	0,	'2018-06-04 11:34:08',	'2018-06-07 10:24:12',	1,	517,	16),
(518,	'2016301573',	0,	'2018-06-04 11:34:08',	'2018-06-07 10:24:12',	1,	518,	16),
(519,	'2016301582',	0,	'2018-06-04 11:34:08',	'2018-06-07 10:24:12',	1,	519,	16),
(520,	'2016301591',	0,	'2018-06-04 11:34:08',	'2018-06-07 10:24:12',	1,	520,	16),
(521,	'2016301608',	0,	'2018-06-04 11:34:08',	'2018-06-07 10:24:12',	1,	521,	16),
(522,	'2016301617',	0,	'2018-06-04 11:34:08',	'2018-06-07 10:24:12',	1,	522,	16),
(523,	'2016301626',	0,	'2018-06-04 11:34:08',	'2018-06-07 10:24:12',	1,	523,	16),
(524,	'2016301635',	0,	'2018-06-04 11:34:08',	'2018-06-07 10:24:12',	1,	524,	16),
(525,	'2016301644',	0,	'2018-06-04 11:34:09',	'2018-06-07 10:24:12',	1,	525,	16),
(526,	'2016301653',	0,	'2018-06-04 11:34:09',	'2018-06-07 10:24:12',	1,	526,	16),
(527,	'2016301662',	0,	'2018-06-04 11:34:09',	'2018-06-07 10:24:12',	1,	527,	16),
(528,	'2016301671',	0,	'2018-06-04 11:34:09',	'2018-06-07 10:24:12',	1,	528,	16),
(529,	'2016301680',	0,	'2018-06-04 11:34:09',	'2018-06-07 10:24:12',	1,	529,	16),
(530,	'2016301690',	0,	'2018-06-04 11:34:09',	'2018-06-07 10:24:12',	1,	530,	16),
(531,	'2016301706',	0,	'2018-06-04 11:34:09',	'2018-06-07 10:24:12',	1,	531,	16),
(532,	'2016301715',	0,	'2018-06-04 11:34:09',	'2018-06-07 10:24:12',	1,	532,	16),
(533,	'2016301724',	0,	'2018-06-04 11:34:09',	'2018-06-07 10:24:12',	1,	533,	16),
(534,	'2016301733',	0,	'2018-06-04 11:34:09',	'2018-06-07 10:24:12',	1,	534,	16),
(535,	'2016301742',	0,	'2018-06-04 11:34:09',	'2018-06-07 10:24:12',	1,	535,	16),
(536,	'2016301751',	0,	'2018-06-04 11:34:09',	'2018-06-07 10:24:12',	1,	536,	16),
(537,	'2016301760',	0,	'2018-06-04 11:34:09',	'2018-06-07 10:24:12',	1,	537,	16),
(538,	'2015300544',	0,	'2018-06-04 11:34:09',	'2018-06-07 10:24:12',	1,	538,	16),
(539,	'2016301770',	0,	'2018-06-04 11:34:09',	'2018-06-07 10:24:12',	1,	539,	16),
(540,	'2016301789',	0,	'2018-06-04 11:34:09',	'2018-06-07 10:24:12',	1,	540,	16),
(541,	'2016301798',	0,	'2018-06-04 11:34:09',	'2018-06-07 10:24:12',	1,	541,	16),
(542,	'2016301804',	0,	'2018-06-04 11:34:09',	'2018-06-07 10:24:12',	1,	542,	16),
(543,	'2016301813',	0,	'2018-06-04 11:34:09',	'2018-06-07 10:24:12',	1,	543,	16),
(544,	'2016301822',	0,	'2018-06-04 11:34:09',	'2018-06-07 10:24:12',	1,	544,	16),
(545,	'2016301831',	0,	'2018-06-04 11:34:09',	'2018-06-07 10:24:12',	1,	545,	16),
(546,	'2016301840',	0,	'2018-06-04 11:34:09',	'2018-06-07 10:24:12',	1,	546,	17),
(547,	'2016301850',	0,	'2018-06-04 11:34:09',	'2018-06-07 10:24:12',	1,	547,	17),
(548,	'2016301869',	0,	'2018-06-04 11:34:09',	'2018-06-07 10:24:12',	1,	548,	17),
(549,	'2015300553',	0,	'2018-06-04 11:34:09',	'2018-06-07 10:24:12',	1,	549,	17),
(550,	'2015300562',	0,	'2018-06-04 11:34:09',	'2018-06-07 10:24:12',	1,	550,	17),
(551,	'2016301878',	0,	'2018-06-04 11:34:09',	'2018-06-07 10:24:12',	1,	551,	17),
(552,	'2016301887',	0,	'2018-06-04 11:34:09',	'2018-06-07 10:24:12',	1,	552,	17),
(553,	'2016301896',	0,	'2018-06-04 11:34:09',	'2018-06-07 10:24:12',	1,	553,	17),
(554,	'2016301902',	0,	'2018-06-04 11:34:09',	'2018-06-07 10:24:12',	1,	554,	17),
(555,	'2016301911',	0,	'2018-06-04 11:34:09',	'2018-06-07 10:24:12',	1,	555,	17),
(556,	'2016301920',	0,	'2018-06-04 11:34:09',	'2018-06-07 10:24:12',	1,	556,	17),
(557,	'2016301930',	0,	'2018-06-04 11:34:09',	'2018-06-07 10:24:12',	1,	557,	17),
(558,	'2016301949',	0,	'2018-06-04 11:34:09',	'2018-06-07 10:24:12',	1,	558,	17),
(559,	'2016301958',	0,	'2018-06-04 11:34:09',	'2018-06-07 10:24:12',	1,	559,	17),
(560,	'2016301967',	0,	'2018-06-04 11:34:09',	'2018-06-07 10:24:12',	1,	560,	17),
(561,	'2016301976',	0,	'2018-06-04 11:34:09',	'2018-06-07 10:24:12',	1,	561,	17),
(562,	'2016301985',	0,	'2018-06-04 11:34:09',	'2018-06-07 10:24:12',	1,	562,	17),
(563,	'2016301994',	0,	'2018-06-04 11:34:09',	'2018-06-07 10:24:12',	1,	563,	17),
(564,	'2016302006',	0,	'2018-06-04 11:34:09',	'2018-06-07 10:24:12',	1,	564,	17),
(565,	'2016302015',	0,	'2018-06-04 11:34:09',	'2018-06-07 10:24:13',	1,	565,	17),
(566,	'2016302024',	0,	'2018-06-04 11:34:09',	'2018-06-07 10:24:13',	1,	566,	17),
(567,	'2016302033',	0,	'2018-06-04 11:34:09',	'2018-06-07 10:24:13',	1,	567,	17),
(568,	'2016302042',	0,	'2018-06-04 11:34:09',	'2018-06-07 10:24:13',	1,	568,	17),
(569,	'2016302051',	0,	'2018-06-04 11:34:09',	'2018-06-07 10:24:13',	1,	569,	17),
(570,	'2016302060',	0,	'2018-06-04 11:34:09',	'2018-06-07 10:24:13',	1,	570,	17),
(571,	'2016302070',	0,	'2018-06-04 11:34:09',	'2018-06-07 10:24:13',	1,	571,	17),
(572,	'2014300100',	0,	'2018-06-04 11:34:09',	'2018-06-07 10:24:13',	1,	572,	17),
(573,	'2016302089',	0,	'2018-06-04 11:34:09',	'2018-06-07 10:24:13',	1,	573,	17),
(574,	'2014300110',	0,	'2018-06-04 11:34:09',	'2018-06-07 10:24:13',	1,	574,	17),
(575,	'2016302098',	0,	'2018-06-04 11:34:09',	'2018-06-07 10:24:13',	1,	575,	18),
(576,	'2016302104',	0,	'2018-06-04 11:34:09',	'2018-06-07 10:24:13',	1,	576,	18),
(577,	'2016302113',	0,	'2018-06-04 11:34:09',	'2018-06-07 10:24:13',	1,	577,	18),
(578,	'2016302122',	0,	'2018-06-04 11:34:09',	'2018-06-07 10:24:13',	1,	578,	18),
(579,	'2016302131',	0,	'2018-06-04 11:34:09',	'2018-06-07 10:24:13',	1,	579,	18),
(580,	'2016302140',	0,	'2018-06-04 11:34:09',	'2018-06-07 10:24:13',	1,	580,	18),
(581,	'2016302150',	0,	'2018-06-04 11:34:09',	'2018-06-07 10:24:13',	1,	581,	18),
(582,	'2016302169',	0,	'2018-06-04 11:34:09',	'2018-06-07 10:24:13',	1,	582,	18),
(583,	'2016302178',	0,	'2018-06-04 11:34:09',	'2018-06-07 10:24:13',	1,	583,	18),
(584,	'2016302187',	0,	'2018-06-04 11:34:09',	'2018-06-07 10:24:13',	1,	584,	18),
(585,	'2016302196',	0,	'2018-06-04 11:34:09',	'2018-06-07 10:24:13',	1,	585,	18),
(586,	'2016302202',	0,	'2018-06-04 11:34:09',	'2018-06-07 10:24:13',	1,	586,	18),
(587,	'2016302211',	0,	'2018-06-04 11:34:09',	'2018-06-07 10:24:13',	1,	587,	18),
(588,	'2015300571',	0,	'2018-06-04 11:34:09',	'2018-06-07 10:24:13',	1,	588,	18),
(589,	'2016302220',	0,	'2018-06-04 11:34:09',	'2018-06-07 10:24:13',	1,	589,	18),
(590,	'2016302230',	0,	'2018-06-04 11:34:09',	'2018-06-07 10:24:13',	1,	590,	18),
(591,	'2016302249',	0,	'2018-06-04 11:34:09',	'2018-06-07 10:24:13',	1,	591,	18),
(592,	'2016302258',	0,	'2018-06-04 11:34:09',	'2018-06-07 10:24:13',	1,	592,	18),
(593,	'2016302267',	0,	'2018-06-04 11:34:09',	'2018-06-07 10:24:13',	1,	593,	18),
(594,	'2016302276',	0,	'2018-06-04 11:34:09',	'2018-06-07 10:24:13',	1,	594,	18),
(595,	'2016302285',	0,	'2018-06-04 11:34:09',	'2018-06-07 10:24:13',	1,	595,	18),
(596,	'2018315602',	0,	'2018-06-04 11:34:09',	'2018-06-07 10:24:13',	1,	596,	19),
(597,	'2018302794',	0,	'2018-06-04 11:34:09',	'2018-06-07 10:24:13',	1,	597,	19),
(598,	'2018310007',	0,	'2018-06-04 11:34:09',	'2018-06-07 10:24:13',	1,	598,	19),
(599,	'2018317859',	0,	'2018-06-04 11:34:09',	'2018-06-07 10:24:13',	1,	599,	19),
(600,	'2018320110',	0,	'2018-06-04 11:34:09',	'2018-06-07 10:24:13',	1,	600,	19),
(601,	'2018310114',	0,	'2018-06-04 11:34:09',	'2018-06-07 10:24:13',	1,	601,	19),
(602,	'2018310188',	0,	'2018-06-04 11:34:09',	'2018-06-07 10:24:13',	1,	602,	19),
(603,	'2018311318',	0,	'2018-06-04 11:34:09',	'2018-06-07 10:24:13',	1,	603,	19),
(604,	'2017310405',	0,	'2018-06-04 11:34:09',	'2018-06-07 10:24:13',	1,	604,	19),
(605,	'2018317868',	0,	'2018-06-04 11:34:09',	'2018-06-07 10:24:13',	1,	605,	19),
(606,	'2018310132',	0,	'2018-06-04 11:34:09',	'2018-06-07 10:24:13',	1,	606,	19),
(607,	'2018315470',	0,	'2018-06-04 11:34:09',	'2018-06-07 10:24:13',	1,	607,	19),
(608,	'2018308617',	0,	'2018-06-04 11:34:09',	'2018-06-07 10:24:13',	1,	608,	19),
(609,	'2018310160',	0,	'2018-06-04 11:34:09',	'2018-06-07 10:24:13',	1,	609,	19),
(610,	'2018310830',	0,	'2018-06-04 11:34:09',	'2018-06-07 10:24:13',	1,	610,	19),
(611,	'2018310080',	0,	'2018-06-04 11:34:09',	'2018-06-07 10:24:13',	1,	611,	19),
(612,	'2018317877',	0,	'2018-06-04 11:34:09',	'2018-06-07 10:24:13',	1,	612,	19),
(613,	'2018310099',	0,	'2018-06-04 11:34:09',	'2018-06-07 10:24:13',	1,	613,	19),
(614,	'2018310052',	0,	'2018-06-04 11:34:09',	'2018-06-07 10:24:13',	1,	614,	19),
(615,	'2018307001',	0,	'2018-06-04 11:34:09',	'2018-06-07 10:24:13',	1,	615,	19),
(616,	'2018316510',	0,	'2018-06-04 11:34:09',	'2018-06-07 10:24:13',	1,	616,	19),
(617,	'2018315531',	0,	'2018-06-04 11:34:09',	'2018-06-07 10:24:13',	1,	617,	19),
(618,	'2018317886',	0,	'2018-06-04 11:34:09',	'2018-06-07 10:24:13',	1,	618,	19),
(619,	'2018319808',	0,	'2018-06-04 11:34:09',	'2018-06-07 10:24:13',	1,	619,	19),
(620,	'2018321996',	0,	'2018-06-04 11:34:09',	'2018-06-07 10:24:13',	1,	620,	19),
(621,	'2018308608',	0,	'2018-06-04 11:34:09',	'2018-06-07 10:24:13',	1,	621,	19),
(622,	'2018318702',	0,	'2018-06-04 11:34:09',	'2018-06-07 10:24:13',	1,	622,	19),
(623,	'2018315550',	0,	'2018-06-04 11:34:09',	'2018-06-07 10:24:13',	1,	623,	19),
(624,	'2018310016',	0,	'2018-06-04 11:34:09',	'2018-06-07 10:24:13',	1,	624,	19),
(625,	'2018315498',	0,	'2018-06-04 11:34:09',	'2018-06-07 10:24:13',	1,	625,	19),
(626,	'2018303049',	0,	'2018-06-04 11:34:09',	'2018-06-07 10:24:13',	1,	626,	19),
(627,	'2018315587',	0,	'2018-06-04 11:34:09',	'2018-06-07 10:24:13',	1,	627,	19),
(628,	'2018318720',	0,	'2018-06-04 11:34:09',	'2018-06-07 10:24:13',	1,	628,	19),
(629,	'2018318088',	0,	'2018-06-04 11:34:09',	'2018-06-07 10:24:13',	1,	629,	19),
(630,	'2017323360',	0,	'2018-06-04 11:34:09',	'2018-06-07 10:24:13',	1,	630,	20),
(631,	'2017314763',	0,	'2018-06-04 11:34:09',	'2018-06-07 10:24:13',	1,	631,	20),
(632,	'2017309941',	0,	'2018-06-04 11:34:09',	'2018-06-07 10:24:13',	1,	632,	20),
(633,	'2017321991',	0,	'2018-06-04 11:34:09',	'2018-06-07 10:24:13',	1,	633,	20),
(634,	'2017310620',	0,	'2018-06-04 11:34:09',	'2018-06-07 10:24:13',	1,	634,	20),
(635,	'2017310586',	0,	'2018-06-04 11:34:09',	'2018-06-07 10:24:13',	1,	635,	20),
(636,	'2017310441',	0,	'2018-06-04 11:34:09',	'2018-06-07 10:24:13',	1,	636,	20),
(637,	'2017310577',	0,	'2018-06-04 11:34:09',	'2018-06-07 10:24:13',	1,	637,	20),
(638,	'2017309852',	0,	'2018-06-04 11:34:09',	'2018-06-07 10:24:13',	1,	638,	20),
(639,	'2017310165',	0,	'2018-06-04 11:34:09',	'2018-06-07 10:24:13',	1,	639,	20),
(640,	'2017309576',	0,	'2018-06-04 11:34:09',	'2018-06-07 10:24:13',	1,	640,	20),
(641,	'2017309629',	0,	'2018-06-04 11:34:09',	'2018-06-07 10:24:13',	1,	641,	20),
(642,	'2017309585',	0,	'2018-06-04 11:34:09',	'2018-06-07 10:24:13',	1,	642,	20),
(643,	'2017310110',	0,	'2018-06-04 11:34:09',	'2018-06-07 10:24:13',	1,	643,	20),
(644,	'2017309988',	0,	'2018-06-04 11:34:09',	'2018-06-07 10:24:13',	1,	644,	20),
(645,	'2017310218',	0,	'2018-06-04 11:34:09',	'2018-06-07 10:24:13',	1,	645,	20),
(646,	'2017322120',	0,	'2018-06-04 11:34:09',	'2018-06-07 10:24:13',	1,	646,	20),
(647,	'2017309899',	0,	'2018-06-04 11:34:09',	'2018-06-07 10:24:13',	1,	647,	20),
(648,	'2017313480',	0,	'2018-06-04 11:34:09',	'2018-06-07 10:24:13',	1,	648,	20),
(649,	'2017310263',	0,	'2018-06-04 11:34:09',	'2018-06-07 10:24:13',	1,	649,	20),
(650,	'2017310334',	0,	'2018-06-04 11:34:09',	'2018-06-07 10:24:13',	1,	650,	20),
(651,	'2017309709',	0,	'2018-06-04 11:34:09',	'2018-06-07 10:24:13',	1,	651,	20),
(652,	'2017309790',	0,	'2018-06-04 11:34:09',	'2018-06-07 10:24:13',	1,	652,	20),
(653,	'2017309549',	0,	'2018-06-04 11:34:09',	'2018-06-07 10:24:13',	1,	653,	20),
(654,	'2017310030',	0,	'2018-06-04 11:34:09',	'2018-06-07 10:24:13',	1,	654,	20),
(655,	'2017309683',	0,	'2018-06-04 11:34:09',	'2018-06-07 10:24:13',	1,	655,	20),
(656,	'2017322012',	0,	'2018-06-04 11:34:09',	'2018-06-07 10:24:13',	1,	656,	20),
(657,	'2017316490',	0,	'2018-06-04 11:34:09',	'2018-06-07 10:24:13',	1,	657,	20),
(658,	'2017316472',	0,	'2018-06-04 11:34:09',	'2018-06-07 10:24:13',	1,	658,	20),
(659,	'2017309745',	0,	'2018-06-04 11:34:09',	'2018-06-07 10:24:13',	1,	659,	20),
(660,	'2017309610',	0,	'2018-06-04 11:34:09',	'2018-06-07 10:24:13',	1,	660,	20),
(661,	'2017309567',	0,	'2018-06-04 11:34:09',	'2018-06-07 10:24:13',	1,	661,	20),
(662,	'2017318468',	0,	'2018-06-04 11:34:09',	'2018-06-07 10:24:13',	1,	662,	20),
(663,	'2017308523',	0,	'2018-06-04 11:34:09',	'2018-06-07 10:24:13',	1,	663,	20),
(664,	'2017310601',	0,	'2018-06-04 11:34:09',	'2018-06-07 10:24:13',	1,	664,	20),
(665,	'2017305479',	0,	'2018-06-04 11:34:09',	'2018-06-07 10:24:13',	1,	665,	20),
(666,	'2017310361',	0,	'2018-06-04 11:34:09',	'2018-06-07 10:24:13',	1,	666,	20),
(667,	'2016300450',	0,	'2018-06-04 11:34:09',	'2018-06-07 10:24:13',	1,	667,	21),
(668,	'2016300469',	0,	'2018-06-04 11:34:09',	'2018-06-07 10:24:13',	1,	668,	21),
(669,	'2016300478',	0,	'2018-06-04 11:34:09',	'2018-06-07 10:24:13',	1,	669,	21),
(670,	'2016300487',	0,	'2018-06-04 11:34:09',	'2018-06-07 10:24:13',	1,	670,	21),
(671,	'2016300496',	0,	'2018-06-04 11:34:09',	'2018-06-07 10:24:13',	1,	671,	21),
(672,	'2015300348',	0,	'2018-06-04 11:34:09',	'2018-06-07 10:24:13',	1,	672,	21),
(673,	'2016300502',	0,	'2018-06-04 11:34:09',	'2018-06-07 10:24:13',	1,	673,	21),
(674,	'2016300511',	0,	'2018-06-04 11:34:09',	'2018-06-07 10:24:13',	1,	674,	21),
(675,	'2016300520',	0,	'2018-06-04 11:34:09',	'2018-06-07 10:24:13',	1,	675,	21),
(676,	'2016300530',	0,	'2018-06-04 11:34:09',	'2018-06-07 10:24:13',	1,	676,	21),
(677,	'2015300357',	0,	'2018-06-04 11:34:09',	'2018-06-07 10:24:13',	1,	677,	21),
(678,	'2016300549',	0,	'2018-06-04 11:34:09',	'2018-06-07 10:24:13',	1,	678,	21),
(679,	'2015300366',	0,	'2018-06-04 11:34:09',	'2018-06-07 10:24:13',	1,	679,	21),
(680,	'2016300558',	0,	'2018-06-04 11:34:09',	'2018-06-07 10:24:13',	1,	680,	21),
(681,	'2016300567',	0,	'2018-06-04 11:34:09',	'2018-06-07 10:24:13',	1,	681,	21),
(682,	'2016300576',	0,	'2018-06-04 11:34:09',	'2018-06-07 10:24:13',	1,	682,	21),
(683,	'2016300585',	0,	'2018-06-04 11:34:09',	'2018-06-07 10:24:13',	1,	683,	21),
(684,	'2015300375',	0,	'2018-06-04 11:34:09',	'2018-06-07 10:24:13',	1,	684,	21),
(685,	'2016300594',	0,	'2018-06-04 11:34:09',	'2018-06-07 10:24:13',	1,	685,	21),
(686,	'2015300384',	0,	'2018-06-04 11:34:09',	'2018-06-07 10:24:13',	1,	686,	21),
(687,	'2016300600',	0,	'2018-06-04 11:34:09',	'2018-06-07 10:24:13',	1,	687,	21),
(688,	'2016300610',	0,	'2018-06-04 11:34:09',	'2018-06-07 10:24:13',	1,	688,	21),
(689,	'2016300629',	0,	'2018-06-04 11:34:09',	'2018-06-07 10:24:13',	1,	689,	21),
(690,	'2016300638',	0,	'2018-06-04 11:34:09',	'2018-06-07 10:24:13',	1,	690,	21),
(691,	'2016300647',	0,	'2018-06-04 11:34:09',	'2018-06-07 10:24:13',	1,	691,	21),
(692,	'2016300914',	0,	'2018-06-04 11:34:09',	'2018-06-07 10:24:13',	1,	692,	21),
(693,	'2016300979',	0,	'2018-06-04 11:34:09',	'2018-06-07 10:24:13',	1,	693,	21),
(694,	'2016300997',	0,	'2018-06-04 11:34:09',	'2018-06-07 10:24:13',	1,	694,	21),
(695,	'2015300446',	0,	'2018-06-04 11:34:09',	'2018-06-07 10:24:13',	1,	695,	21),
(696,	'2016301009',	0,	'2018-06-04 11:34:09',	'2018-06-07 10:24:13',	1,	696,	21),
(697,	'2016301018',	0,	'2018-06-04 11:34:09',	'2018-06-07 10:24:13',	1,	697,	21),
(698,	'2016301027',	0,	'2018-06-04 11:34:09',	'2018-06-07 10:24:13',	1,	698,	21),
(699,	'2014300076',	0,	'2018-06-04 11:34:09',	'2018-06-07 10:24:13',	1,	699,	21),
(700,	'2015300455',	0,	'2018-06-04 11:34:09',	'2018-06-07 10:24:13',	1,	700,	21),
(701,	'2016301036',	0,	'2018-06-04 11:34:09',	'2018-06-07 10:24:13',	1,	701,	21),
(702,	'2015300464',	0,	'2018-06-04 11:34:09',	'2018-06-07 10:24:13',	1,	702,	21),
(703,	'2016301045',	0,	'2018-06-04 11:34:09',	'2018-06-07 10:24:13',	1,	703,	21),
(704,	'2016301054',	0,	'2018-06-04 11:34:09',	'2018-06-07 10:24:13',	1,	704,	21),
(705,	'2015300141',	0,	'2018-06-04 11:34:09',	'2018-06-07 10:24:13',	1,	705,	22),
(706,	'2015300150',	0,	'2018-06-04 11:34:09',	'2018-06-07 10:24:13',	1,	706,	22),
(707,	'2014300020',	0,	'2018-06-04 11:34:09',	'2018-06-07 10:24:13',	1,	707,	22),
(708,	'2015300160',	0,	'2018-06-04 11:34:09',	'2018-06-07 10:24:13',	1,	708,	22),
(709,	'2015300179',	0,	'2018-06-04 11:34:09',	'2018-06-07 10:24:13',	1,	709,	22),
(710,	'2015300188',	0,	'2018-06-04 11:34:09',	'2018-06-07 10:24:13',	1,	710,	22),
(711,	'2015300197',	0,	'2018-06-04 11:34:09',	'2018-06-07 10:24:13',	1,	711,	22),
(712,	'2015300203',	0,	'2018-06-04 11:34:09',	'2018-06-07 10:24:13',	1,	712,	22),
(713,	'2015300212',	0,	'2018-06-04 11:34:09',	'2018-06-07 10:24:13',	1,	713,	22),
(714,	'2014300030',	0,	'2018-06-04 11:34:09',	'2018-06-07 10:24:13',	1,	714,	22),
(715,	'2015300221',	0,	'2018-06-04 11:34:09',	'2018-06-07 10:24:13',	1,	715,	22),
(716,	'2015300230',	0,	'2018-06-04 11:34:09',	'2018-06-07 10:24:13',	1,	716,	22),
(717,	'2015300240',	0,	'2018-06-04 11:34:09',	'2018-06-07 10:24:13',	1,	717,	22),
(718,	'2015300259',	0,	'2018-06-04 11:34:09',	'2018-06-07 10:24:13',	1,	718,	22),
(719,	'2015300268',	0,	'2018-06-04 11:34:09',	'2018-06-07 10:24:13',	1,	719,	22),
(720,	'2015300277',	0,	'2018-06-04 11:34:09',	'2018-06-07 10:24:13',	1,	720,	22),
(721,	'2014300049',	0,	'2018-06-04 11:34:09',	'2018-06-07 10:24:13',	1,	721,	22),
(722,	'2015300286',	0,	'2018-06-04 11:34:09',	'2018-06-07 10:24:13',	1,	722,	22),
(723,	'2015300295',	0,	'2018-06-04 11:34:09',	'2018-06-07 10:24:13',	1,	723,	22),
(724,	'2015300301',	0,	'2018-06-04 11:34:09',	'2018-06-07 10:24:13',	1,	724,	22),
(725,	'2015300310',	0,	'2018-06-04 11:34:09',	'2018-06-07 10:24:13',	1,	725,	22),
(726,	'2015300320',	0,	'2018-06-04 11:34:09',	'2018-06-07 10:24:13',	1,	726,	22),
(727,	'2015300339',	0,	'2018-06-04 11:34:09',	'2018-06-07 10:24:13',	1,	727,	22),
(728,	'2014300058',	0,	'2018-06-04 11:34:09',	'2018-06-07 10:24:13',	1,	728,	22);

DROP TABLE IF EXISTS `users`;
CREATE TABLE `users` (
  `id` int(10) unsigned NOT NULL AUTO_INCREMENT,
  `name` varchar(255) COLLATE utf8_unicode_ci NOT NULL,
  `email` varchar(255) COLLATE utf8_unicode_ci NOT NULL,
  `password` varchar(60) COLLATE utf8_unicode_ci NOT NULL,
  `remember_token` varchar(100) COLLATE utf8_unicode_ci DEFAULT NULL,
  `created_at` timestamp NULL DEFAULT NULL,
  `updated_at` timestamp NULL DEFAULT NULL,
  `role` varchar(255) COLLATE utf8_unicode_ci NOT NULL DEFAULT 'user',
  PRIMARY KEY (`id`),
  UNIQUE KEY `users_email_unique` (`email`)
) ENGINE=InnoDB DEFAULT CHARSET=utf8 COLLATE=utf8_unicode_ci;

INSERT INTO `users` (`id`, `name`, `email`, `password`, `remember_token`, `created_at`, `updated_at`, `role`) VALUES
(1,	'Marlon de Oliveira dos Santos',	'marlonlolz75@gmail.com',	'$2y$10$FaWJclPCSfEq7FwoWMiGIuuKWBqsCeYo/n2LPAHH8riA/Kx7/K.3G',	NULL,	'2018-06-04 11:32:36',	'2018-06-04 11:32:36',	'admin'),
(2,	'Bruno Barros',	'bruno@saecozinhaindustrial.com.br',	'$2y$10$EGJD23peTgo7nv.V96BYG.XMzNN7umTqYYCgqqEMYuINYaxQkAm7G',	NULL,	'2018-06-04 13:09:43',	'2018-06-04 13:09:43',	'user');

-- 2018-06-09 22:12:57
