-- phpMyAdmin SQL Dump
-- version 4.5.4.1deb2ubuntu2
-- http://www.phpmyadmin.net
--
-- Host: localhost
-- Generation Time: 07-Jun-2018 às 13:20
-- Versão do servidor: 5.7.22-0ubuntu0.16.04.1
-- PHP Version: 7.2.4-1+ubuntu16.04.1+deb.sury.org+1

SET SQL_MODE = "NO_AUTO_VALUE_ON_ZERO";
SET time_zone = "+00:00";


/*!40101 SET @OLD_CHARACTER_SET_CLIENT=@@CHARACTER_SET_CLIENT */;
/*!40101 SET @OLD_CHARACTER_SET_RESULTS=@@CHARACTER_SET_RESULTS */;
/*!40101 SET @OLD_COLLATION_CONNECTION=@@COLLATION_CONNECTION */;
/*!40101 SET NAMES utf8mb4 */;

--
-- Database: `refeitorio`
--

-- --------------------------------------------------------

--
-- Estrutura da tabela `classes`
--

CREATE TABLE `classes` (
  `id` int(10) UNSIGNED NOT NULL,
  `name` varchar(255) COLLATE utf8_unicode_ci NOT NULL,
  `created_at` timestamp NULL DEFAULT NULL,
  `updated_at` timestamp NULL DEFAULT NULL,
  `school_id` int(10) UNSIGNED NOT NULL
) ENGINE=InnoDB DEFAULT CHARSET=utf8 COLLATE=utf8_unicode_ci;

-- --------------------------------------------------------

--
-- Estrutura da tabela `enviroments`
--

CREATE TABLE `enviroments` (
  `id` int(10) UNSIGNED NOT NULL,
  `type` varchar(255) COLLATE utf8_unicode_ci NOT NULL,
  `name` varchar(255) COLLATE utf8_unicode_ci NOT NULL,
  `created_at` timestamp NULL DEFAULT NULL,
  `updated_at` timestamp NULL DEFAULT NULL,
  `deleted_at` timestamp NULL DEFAULT NULL
) ENGINE=InnoDB DEFAULT CHARSET=utf8 COLLATE=utf8_unicode_ci;

--
-- Extraindo dados da tabela `enviroments`
--

INSERT INTO `enviroments` (`id`, `type`, `name`, `created_at`, `updated_at`, `deleted_at`) VALUES
(1, 'school', 'IFC - Araquari', '2018-06-04 11:33:12', '2018-06-04 11:33:12', NULL);

-- --------------------------------------------------------

--
-- Estrutura da tabela `lunch_patterns`
--

CREATE TABLE `lunch_patterns` (
  `id` int(10) UNSIGNED NOT NULL,
  `sunday` tinyint(1) NOT NULL,
  `monday` tinyint(1) NOT NULL,
  `tuesday` tinyint(1) NOT NULL,
  `wednesday` tinyint(1) NOT NULL,
  `thursday` tinyint(1) NOT NULL,
  `friday` tinyint(1) NOT NULL,
  `saturday` tinyint(1) NOT NULL,
  `created_at` timestamp NULL DEFAULT NULL,
  `updated_at` timestamp NULL DEFAULT NULL,
  `person_id` int(10) UNSIGNED NOT NULL
) ENGINE=InnoDB DEFAULT CHARSET=utf8 COLLATE=utf8_unicode_ci;

--
-- Extraindo dados da tabela `lunch_patterns`
--

INSERT INTO `lunch_patterns` (`id`, `sunday`, `monday`, `tuesday`, `wednesday`, `thursday`, `friday`, `saturday`, `created_at`, `updated_at`, `person_id`) VALUES
(1, 0, 1, 1, 1, 1, 1, 0, '2018-06-04 11:34:06', '2018-06-04 11:34:06', 1),
(2, 0, 1, 1, 1, 1, 1, 0, '2018-06-04 11:34:06', '2018-06-04 11:34:06', 2),
(3, 0, 1, 1, 1, 1, 1, 0, '2018-06-04 11:34:06', '2018-06-04 11:34:06', 3),
(4, 0, 1, 1, 1, 1, 1, 0, '2018-06-04 11:34:06', '2018-06-04 11:34:06', 4),
(5, 0, 1, 1, 1, 1, 1, 0, '2018-06-04 11:34:06', '2018-06-04 11:34:06', 5),
(6, 0, 1, 1, 1, 1, 1, 0, '2018-06-04 11:34:06', '2018-06-04 11:34:06', 6),
(7, 0, 1, 1, 1, 1, 1, 0, '2018-06-04 11:34:06', '2018-06-04 11:34:06', 7),
(8, 0, 1, 1, 1, 1, 1, 0, '2018-06-04 11:34:06', '2018-06-04 11:34:06', 8),
(9, 0, 1, 1, 1, 1, 1, 0, '2018-06-04 11:34:06', '2018-06-04 11:34:06', 9),
(10, 0, 1, 1, 1, 1, 1, 0, '2018-06-04 11:34:06', '2018-06-04 11:34:06', 10),
(11, 0, 1, 1, 1, 1, 1, 0, '2018-06-04 11:34:06', '2018-06-04 11:34:06', 11),
(12, 0, 1, 1, 1, 1, 1, 0, '2018-06-04 11:34:06', '2018-06-04 11:34:06', 12),
(13, 0, 1, 1, 1, 1, 1, 0, '2018-06-04 11:34:06', '2018-06-04 11:34:06', 13),
(14, 0, 1, 1, 1, 1, 1, 0, '2018-06-04 11:34:06', '2018-06-04 11:34:06', 14),
(15, 0, 1, 1, 1, 1, 1, 0, '2018-06-04 11:34:06', '2018-06-04 11:34:06', 15),
(16, 0, 1, 1, 1, 1, 1, 0, '2018-06-04 11:34:06', '2018-06-04 11:34:06', 16),
(17, 0, 1, 1, 1, 1, 1, 0, '2018-06-04 11:34:06', '2018-06-04 11:34:06', 17),
(18, 0, 1, 1, 1, 1, 1, 0, '2018-06-04 11:34:06', '2018-06-04 11:34:06', 18),
(19, 0, 1, 1, 1, 1, 1, 0, '2018-06-04 11:34:06', '2018-06-04 11:34:06', 19),
(20, 0, 1, 1, 1, 1, 1, 0, '2018-06-04 11:34:06', '2018-06-04 11:34:06', 20),
(21, 0, 1, 1, 1, 1, 1, 0, '2018-06-04 11:34:06', '2018-06-04 11:34:06', 21),
(22, 0, 1, 1, 1, 1, 1, 0, '2018-06-04 11:34:06', '2018-06-04 11:34:06', 22),
(23, 0, 1, 1, 1, 1, 1, 0, '2018-06-04 11:34:06', '2018-06-04 11:34:06', 23),
(24, 0, 1, 1, 1, 1, 1, 0, '2018-06-04 11:34:06', '2018-06-04 11:34:06', 24),
(25, 0, 1, 1, 1, 1, 1, 0, '2018-06-04 11:34:06', '2018-06-04 11:34:06', 25),
(26, 0, 1, 1, 1, 1, 1, 0, '2018-06-04 11:34:06', '2018-06-04 11:34:06', 26),
(27, 0, 1, 1, 1, 1, 1, 0, '2018-06-04 11:34:06', '2018-06-04 11:34:06', 27),
(28, 0, 1, 1, 1, 1, 1, 0, '2018-06-04 11:34:06', '2018-06-04 11:34:06', 28),
(29, 0, 1, 1, 1, 1, 1, 0, '2018-06-04 11:34:06', '2018-06-04 11:34:06', 29),
(30, 0, 1, 1, 1, 1, 1, 0, '2018-06-04 11:34:07', '2018-06-04 11:34:07', 30),
(31, 0, 1, 1, 1, 1, 1, 0, '2018-06-04 11:34:07', '2018-06-04 11:34:07', 31),
(32, 0, 1, 1, 1, 1, 1, 0, '2018-06-04 11:34:07', '2018-06-04 11:34:07', 32),
(33, 0, 1, 1, 1, 1, 1, 0, '2018-06-04 11:34:07', '2018-06-04 11:34:07', 33),
(34, 0, 1, 1, 1, 1, 1, 0, '2018-06-04 11:34:07', '2018-06-04 11:34:07', 34),
(35, 0, 1, 1, 1, 1, 1, 0, '2018-06-04 11:34:07', '2018-06-04 11:34:07', 35),
(36, 0, 1, 1, 1, 1, 1, 0, '2018-06-04 11:34:07', '2018-06-04 11:34:07', 36),
(37, 0, 1, 1, 1, 1, 1, 0, '2018-06-04 11:34:07', '2018-06-04 11:34:07', 37),
(38, 0, 1, 1, 1, 1, 1, 0, '2018-06-04 11:34:07', '2018-06-04 11:34:07', 38),
(39, 0, 1, 1, 1, 1, 1, 0, '2018-06-04 11:34:07', '2018-06-04 11:34:07', 39),
(40, 0, 1, 1, 1, 1, 1, 0, '2018-06-04 11:34:07', '2018-06-04 11:34:07', 40),
(41, 0, 1, 1, 1, 1, 1, 0, '2018-06-04 11:34:07', '2018-06-04 11:34:07', 41),
(42, 0, 1, 1, 1, 1, 1, 0, '2018-06-04 11:34:07', '2018-06-04 11:34:07', 42),
(43, 0, 1, 1, 1, 1, 1, 0, '2018-06-04 11:34:07', '2018-06-04 11:34:07', 43),
(44, 0, 1, 1, 1, 1, 1, 0, '2018-06-04 11:34:07', '2018-06-04 11:34:07', 44),
(45, 0, 1, 1, 1, 1, 1, 0, '2018-06-04 11:34:07', '2018-06-04 11:34:07', 45),
(46, 0, 1, 1, 1, 1, 1, 0, '2018-06-04 11:34:07', '2018-06-04 11:34:07', 46),
(47, 0, 1, 1, 1, 1, 1, 0, '2018-06-04 11:34:07', '2018-06-04 11:34:07', 47),
(48, 0, 1, 1, 1, 1, 1, 0, '2018-06-04 11:34:07', '2018-06-04 11:34:07', 48),
(49, 0, 1, 1, 1, 1, 1, 0, '2018-06-04 11:34:07', '2018-06-04 11:34:07', 49),
(50, 0, 1, 1, 1, 1, 1, 0, '2018-06-04 11:34:07', '2018-06-04 11:34:07', 50),
(51, 0, 1, 1, 1, 1, 1, 0, '2018-06-04 11:34:07', '2018-06-04 11:34:07', 51),
(52, 0, 1, 1, 1, 1, 1, 0, '2018-06-04 11:34:07', '2018-06-04 11:34:07', 52),
(53, 0, 1, 1, 1, 1, 1, 0, '2018-06-04 11:34:07', '2018-06-04 11:34:07', 53),
(54, 0, 1, 1, 1, 1, 1, 0, '2018-06-04 11:34:07', '2018-06-04 11:34:07', 54),
(55, 0, 1, 1, 1, 1, 1, 0, '2018-06-04 11:34:07', '2018-06-04 11:34:07', 55),
(56, 0, 1, 1, 1, 1, 1, 0, '2018-06-04 11:34:07', '2018-06-04 11:34:07', 56),
(57, 0, 1, 1, 1, 1, 1, 0, '2018-06-04 11:34:07', '2018-06-04 11:34:07', 57),
(58, 0, 1, 1, 1, 1, 1, 0, '2018-06-04 11:34:07', '2018-06-04 11:34:07', 58),
(59, 0, 1, 1, 1, 1, 1, 0, '2018-06-04 11:34:07', '2018-06-04 11:34:07', 59),
(60, 0, 1, 1, 1, 1, 1, 0, '2018-06-04 11:34:07', '2018-06-04 11:34:07', 60),
(61, 0, 1, 1, 1, 1, 1, 0, '2018-06-04 11:34:07', '2018-06-04 11:34:07', 61),
(62, 0, 1, 1, 1, 1, 1, 0, '2018-06-04 11:34:07', '2018-06-04 11:34:07', 62),
(63, 0, 1, 1, 1, 1, 1, 0, '2018-06-04 11:34:07', '2018-06-04 11:34:07', 63),
(64, 0, 1, 1, 1, 1, 1, 0, '2018-06-04 11:34:07', '2018-06-04 11:34:07', 64),
(65, 0, 1, 1, 1, 1, 1, 0, '2018-06-04 11:34:07', '2018-06-04 11:34:07', 65),
(66, 0, 1, 1, 1, 1, 1, 0, '2018-06-04 11:34:07', '2018-06-04 11:34:07', 66),
(67, 0, 1, 1, 1, 1, 1, 0, '2018-06-04 11:34:07', '2018-06-04 11:34:07', 67),
(68, 0, 1, 1, 1, 1, 1, 0, '2018-06-04 11:34:07', '2018-06-04 11:34:07', 68),
(69, 0, 1, 1, 1, 1, 1, 0, '2018-06-04 11:34:07', '2018-06-04 11:34:07', 69),
(70, 0, 1, 1, 1, 1, 1, 0, '2018-06-04 11:34:07', '2018-06-04 11:34:07', 70),
(71, 0, 1, 1, 1, 1, 1, 0, '2018-06-04 11:34:07', '2018-06-04 11:34:07', 71),
(72, 0, 1, 1, 1, 1, 1, 0, '2018-06-04 11:34:07', '2018-06-04 11:34:07', 72),
(73, 0, 1, 1, 1, 1, 1, 0, '2018-06-04 11:34:07', '2018-06-04 11:34:07', 73),
(74, 0, 1, 1, 1, 1, 1, 0, '2018-06-04 11:34:07', '2018-06-04 11:34:07', 74),
(75, 0, 1, 1, 1, 1, 1, 0, '2018-06-04 11:34:07', '2018-06-04 11:34:07', 75),
(76, 0, 1, 1, 1, 1, 1, 0, '2018-06-04 11:34:07', '2018-06-04 11:34:07', 76),
(77, 0, 1, 1, 1, 1, 1, 0, '2018-06-04 11:34:07', '2018-06-04 11:34:07', 77),
(78, 0, 1, 1, 1, 1, 1, 0, '2018-06-04 11:34:07', '2018-06-04 11:34:07', 78),
(79, 0, 1, 1, 1, 1, 1, 0, '2018-06-04 11:34:07', '2018-06-04 11:34:07', 79),
(80, 0, 1, 1, 1, 1, 1, 0, '2018-06-04 11:34:07', '2018-06-04 11:34:07', 80),
(81, 0, 1, 1, 1, 1, 1, 0, '2018-06-04 11:34:07', '2018-06-04 11:34:07', 81),
(82, 0, 1, 1, 1, 1, 1, 0, '2018-06-04 11:34:07', '2018-06-04 11:34:07', 82),
(83, 0, 1, 1, 1, 1, 1, 0, '2018-06-04 11:34:07', '2018-06-04 11:34:07', 83),
(84, 0, 1, 1, 1, 1, 1, 0, '2018-06-04 11:34:07', '2018-06-04 11:34:07', 84),
(85, 0, 1, 1, 1, 1, 1, 0, '2018-06-04 11:34:07', '2018-06-04 11:34:07', 85),
(86, 0, 1, 1, 1, 1, 1, 0, '2018-06-04 11:34:07', '2018-06-04 11:34:07', 86),
(87, 0, 1, 1, 1, 1, 1, 0, '2018-06-04 11:34:07', '2018-06-04 11:34:07', 87),
(88, 0, 1, 1, 1, 1, 1, 0, '2018-06-04 11:34:07', '2018-06-04 11:34:07', 88),
(89, 0, 1, 1, 1, 1, 1, 0, '2018-06-04 11:34:07', '2018-06-04 11:34:07', 89),
(90, 0, 1, 1, 1, 1, 1, 0, '2018-06-04 11:34:07', '2018-06-04 11:34:07', 90),
(91, 0, 1, 1, 1, 1, 1, 0, '2018-06-04 11:34:07', '2018-06-04 11:34:07', 91),
(92, 0, 1, 1, 1, 1, 1, 0, '2018-06-04 11:34:07', '2018-06-04 11:34:07', 92),
(93, 0, 1, 1, 1, 1, 1, 0, '2018-06-04 11:34:07', '2018-06-04 11:34:07', 93),
(94, 0, 1, 1, 1, 1, 1, 0, '2018-06-04 11:34:07', '2018-06-04 11:34:07', 94),
(95, 0, 1, 1, 1, 1, 1, 0, '2018-06-04 11:34:07', '2018-06-04 11:34:07', 95),
(96, 0, 1, 1, 1, 1, 1, 0, '2018-06-04 11:34:07', '2018-06-04 11:34:07', 96),
(97, 0, 1, 1, 1, 1, 1, 0, '2018-06-04 11:34:07', '2018-06-04 11:34:07', 97),
(98, 0, 1, 1, 1, 1, 1, 0, '2018-06-04 11:34:07', '2018-06-04 11:34:07', 98),
(99, 0, 1, 1, 1, 1, 1, 0, '2018-06-04 11:34:07', '2018-06-04 11:34:07', 99),
(100, 0, 1, 1, 1, 1, 1, 0, '2018-06-04 11:34:07', '2018-06-04 11:34:07', 100),
(101, 0, 1, 1, 1, 1, 1, 0, '2018-06-04 11:34:07', '2018-06-04 11:34:07', 101),
(102, 0, 1, 1, 1, 1, 1, 0, '2018-06-04 11:34:07', '2018-06-04 11:34:07', 102),
(103, 0, 1, 1, 1, 1, 1, 0, '2018-06-04 11:34:07', '2018-06-04 11:34:07', 103),
(104, 0, 1, 1, 1, 1, 1, 0, '2018-06-04 11:34:07', '2018-06-04 11:34:07', 104),
(105, 0, 1, 1, 1, 1, 1, 0, '2018-06-04 11:34:07', '2018-06-04 11:34:07', 105),
(106, 0, 1, 1, 1, 1, 1, 0, '2018-06-04 11:34:07', '2018-06-04 11:34:07', 106),
(107, 0, 1, 1, 1, 1, 1, 0, '2018-06-04 11:34:07', '2018-06-04 11:34:07', 107),
(108, 0, 1, 1, 1, 1, 1, 0, '2018-06-04 11:34:07', '2018-06-04 11:34:07', 108),
(109, 0, 1, 1, 1, 1, 1, 0, '2018-06-04 11:34:07', '2018-06-04 11:34:07', 109),
(110, 0, 1, 1, 1, 1, 1, 0, '2018-06-04 11:34:07', '2018-06-04 11:34:07', 110),
(111, 0, 1, 1, 1, 1, 1, 0, '2018-06-04 11:34:07', '2018-06-04 11:34:07', 111),
(112, 0, 1, 1, 1, 1, 1, 0, '2018-06-04 11:34:07', '2018-06-04 11:34:07', 112),
(113, 0, 1, 1, 1, 1, 1, 0, '2018-06-04 11:34:07', '2018-06-04 11:34:07', 113),
(114, 0, 1, 1, 1, 1, 1, 0, '2018-06-04 11:34:07', '2018-06-04 11:34:07', 114),
(115, 0, 1, 1, 1, 1, 1, 0, '2018-06-04 11:34:07', '2018-06-04 11:34:07', 115),
(116, 0, 1, 1, 1, 1, 1, 0, '2018-06-04 11:34:07', '2018-06-04 11:34:07', 116),
(117, 0, 1, 1, 1, 1, 1, 0, '2018-06-04 11:34:07', '2018-06-04 11:34:07', 117),
(118, 0, 1, 1, 1, 1, 1, 0, '2018-06-04 11:34:07', '2018-06-04 11:34:07', 118),
(119, 0, 1, 1, 1, 1, 1, 0, '2018-06-04 11:34:07', '2018-06-04 11:34:07', 119),
(120, 0, 1, 1, 1, 1, 1, 0, '2018-06-04 11:34:07', '2018-06-04 11:34:07', 120),
(121, 0, 1, 1, 1, 1, 1, 0, '2018-06-04 11:34:07', '2018-06-04 11:34:07', 121),
(122, 0, 1, 1, 1, 1, 1, 0, '2018-06-04 11:34:07', '2018-06-04 11:34:07', 122),
(123, 0, 1, 1, 1, 1, 1, 0, '2018-06-04 11:34:07', '2018-06-04 11:34:07', 123),
(124, 0, 1, 1, 1, 1, 1, 0, '2018-06-04 11:34:07', '2018-06-04 11:34:07', 124),
(125, 0, 1, 1, 1, 1, 1, 0, '2018-06-04 11:34:07', '2018-06-04 11:34:07', 125),
(126, 0, 1, 1, 1, 1, 1, 0, '2018-06-04 11:34:07', '2018-06-04 11:34:07', 126),
(127, 0, 1, 1, 1, 1, 1, 0, '2018-06-04 11:34:07', '2018-06-04 11:34:07', 127),
(128, 0, 1, 1, 1, 1, 1, 0, '2018-06-04 11:34:07', '2018-06-04 11:34:07', 128),
(129, 0, 1, 1, 1, 1, 1, 0, '2018-06-04 11:34:07', '2018-06-04 11:34:07', 129),
(130, 0, 1, 1, 1, 1, 1, 0, '2018-06-04 11:34:07', '2018-06-04 11:34:07', 130),
(131, 0, 1, 1, 1, 1, 1, 0, '2018-06-04 11:34:07', '2018-06-04 11:34:07', 131),
(132, 0, 1, 1, 1, 1, 1, 0, '2018-06-04 11:34:07', '2018-06-04 11:34:07', 132),
(133, 0, 1, 1, 1, 1, 1, 0, '2018-06-04 11:34:07', '2018-06-04 11:34:07', 133),
(134, 0, 1, 1, 1, 1, 1, 0, '2018-06-04 11:34:07', '2018-06-04 11:34:07', 134),
(135, 0, 1, 1, 1, 1, 1, 0, '2018-06-04 11:34:07', '2018-06-04 11:34:07', 135),
(136, 0, 1, 1, 1, 1, 1, 0, '2018-06-04 11:34:07', '2018-06-04 11:34:07', 136),
(137, 0, 1, 1, 1, 1, 1, 0, '2018-06-04 11:34:07', '2018-06-04 11:34:07', 137),
(138, 0, 1, 1, 1, 1, 1, 0, '2018-06-04 11:34:07', '2018-06-04 11:34:07', 138),
(139, 0, 1, 1, 1, 1, 1, 0, '2018-06-04 11:34:07', '2018-06-04 11:34:07', 139),
(140, 0, 1, 1, 1, 1, 1, 0, '2018-06-04 11:34:07', '2018-06-04 11:34:07', 140),
(141, 0, 1, 1, 1, 1, 1, 0, '2018-06-04 11:34:07', '2018-06-04 11:34:07', 141),
(142, 0, 1, 1, 1, 1, 1, 0, '2018-06-04 11:34:07', '2018-06-04 11:34:07', 142),
(143, 0, 1, 1, 1, 1, 1, 0, '2018-06-04 11:34:07', '2018-06-04 11:34:07', 143),
(144, 0, 1, 1, 1, 1, 1, 0, '2018-06-04 11:34:07', '2018-06-04 11:34:07', 144),
(145, 0, 1, 1, 1, 1, 1, 0, '2018-06-04 11:34:07', '2018-06-04 11:34:07', 145),
(146, 0, 1, 1, 1, 1, 1, 0, '2018-06-04 11:34:07', '2018-06-04 11:34:07', 146),
(147, 0, 1, 1, 1, 1, 1, 0, '2018-06-04 11:34:07', '2018-06-04 11:34:07', 147),
(148, 0, 1, 1, 1, 1, 1, 0, '2018-06-04 11:34:07', '2018-06-04 11:34:07', 148),
(149, 0, 1, 1, 1, 1, 1, 0, '2018-06-04 11:34:07', '2018-06-04 11:34:07', 149),
(150, 0, 1, 1, 1, 1, 1, 0, '2018-06-04 11:34:07', '2018-06-04 11:34:07', 150),
(151, 0, 1, 1, 1, 1, 1, 0, '2018-06-04 11:34:07', '2018-06-04 11:34:07', 151),
(152, 0, 1, 1, 1, 1, 1, 0, '2018-06-04 11:34:07', '2018-06-04 11:34:07', 152),
(153, 0, 1, 1, 1, 1, 1, 0, '2018-06-04 11:34:07', '2018-06-04 11:34:07', 153),
(154, 0, 1, 1, 1, 1, 1, 0, '2018-06-04 11:34:07', '2018-06-04 11:34:07', 154),
(155, 0, 1, 1, 1, 1, 1, 0, '2018-06-04 11:34:07', '2018-06-04 11:34:07', 155),
(156, 0, 1, 1, 1, 1, 1, 0, '2018-06-04 11:34:07', '2018-06-04 11:34:07', 156),
(157, 0, 1, 1, 1, 1, 1, 0, '2018-06-04 11:34:07', '2018-06-04 11:34:07', 157),
(158, 0, 1, 1, 1, 1, 1, 0, '2018-06-04 11:34:07', '2018-06-04 11:34:07', 158),
(159, 0, 1, 1, 1, 1, 1, 0, '2018-06-04 11:34:07', '2018-06-04 11:34:07', 159),
(160, 0, 1, 1, 1, 1, 1, 0, '2018-06-04 11:34:07', '2018-06-04 11:34:07', 160),
(161, 0, 1, 1, 1, 1, 1, 0, '2018-06-04 11:34:07', '2018-06-04 11:34:07', 161),
(162, 0, 1, 1, 1, 1, 1, 0, '2018-06-04 11:34:07', '2018-06-04 11:34:07', 162),
(163, 0, 1, 1, 1, 1, 1, 0, '2018-06-04 11:34:07', '2018-06-04 11:34:07', 163),
(164, 0, 1, 1, 1, 1, 1, 0, '2018-06-04 11:34:07', '2018-06-04 11:34:07', 164),
(165, 0, 1, 1, 1, 1, 1, 0, '2018-06-04 11:34:07', '2018-06-04 11:34:07', 165),
(166, 0, 1, 1, 1, 1, 1, 0, '2018-06-04 11:34:07', '2018-06-04 11:34:07', 166),
(167, 0, 1, 1, 1, 1, 1, 0, '2018-06-04 11:34:07', '2018-06-04 11:34:07', 167),
(168, 0, 1, 1, 1, 1, 1, 0, '2018-06-04 11:34:07', '2018-06-04 11:34:07', 168),
(169, 0, 1, 1, 1, 1, 1, 0, '2018-06-04 11:34:07', '2018-06-04 11:34:07', 169),
(170, 0, 1, 1, 1, 1, 1, 0, '2018-06-04 11:34:07', '2018-06-04 11:34:07', 170),
(171, 0, 1, 1, 1, 1, 1, 0, '2018-06-04 11:34:07', '2018-06-04 11:34:07', 171),
(172, 0, 1, 1, 1, 1, 1, 0, '2018-06-04 11:34:07', '2018-06-04 11:34:07', 172),
(173, 0, 1, 1, 1, 1, 1, 0, '2018-06-04 11:34:07', '2018-06-04 11:34:07', 173),
(174, 0, 1, 1, 1, 1, 1, 0, '2018-06-04 11:34:07', '2018-06-04 11:34:07', 174),
(175, 0, 1, 1, 1, 1, 1, 0, '2018-06-04 11:34:07', '2018-06-04 11:34:07', 175),
(176, 0, 1, 1, 1, 1, 1, 0, '2018-06-04 11:34:07', '2018-06-04 11:34:07', 176),
(177, 0, 1, 1, 1, 1, 1, 0, '2018-06-04 11:34:07', '2018-06-04 11:34:07', 177),
(178, 0, 1, 1, 1, 1, 1, 0, '2018-06-04 11:34:07', '2018-06-04 11:34:07', 178),
(179, 0, 1, 1, 1, 1, 1, 0, '2018-06-04 11:34:07', '2018-06-04 11:34:07', 179),
(180, 0, 1, 1, 1, 1, 1, 0, '2018-06-04 11:34:07', '2018-06-04 11:34:07', 180),
(181, 0, 1, 1, 1, 1, 1, 0, '2018-06-04 11:34:07', '2018-06-04 11:34:07', 181),
(182, 0, 1, 1, 1, 1, 1, 0, '2018-06-04 11:34:07', '2018-06-04 11:34:07', 182),
(183, 0, 1, 1, 1, 1, 1, 0, '2018-06-04 11:34:07', '2018-06-04 11:34:07', 183),
(184, 0, 1, 1, 1, 1, 1, 0, '2018-06-04 11:34:07', '2018-06-04 11:34:07', 184),
(185, 0, 1, 1, 1, 1, 1, 0, '2018-06-04 11:34:07', '2018-06-04 11:34:07', 185),
(186, 0, 1, 1, 1, 1, 1, 0, '2018-06-04 11:34:07', '2018-06-04 11:34:07', 186),
(187, 0, 1, 1, 1, 1, 1, 0, '2018-06-04 11:34:07', '2018-06-04 11:34:07', 187),
(188, 0, 1, 1, 1, 1, 1, 0, '2018-06-04 11:34:07', '2018-06-04 11:34:07', 188),
(189, 0, 1, 1, 1, 1, 1, 0, '2018-06-04 11:34:07', '2018-06-04 11:34:07', 189),
(190, 0, 1, 1, 1, 1, 1, 0, '2018-06-04 11:34:07', '2018-06-04 11:34:07', 190),
(191, 0, 1, 1, 1, 1, 1, 0, '2018-06-04 11:34:07', '2018-06-04 11:34:07', 191),
(192, 0, 1, 1, 1, 1, 1, 0, '2018-06-04 11:34:07', '2018-06-04 11:34:07', 192),
(193, 0, 1, 1, 1, 1, 1, 0, '2018-06-04 11:34:07', '2018-06-04 11:34:07', 193),
(194, 0, 1, 1, 1, 1, 1, 0, '2018-06-04 11:34:07', '2018-06-04 11:34:07', 194),
(195, 0, 1, 1, 1, 1, 1, 0, '2018-06-04 11:34:07', '2018-06-04 11:34:07', 195),
(196, 0, 1, 1, 1, 1, 1, 0, '2018-06-04 11:34:07', '2018-06-04 11:34:07', 196),
(197, 0, 1, 1, 1, 1, 1, 0, '2018-06-04 11:34:07', '2018-06-04 11:34:07', 197),
(198, 0, 1, 1, 1, 1, 1, 0, '2018-06-04 11:34:07', '2018-06-04 11:34:07', 198),
(199, 0, 1, 1, 1, 1, 1, 0, '2018-06-04 11:34:07', '2018-06-04 11:34:07', 199),
(200, 0, 1, 1, 1, 1, 1, 0, '2018-06-04 11:34:07', '2018-06-04 11:34:07', 200),
(201, 0, 1, 1, 1, 1, 1, 0, '2018-06-04 11:34:07', '2018-06-04 11:34:07', 201),
(202, 0, 1, 1, 1, 1, 1, 0, '2018-06-04 11:34:07', '2018-06-04 11:34:07', 202),
(203, 0, 1, 1, 1, 1, 1, 0, '2018-06-04 11:34:07', '2018-06-04 11:34:07', 203),
(204, 0, 1, 1, 1, 1, 1, 0, '2018-06-04 11:34:07', '2018-06-04 11:34:07', 204),
(205, 0, 1, 1, 1, 1, 1, 0, '2018-06-04 11:34:07', '2018-06-04 11:34:07', 205),
(206, 0, 1, 1, 1, 1, 1, 0, '2018-06-04 11:34:07', '2018-06-04 11:34:07', 206),
(207, 0, 1, 1, 1, 1, 1, 0, '2018-06-04 11:34:07', '2018-06-04 11:34:07', 207),
(208, 0, 1, 1, 0, 1, 1, 0, '2018-06-04 11:34:07', '2018-06-04 11:34:07', 208),
(209, 0, 1, 1, 0, 1, 1, 0, '2018-06-04 11:34:07', '2018-06-04 11:34:07', 209),
(210, 0, 1, 1, 0, 1, 1, 0, '2018-06-04 11:34:07', '2018-06-04 11:34:07', 210),
(211, 0, 1, 1, 0, 1, 1, 0, '2018-06-04 11:34:07', '2018-06-04 11:34:07', 211),
(212, 0, 1, 1, 0, 1, 1, 0, '2018-06-04 11:34:07', '2018-06-04 11:34:07', 212),
(213, 0, 1, 1, 0, 1, 1, 0, '2018-06-04 11:34:07', '2018-06-04 11:34:07', 213),
(214, 0, 1, 1, 0, 1, 1, 0, '2018-06-04 11:34:07', '2018-06-04 11:34:07', 214),
(215, 0, 1, 1, 0, 1, 1, 0, '2018-06-04 11:34:07', '2018-06-04 11:34:07', 215),
(216, 0, 1, 1, 0, 1, 1, 0, '2018-06-04 11:34:07', '2018-06-04 11:34:07', 216),
(217, 0, 1, 1, 0, 1, 1, 0, '2018-06-04 11:34:07', '2018-06-04 11:34:07', 217),
(218, 0, 1, 1, 0, 1, 1, 0, '2018-06-04 11:34:07', '2018-06-04 11:34:07', 218),
(219, 0, 1, 1, 0, 1, 1, 0, '2018-06-04 11:34:07', '2018-06-04 11:34:07', 219),
(220, 0, 1, 1, 0, 1, 1, 0, '2018-06-04 11:34:07', '2018-06-04 11:34:07', 220),
(221, 0, 1, 1, 0, 1, 1, 0, '2018-06-04 11:34:07', '2018-06-04 11:34:07', 221),
(222, 0, 1, 1, 0, 1, 1, 0, '2018-06-04 11:34:07', '2018-06-04 11:34:07', 222),
(223, 0, 1, 1, 0, 1, 1, 0, '2018-06-04 11:34:07', '2018-06-04 11:34:07', 223),
(224, 0, 1, 1, 0, 1, 1, 0, '2018-06-04 11:34:07', '2018-06-04 11:34:07', 224),
(225, 0, 1, 1, 0, 1, 1, 0, '2018-06-04 11:34:07', '2018-06-04 11:34:07', 225),
(226, 0, 1, 1, 0, 1, 1, 0, '2018-06-04 11:34:07', '2018-06-04 11:34:07', 226),
(227, 0, 1, 1, 0, 1, 1, 0, '2018-06-04 11:34:07', '2018-06-04 11:34:07', 227),
(228, 0, 1, 1, 0, 1, 1, 0, '2018-06-04 11:34:07', '2018-06-04 11:34:07', 228),
(229, 0, 1, 1, 0, 1, 1, 0, '2018-06-04 11:34:07', '2018-06-04 11:34:07', 229),
(230, 0, 1, 1, 0, 1, 1, 0, '2018-06-04 11:34:07', '2018-06-04 11:34:07', 230),
(231, 0, 1, 1, 0, 1, 1, 0, '2018-06-04 11:34:07', '2018-06-04 11:34:07', 231),
(232, 0, 1, 1, 0, 1, 1, 0, '2018-06-04 11:34:07', '2018-06-04 11:34:07', 232),
(233, 0, 1, 1, 0, 1, 1, 0, '2018-06-04 11:34:07', '2018-06-04 11:34:07', 233),
(234, 0, 1, 1, 0, 1, 1, 0, '2018-06-04 11:34:07', '2018-06-04 11:34:07', 234),
(235, 0, 1, 1, 0, 1, 1, 0, '2018-06-04 11:34:07', '2018-06-04 11:34:07', 235),
(236, 0, 1, 1, 0, 1, 1, 0, '2018-06-04 11:34:07', '2018-06-04 11:34:07', 236),
(237, 0, 1, 1, 0, 1, 1, 0, '2018-06-04 11:34:07', '2018-06-04 11:34:07', 237),
(238, 0, 1, 1, 0, 1, 1, 0, '2018-06-04 11:34:07', '2018-06-04 11:34:07', 238),
(239, 0, 1, 1, 0, 1, 1, 0, '2018-06-04 11:34:07', '2018-06-04 11:34:07', 239),
(240, 0, 1, 1, 0, 1, 1, 0, '2018-06-04 11:34:07', '2018-06-04 11:34:07', 240),
(241, 0, 1, 1, 0, 1, 1, 0, '2018-06-04 11:34:07', '2018-06-04 11:34:07', 241),
(242, 0, 1, 1, 0, 1, 1, 0, '2018-06-04 11:34:07', '2018-06-04 11:34:07', 242),
(243, 0, 1, 1, 0, 1, 1, 0, '2018-06-04 11:34:07', '2018-06-04 11:34:07', 243),
(244, 0, 1, 1, 0, 1, 1, 0, '2018-06-04 11:34:07', '2018-06-04 11:34:07', 244),
(245, 0, 1, 1, 0, 1, 1, 0, '2018-06-04 11:34:07', '2018-06-04 11:34:07', 245),
(246, 0, 1, 1, 0, 1, 1, 0, '2018-06-04 11:34:07', '2018-06-04 11:34:07', 246),
(247, 0, 1, 1, 0, 1, 1, 0, '2018-06-04 11:34:07', '2018-06-04 11:34:07', 247),
(248, 0, 1, 1, 0, 1, 1, 0, '2018-06-04 11:34:07', '2018-06-04 11:34:07', 248),
(249, 0, 1, 1, 0, 1, 1, 0, '2018-06-04 11:34:07', '2018-06-04 11:34:07', 249),
(250, 0, 1, 1, 0, 1, 1, 0, '2018-06-04 11:34:07', '2018-06-04 11:34:07', 250),
(251, 0, 1, 1, 0, 1, 1, 0, '2018-06-04 11:34:07', '2018-06-04 11:34:07', 251),
(252, 0, 1, 1, 0, 1, 1, 0, '2018-06-04 11:34:07', '2018-06-04 11:34:07', 252),
(253, 0, 1, 1, 0, 1, 1, 0, '2018-06-04 11:34:07', '2018-06-04 11:34:07', 253),
(254, 0, 1, 1, 0, 1, 1, 0, '2018-06-04 11:34:07', '2018-06-04 11:34:07', 254),
(255, 0, 1, 1, 0, 1, 1, 0, '2018-06-04 11:34:07', '2018-06-04 11:34:07', 255),
(256, 0, 1, 1, 0, 1, 1, 0, '2018-06-04 11:34:07', '2018-06-04 11:34:07', 256),
(257, 0, 1, 1, 0, 1, 1, 0, '2018-06-04 11:34:07', '2018-06-04 11:34:07', 257),
(258, 0, 1, 1, 0, 1, 1, 0, '2018-06-04 11:34:07', '2018-06-04 11:34:07', 258),
(259, 0, 1, 1, 0, 1, 1, 0, '2018-06-04 11:34:07', '2018-06-04 11:34:07', 259),
(260, 0, 1, 1, 0, 1, 1, 0, '2018-06-04 11:34:07', '2018-06-04 11:34:07', 260),
(261, 0, 1, 1, 0, 1, 1, 0, '2018-06-04 11:34:07', '2018-06-04 11:34:07', 261),
(262, 0, 1, 1, 0, 1, 1, 0, '2018-06-04 11:34:07', '2018-06-04 11:34:07', 262),
(263, 0, 1, 1, 0, 1, 1, 0, '2018-06-04 11:34:07', '2018-06-04 11:34:07', 263),
(264, 0, 1, 1, 0, 1, 1, 0, '2018-06-04 11:34:07', '2018-06-04 11:34:07', 264),
(265, 0, 1, 1, 0, 1, 1, 0, '2018-06-04 11:34:07', '2018-06-04 11:34:07', 265),
(266, 0, 1, 1, 0, 1, 1, 0, '2018-06-04 11:34:07', '2018-06-04 11:34:07', 266),
(267, 0, 1, 1, 0, 1, 1, 0, '2018-06-04 11:34:07', '2018-06-04 11:34:07', 267),
(268, 0, 1, 1, 0, 1, 1, 0, '2018-06-04 11:34:07', '2018-06-04 11:34:07', 268),
(269, 0, 1, 1, 0, 1, 1, 0, '2018-06-04 11:34:07', '2018-06-04 11:34:07', 269),
(270, 0, 1, 1, 0, 1, 1, 0, '2018-06-04 11:34:07', '2018-06-04 11:34:07', 270),
(271, 0, 1, 1, 0, 1, 1, 0, '2018-06-04 11:34:07', '2018-06-04 11:34:07', 271),
(272, 0, 1, 1, 0, 1, 1, 0, '2018-06-04 11:34:07', '2018-06-04 11:34:07', 272),
(273, 0, 1, 1, 0, 1, 1, 0, '2018-06-04 11:34:07', '2018-06-04 11:34:07', 273),
(274, 0, 1, 1, 0, 1, 1, 0, '2018-06-04 11:34:07', '2018-06-04 11:34:07', 274),
(275, 0, 1, 1, 0, 1, 1, 0, '2018-06-04 11:34:07', '2018-06-04 11:34:07', 275),
(276, 0, 1, 1, 0, 1, 1, 0, '2018-06-04 11:34:07', '2018-06-04 11:34:07', 276),
(277, 0, 1, 1, 0, 1, 1, 0, '2018-06-04 11:34:07', '2018-06-04 11:34:07', 277),
(278, 0, 1, 1, 0, 1, 1, 0, '2018-06-04 11:34:07', '2018-06-04 11:34:07', 278),
(279, 0, 1, 1, 0, 1, 1, 0, '2018-06-04 11:34:07', '2018-06-04 11:34:07', 279),
(280, 0, 1, 1, 0, 1, 1, 0, '2018-06-04 11:34:07', '2018-06-04 11:34:07', 280),
(281, 0, 1, 1, 0, 1, 1, 0, '2018-06-04 11:34:07', '2018-06-04 11:34:07', 281),
(282, 0, 1, 1, 0, 1, 1, 0, '2018-06-04 11:34:07', '2018-06-04 11:34:07', 282),
(283, 0, 1, 1, 0, 1, 1, 0, '2018-06-04 11:34:07', '2018-06-04 11:34:07', 283),
(284, 0, 1, 1, 0, 1, 1, 0, '2018-06-04 11:34:07', '2018-06-04 11:34:07', 284),
(285, 0, 1, 1, 0, 1, 1, 0, '2018-06-04 11:34:08', '2018-06-04 11:34:08', 285),
(286, 0, 1, 1, 0, 1, 1, 0, '2018-06-04 11:34:08', '2018-06-04 11:34:08', 286),
(287, 0, 1, 1, 0, 1, 1, 0, '2018-06-04 11:34:08', '2018-06-04 11:34:08', 287),
(288, 0, 1, 1, 0, 1, 1, 0, '2018-06-04 11:34:08', '2018-06-04 11:34:08', 288),
(289, 0, 1, 1, 0, 1, 1, 0, '2018-06-04 11:34:08', '2018-06-04 11:34:08', 289),
(290, 0, 1, 1, 0, 1, 1, 0, '2018-06-04 11:34:08', '2018-06-04 11:34:08', 290),
(291, 0, 1, 1, 0, 1, 1, 0, '2018-06-04 11:34:08', '2018-06-04 11:34:08', 291),
(292, 0, 1, 1, 0, 1, 1, 0, '2018-06-04 11:34:08', '2018-06-04 11:34:08', 292),
(293, 0, 1, 1, 0, 1, 1, 0, '2018-06-04 11:34:08', '2018-06-04 11:34:08', 293),
(294, 0, 1, 1, 0, 1, 1, 0, '2018-06-04 11:34:08', '2018-06-04 11:34:08', 294),
(295, 0, 1, 1, 0, 1, 1, 0, '2018-06-04 11:34:08', '2018-06-04 11:34:08', 295),
(296, 0, 1, 1, 1, 1, 0, 0, '2018-06-04 11:34:08', '2018-06-04 11:34:08', 296),
(297, 0, 1, 1, 1, 1, 0, 0, '2018-06-04 11:34:08', '2018-06-04 11:34:08', 297),
(298, 0, 1, 1, 1, 1, 0, 0, '2018-06-04 11:34:08', '2018-06-04 11:34:08', 298),
(299, 0, 1, 1, 1, 1, 0, 0, '2018-06-04 11:34:08', '2018-06-04 11:34:08', 299),
(300, 0, 1, 1, 1, 1, 0, 0, '2018-06-04 11:34:08', '2018-06-04 11:34:08', 300),
(301, 0, 1, 1, 1, 1, 0, 0, '2018-06-04 11:34:08', '2018-06-04 11:34:08', 301),
(302, 0, 1, 1, 1, 1, 0, 0, '2018-06-04 11:34:08', '2018-06-04 11:34:08', 302),
(303, 0, 1, 1, 1, 1, 0, 0, '2018-06-04 11:34:08', '2018-06-04 11:34:08', 303),
(304, 0, 1, 1, 1, 1, 0, 0, '2018-06-04 11:34:08', '2018-06-04 11:34:08', 304),
(305, 0, 1, 1, 1, 1, 0, 0, '2018-06-04 11:34:08', '2018-06-04 11:34:08', 305),
(306, 0, 1, 1, 1, 1, 0, 0, '2018-06-04 11:34:08', '2018-06-04 11:34:08', 306),
(307, 0, 1, 1, 1, 1, 0, 0, '2018-06-04 11:34:08', '2018-06-04 11:34:08', 307),
(308, 0, 1, 1, 1, 1, 0, 0, '2018-06-04 11:34:08', '2018-06-04 11:34:08', 308),
(309, 0, 1, 1, 1, 1, 0, 0, '2018-06-04 11:34:08', '2018-06-04 11:34:08', 309),
(310, 0, 1, 1, 1, 1, 0, 0, '2018-06-04 11:34:08', '2018-06-04 11:34:08', 310),
(311, 0, 1, 1, 1, 1, 0, 0, '2018-06-04 11:34:08', '2018-06-04 11:34:08', 311),
(312, 0, 1, 1, 1, 1, 0, 0, '2018-06-04 11:34:08', '2018-06-04 11:34:08', 312),
(313, 0, 1, 1, 1, 1, 0, 0, '2018-06-04 11:34:08', '2018-06-04 11:34:08', 313),
(314, 0, 1, 1, 1, 1, 0, 0, '2018-06-04 11:34:08', '2018-06-04 11:34:08', 314),
(315, 0, 1, 1, 1, 1, 0, 0, '2018-06-04 11:34:08', '2018-06-04 11:34:08', 315),
(316, 0, 1, 1, 1, 1, 0, 0, '2018-06-04 11:34:08', '2018-06-04 11:34:08', 316),
(317, 0, 1, 1, 1, 1, 0, 0, '2018-06-04 11:34:08', '2018-06-04 11:34:08', 317),
(318, 0, 1, 1, 1, 1, 0, 0, '2018-06-04 11:34:08', '2018-06-04 11:34:08', 318),
(319, 0, 1, 1, 1, 1, 0, 0, '2018-06-04 11:34:08', '2018-06-04 11:34:08', 319),
(320, 0, 1, 1, 1, 1, 0, 0, '2018-06-04 11:34:08', '2018-06-04 11:34:08', 320),
(321, 0, 1, 1, 1, 1, 0, 0, '2018-06-04 11:34:08', '2018-06-04 11:34:08', 321),
(322, 0, 1, 1, 1, 1, 0, 0, '2018-06-04 11:34:08', '2018-06-04 11:34:08', 322),
(323, 0, 1, 1, 1, 1, 0, 0, '2018-06-04 11:34:08', '2018-06-04 11:34:08', 323),
(324, 0, 1, 1, 1, 1, 0, 0, '2018-06-04 11:34:08', '2018-06-04 11:34:08', 324),
(325, 0, 1, 1, 1, 1, 0, 0, '2018-06-04 11:34:08', '2018-06-04 11:34:08', 325),
(326, 0, 1, 1, 1, 1, 0, 0, '2018-06-04 11:34:08', '2018-06-04 11:34:08', 326),
(327, 0, 1, 1, 1, 1, 0, 0, '2018-06-04 11:34:08', '2018-06-04 11:34:08', 327),
(328, 0, 1, 1, 1, 1, 0, 0, '2018-06-04 11:34:08', '2018-06-04 11:34:08', 328),
(329, 0, 1, 1, 1, 1, 0, 0, '2018-06-04 11:34:08', '2018-06-04 11:34:08', 329),
(330, 0, 1, 1, 1, 1, 0, 0, '2018-06-04 11:34:08', '2018-06-04 11:34:08', 330),
(331, 0, 1, 1, 1, 1, 0, 0, '2018-06-04 11:34:08', '2018-06-04 11:34:08', 331),
(332, 0, 1, 1, 1, 1, 0, 0, '2018-06-04 11:34:08', '2018-06-04 11:34:08', 332),
(333, 0, 1, 1, 1, 1, 0, 0, '2018-06-04 11:34:08', '2018-06-04 11:34:08', 333),
(334, 0, 1, 1, 1, 1, 0, 0, '2018-06-04 11:34:08', '2018-06-04 11:34:08', 334),
(335, 0, 1, 1, 1, 1, 0, 0, '2018-06-04 11:34:08', '2018-06-04 11:34:08', 335),
(336, 0, 1, 1, 1, 1, 0, 0, '2018-06-04 11:34:08', '2018-06-04 11:34:08', 336),
(337, 0, 1, 1, 1, 1, 0, 0, '2018-06-04 11:34:08', '2018-06-04 11:34:08', 337),
(338, 0, 1, 1, 1, 1, 0, 0, '2018-06-04 11:34:08', '2018-06-04 11:34:08', 338),
(339, 0, 1, 1, 1, 1, 0, 0, '2018-06-04 11:34:08', '2018-06-04 11:34:08', 339),
(340, 0, 1, 1, 1, 1, 0, 0, '2018-06-04 11:34:08', '2018-06-04 11:34:08', 340),
(341, 0, 1, 1, 1, 1, 0, 0, '2018-06-04 11:34:08', '2018-06-04 11:34:08', 341),
(342, 0, 1, 1, 1, 1, 0, 0, '2018-06-04 11:34:08', '2018-06-04 11:34:08', 342),
(343, 0, 1, 1, 1, 1, 0, 0, '2018-06-04 11:34:08', '2018-06-04 11:34:08', 343),
(344, 0, 1, 1, 1, 1, 0, 0, '2018-06-04 11:34:08', '2018-06-04 11:34:08', 344),
(345, 0, 1, 1, 1, 1, 0, 0, '2018-06-04 11:34:08', '2018-06-04 11:34:08', 345),
(346, 0, 1, 1, 1, 1, 0, 0, '2018-06-04 11:34:08', '2018-06-04 11:34:08', 346),
(347, 0, 1, 1, 1, 1, 0, 0, '2018-06-04 11:34:08', '2018-06-04 11:34:08', 347),
(348, 0, 1, 1, 1, 1, 0, 0, '2018-06-04 11:34:08', '2018-06-04 11:34:08', 348),
(349, 0, 1, 1, 1, 1, 0, 0, '2018-06-04 11:34:08', '2018-06-04 11:34:08', 349),
(350, 0, 1, 1, 1, 1, 0, 0, '2018-06-04 11:34:08', '2018-06-04 11:34:08', 350),
(351, 0, 1, 1, 1, 1, 0, 0, '2018-06-04 11:34:08', '2018-06-04 11:34:08', 351),
(352, 0, 1, 1, 1, 1, 0, 0, '2018-06-04 11:34:08', '2018-06-04 11:34:08', 352),
(353, 0, 1, 1, 1, 1, 0, 0, '2018-06-04 11:34:08', '2018-06-04 11:34:08', 353),
(354, 0, 1, 1, 1, 1, 0, 0, '2018-06-04 11:34:08', '2018-06-04 11:34:08', 354),
(355, 0, 1, 1, 1, 1, 0, 0, '2018-06-04 11:34:08', '2018-06-04 11:34:08', 355),
(356, 0, 1, 1, 1, 1, 0, 0, '2018-06-04 11:34:08', '2018-06-04 11:34:08', 356),
(357, 0, 1, 1, 1, 1, 0, 0, '2018-06-04 11:34:08', '2018-06-04 11:34:08', 357),
(358, 0, 1, 1, 1, 1, 0, 0, '2018-06-04 11:34:08', '2018-06-04 11:34:08', 358),
(359, 0, 1, 1, 1, 1, 0, 0, '2018-06-04 11:34:08', '2018-06-04 11:34:08', 359),
(360, 0, 1, 1, 1, 1, 0, 0, '2018-06-04 11:34:08', '2018-06-04 11:34:08', 360),
(361, 0, 1, 1, 1, 1, 0, 0, '2018-06-04 11:34:08', '2018-06-04 11:34:08', 361),
(362, 0, 1, 1, 1, 1, 0, 0, '2018-06-04 11:34:08', '2018-06-04 11:34:08', 362),
(363, 0, 1, 1, 1, 1, 0, 0, '2018-06-04 11:34:08', '2018-06-04 11:34:08', 363),
(364, 0, 1, 1, 1, 1, 0, 0, '2018-06-04 11:34:08', '2018-06-04 11:34:08', 364),
(365, 0, 1, 1, 1, 1, 0, 0, '2018-06-04 11:34:08', '2018-06-04 11:34:08', 365),
(366, 0, 1, 1, 1, 1, 0, 0, '2018-06-04 11:34:08', '2018-06-04 11:34:08', 366),
(367, 0, 1, 1, 1, 1, 0, 0, '2018-06-04 11:34:08', '2018-06-04 11:34:08', 367),
(368, 0, 1, 1, 1, 1, 0, 0, '2018-06-04 11:34:08', '2018-06-04 11:34:08', 368),
(369, 0, 1, 1, 1, 1, 0, 0, '2018-06-04 11:34:08', '2018-06-04 11:34:08', 369),
(370, 0, 1, 1, 1, 1, 0, 0, '2018-06-04 11:34:08', '2018-06-04 11:34:08', 370),
(371, 0, 1, 1, 0, 1, 1, 0, '2018-06-04 11:34:08', '2018-06-04 11:34:08', 371),
(372, 0, 1, 1, 0, 1, 1, 0, '2018-06-04 11:34:08', '2018-06-04 11:34:08', 372),
(373, 0, 1, 1, 0, 1, 1, 0, '2018-06-04 11:34:08', '2018-06-04 11:34:08', 373),
(374, 0, 1, 1, 0, 1, 1, 0, '2018-06-04 11:34:08', '2018-06-04 11:34:08', 374),
(375, 0, 1, 1, 0, 1, 1, 0, '2018-06-04 11:34:08', '2018-06-04 11:34:08', 375),
(376, 0, 1, 1, 0, 1, 1, 0, '2018-06-04 11:34:08', '2018-06-04 11:34:08', 376),
(377, 0, 1, 1, 0, 1, 1, 0, '2018-06-04 11:34:08', '2018-06-04 11:34:08', 377),
(378, 0, 1, 1, 0, 1, 1, 0, '2018-06-04 11:34:08', '2018-06-04 11:34:08', 378),
(379, 0, 1, 1, 0, 1, 1, 0, '2018-06-04 11:34:08', '2018-06-04 11:34:08', 379),
(380, 0, 1, 1, 0, 1, 1, 0, '2018-06-04 11:34:08', '2018-06-04 11:34:08', 380),
(381, 0, 1, 1, 0, 1, 1, 0, '2018-06-04 11:34:08', '2018-06-04 11:34:08', 381),
(382, 0, 1, 1, 0, 1, 1, 0, '2018-06-04 11:34:08', '2018-06-04 11:34:08', 382),
(383, 0, 1, 1, 0, 1, 1, 0, '2018-06-04 11:34:08', '2018-06-04 11:34:08', 383),
(384, 0, 1, 1, 0, 1, 1, 0, '2018-06-04 11:34:08', '2018-06-04 11:34:08', 384),
(385, 0, 1, 1, 0, 1, 1, 0, '2018-06-04 11:34:08', '2018-06-04 11:34:08', 385),
(386, 0, 1, 1, 0, 1, 1, 0, '2018-06-04 11:34:08', '2018-06-04 11:34:08', 386),
(387, 0, 1, 1, 0, 1, 1, 0, '2018-06-04 11:34:08', '2018-06-04 11:34:08', 387),
(388, 0, 1, 1, 0, 1, 1, 0, '2018-06-04 11:34:08', '2018-06-04 11:34:08', 388),
(389, 0, 1, 1, 0, 1, 1, 0, '2018-06-04 11:34:08', '2018-06-04 11:34:08', 389),
(390, 0, 1, 1, 0, 1, 1, 0, '2018-06-04 11:34:08', '2018-06-04 11:34:08', 390),
(391, 0, 1, 1, 0, 1, 1, 0, '2018-06-04 11:34:08', '2018-06-04 11:34:08', 391),
(392, 0, 1, 1, 0, 1, 1, 0, '2018-06-04 11:34:08', '2018-06-04 11:34:08', 392),
(393, 0, 1, 1, 0, 1, 1, 0, '2018-06-04 11:34:08', '2018-06-04 11:34:08', 393),
(394, 0, 1, 1, 0, 1, 1, 0, '2018-06-04 11:34:08', '2018-06-04 11:34:08', 394),
(395, 0, 1, 1, 0, 1, 1, 0, '2018-06-04 11:34:08', '2018-06-04 11:34:08', 395),
(396, 0, 1, 1, 0, 1, 1, 0, '2018-06-04 11:34:08', '2018-06-04 11:34:08', 396),
(397, 0, 1, 1, 0, 1, 1, 0, '2018-06-04 11:34:08', '2018-06-04 11:34:08', 397),
(398, 0, 1, 1, 0, 1, 1, 0, '2018-06-04 11:34:08', '2018-06-04 11:34:08', 398),
(399, 0, 1, 1, 0, 1, 1, 0, '2018-06-04 11:34:08', '2018-06-04 11:34:08', 399),
(400, 0, 1, 1, 0, 1, 1, 0, '2018-06-04 11:34:08', '2018-06-04 11:34:08', 400),
(401, 0, 1, 1, 0, 1, 1, 0, '2018-06-04 11:34:08', '2018-06-04 11:34:08', 401),
(402, 0, 1, 1, 0, 1, 1, 0, '2018-06-04 11:34:08', '2018-06-04 11:34:08', 402),
(403, 0, 1, 1, 0, 1, 1, 0, '2018-06-04 11:34:08', '2018-06-04 11:34:08', 403),
(404, 0, 1, 1, 0, 1, 1, 0, '2018-06-04 11:34:08', '2018-06-04 11:34:08', 404),
(405, 0, 1, 1, 0, 1, 1, 0, '2018-06-04 11:34:08', '2018-06-04 11:34:08', 405),
(406, 0, 1, 1, 0, 1, 1, 0, '2018-06-04 11:34:08', '2018-06-04 11:34:08', 406),
(407, 0, 1, 1, 0, 1, 1, 0, '2018-06-04 11:34:08', '2018-06-04 11:34:08', 407),
(408, 0, 1, 1, 0, 1, 1, 0, '2018-06-04 11:34:08', '2018-06-04 11:34:08', 408),
(409, 0, 1, 1, 0, 1, 1, 0, '2018-06-04 11:34:08', '2018-06-04 11:34:08', 409),
(410, 0, 1, 1, 0, 1, 1, 0, '2018-06-04 11:34:08', '2018-06-04 11:34:08', 410),
(411, 0, 1, 1, 0, 1, 1, 0, '2018-06-04 11:34:08', '2018-06-04 11:34:08', 411),
(412, 0, 1, 1, 0, 1, 1, 0, '2018-06-04 11:34:08', '2018-06-04 11:34:08', 412),
(413, 0, 1, 1, 0, 1, 1, 0, '2018-06-04 11:34:08', '2018-06-04 11:34:08', 413),
(414, 0, 1, 1, 0, 1, 1, 0, '2018-06-04 11:34:08', '2018-06-04 11:34:08', 414),
(415, 0, 1, 1, 0, 1, 1, 0, '2018-06-04 11:34:08', '2018-06-04 11:34:08', 415),
(416, 0, 1, 1, 0, 1, 1, 0, '2018-06-04 11:34:08', '2018-06-04 11:34:08', 416),
(417, 0, 1, 1, 0, 1, 1, 0, '2018-06-04 11:34:08', '2018-06-04 11:34:08', 417),
(418, 0, 1, 1, 0, 1, 1, 0, '2018-06-04 11:34:08', '2018-06-04 11:34:08', 418),
(419, 0, 1, 1, 0, 1, 1, 0, '2018-06-04 11:34:08', '2018-06-04 11:34:08', 419),
(420, 0, 1, 1, 0, 1, 1, 0, '2018-06-04 11:34:08', '2018-06-04 11:34:08', 420),
(421, 0, 1, 1, 0, 1, 1, 0, '2018-06-04 11:34:08', '2018-06-04 11:34:08', 421),
(422, 0, 1, 1, 0, 1, 1, 0, '2018-06-04 11:34:08', '2018-06-04 11:34:08', 422),
(423, 0, 1, 1, 0, 1, 1, 0, '2018-06-04 11:34:08', '2018-06-04 11:34:08', 423),
(424, 0, 1, 1, 0, 1, 1, 0, '2018-06-04 11:34:08', '2018-06-04 11:34:08', 424),
(425, 0, 1, 1, 0, 1, 1, 0, '2018-06-04 11:34:08', '2018-06-04 11:34:08', 425),
(426, 0, 1, 1, 0, 1, 1, 0, '2018-06-04 11:34:08', '2018-06-04 11:34:08', 426),
(427, 0, 1, 1, 0, 1, 1, 0, '2018-06-04 11:34:08', '2018-06-04 11:34:08', 427),
(428, 0, 1, 1, 0, 1, 1, 0, '2018-06-04 11:34:08', '2018-06-04 11:34:08', 428),
(429, 0, 1, 1, 0, 1, 1, 0, '2018-06-04 11:34:08', '2018-06-04 11:34:08', 429),
(430, 0, 1, 1, 0, 1, 1, 0, '2018-06-04 11:34:08', '2018-06-04 11:34:08', 430),
(431, 0, 1, 1, 0, 1, 1, 0, '2018-06-04 11:34:08', '2018-06-04 11:34:08', 431),
(432, 0, 1, 1, 0, 1, 1, 0, '2018-06-04 11:34:08', '2018-06-04 11:34:08', 432),
(433, 0, 1, 1, 0, 1, 1, 0, '2018-06-04 11:34:08', '2018-06-04 11:34:08', 433),
(434, 0, 1, 1, 0, 1, 1, 0, '2018-06-04 11:34:08', '2018-06-04 11:34:08', 434),
(435, 0, 1, 1, 0, 1, 1, 0, '2018-06-04 11:34:08', '2018-06-04 11:34:08', 435),
(436, 0, 1, 1, 0, 1, 1, 0, '2018-06-04 11:34:08', '2018-06-04 11:34:08', 436),
(437, 0, 1, 1, 0, 1, 1, 0, '2018-06-04 11:34:08', '2018-06-04 11:34:08', 437),
(438, 0, 1, 1, 0, 1, 1, 0, '2018-06-04 11:34:08', '2018-06-04 11:34:08', 438),
(439, 0, 1, 1, 0, 1, 1, 0, '2018-06-04 11:34:08', '2018-06-04 11:34:08', 439),
(440, 0, 1, 1, 0, 1, 1, 0, '2018-06-04 11:34:08', '2018-06-04 11:34:08', 440),
(441, 0, 1, 1, 0, 1, 1, 0, '2018-06-04 11:34:08', '2018-06-04 11:34:08', 441),
(442, 0, 1, 1, 0, 1, 1, 0, '2018-06-04 11:34:08', '2018-06-04 11:34:08', 442),
(443, 0, 1, 1, 0, 1, 1, 0, '2018-06-04 11:34:08', '2018-06-04 11:34:08', 443),
(444, 0, 1, 1, 0, 1, 1, 0, '2018-06-04 11:34:08', '2018-06-04 11:34:08', 444),
(445, 0, 1, 1, 0, 1, 1, 0, '2018-06-04 11:34:08', '2018-06-04 11:34:08', 445),
(446, 0, 1, 1, 0, 1, 1, 0, '2018-06-04 11:34:08', '2018-06-04 11:34:08', 446),
(447, 0, 1, 1, 0, 1, 1, 0, '2018-06-04 11:34:08', '2018-06-04 11:34:08', 447),
(448, 0, 1, 1, 0, 1, 1, 0, '2018-06-04 11:34:08', '2018-06-04 11:34:08', 448),
(449, 0, 1, 1, 0, 1, 1, 0, '2018-06-04 11:34:08', '2018-06-04 11:34:08', 449),
(450, 0, 1, 1, 0, 1, 1, 0, '2018-06-04 11:34:08', '2018-06-04 11:34:08', 450),
(451, 0, 1, 1, 0, 1, 1, 0, '2018-06-04 11:34:08', '2018-06-04 11:34:08', 451),
(452, 0, 1, 1, 0, 1, 1, 0, '2018-06-04 11:34:08', '2018-06-04 11:34:08', 452),
(453, 0, 1, 1, 0, 1, 1, 0, '2018-06-04 11:34:08', '2018-06-04 11:34:08', 453),
(454, 0, 1, 1, 0, 1, 1, 0, '2018-06-04 11:34:08', '2018-06-04 11:34:08', 454),
(455, 0, 1, 1, 0, 1, 1, 0, '2018-06-04 11:34:08', '2018-06-04 11:34:08', 455),
(456, 0, 1, 1, 0, 1, 1, 0, '2018-06-04 11:34:08', '2018-06-04 11:34:08', 456),
(457, 0, 1, 1, 0, 1, 1, 0, '2018-06-04 11:34:08', '2018-06-04 11:34:08', 457),
(458, 0, 1, 1, 0, 1, 1, 0, '2018-06-04 11:34:08', '2018-06-04 11:34:08', 458),
(459, 0, 1, 1, 0, 1, 1, 0, '2018-06-04 11:34:08', '2018-06-04 11:34:08', 459),
(460, 0, 1, 1, 0, 1, 1, 0, '2018-06-04 11:34:08', '2018-06-04 11:34:08', 460),
(461, 0, 1, 1, 0, 1, 1, 0, '2018-06-04 11:34:08', '2018-06-04 11:34:08', 461),
(462, 0, 1, 1, 0, 1, 1, 0, '2018-06-04 11:34:08', '2018-06-04 11:34:08', 462),
(463, 0, 1, 1, 0, 1, 1, 0, '2018-06-04 11:34:08', '2018-06-04 11:34:08', 463),
(464, 0, 1, 1, 0, 1, 1, 0, '2018-06-04 11:34:08', '2018-06-04 11:34:08', 464),
(465, 0, 1, 1, 0, 1, 1, 0, '2018-06-04 11:34:08', '2018-06-04 11:34:08', 465),
(466, 0, 1, 1, 0, 1, 1, 0, '2018-06-04 11:34:08', '2018-06-04 11:34:08', 466),
(467, 0, 1, 1, 0, 1, 1, 0, '2018-06-04 11:34:08', '2018-06-04 11:34:08', 467),
(468, 0, 1, 1, 0, 1, 1, 0, '2018-06-04 11:34:08', '2018-06-04 11:34:08', 468),
(469, 0, 1, 1, 0, 1, 1, 0, '2018-06-04 11:34:08', '2018-06-04 11:34:08', 469),
(470, 0, 1, 1, 0, 1, 1, 0, '2018-06-04 11:34:08', '2018-06-04 11:34:08', 470),
(471, 0, 1, 1, 0, 1, 1, 0, '2018-06-04 11:34:08', '2018-06-04 11:34:08', 471),
(472, 0, 1, 1, 0, 1, 1, 0, '2018-06-04 11:34:08', '2018-06-04 11:34:08', 472),
(473, 0, 1, 1, 0, 1, 1, 0, '2018-06-04 11:34:08', '2018-06-04 11:34:08', 473),
(474, 0, 1, 1, 0, 1, 1, 0, '2018-06-04 11:34:08', '2018-06-04 11:34:08', 474),
(475, 0, 1, 1, 0, 1, 1, 0, '2018-06-04 11:34:08', '2018-06-04 11:34:08', 475),
(476, 0, 1, 1, 0, 1, 1, 0, '2018-06-04 11:34:08', '2018-06-04 11:34:08', 476),
(477, 0, 1, 1, 0, 1, 1, 0, '2018-06-04 11:34:08', '2018-06-04 11:34:08', 477),
(478, 0, 1, 1, 0, 1, 1, 0, '2018-06-04 11:34:08', '2018-06-04 11:34:08', 478),
(479, 0, 1, 1, 0, 1, 1, 0, '2018-06-04 11:34:08', '2018-06-04 11:34:08', 479),
(480, 0, 1, 1, 0, 1, 1, 0, '2018-06-04 11:34:08', '2018-06-04 11:34:08', 480),
(481, 0, 1, 1, 0, 1, 1, 0, '2018-06-04 11:34:08', '2018-06-04 11:34:08', 481),
(482, 0, 1, 1, 0, 1, 1, 0, '2018-06-04 11:34:08', '2018-06-04 11:34:08', 482),
(483, 0, 1, 1, 0, 1, 1, 0, '2018-06-04 11:34:08', '2018-06-04 11:34:08', 483),
(484, 0, 1, 1, 0, 1, 1, 0, '2018-06-04 11:34:08', '2018-06-04 11:34:08', 484),
(485, 0, 1, 1, 0, 1, 1, 0, '2018-06-04 11:34:08', '2018-06-04 11:34:08', 485),
(486, 0, 1, 1, 0, 1, 1, 0, '2018-06-04 11:34:08', '2018-06-04 11:34:08', 486),
(487, 0, 1, 1, 0, 1, 1, 0, '2018-06-04 11:34:08', '2018-06-04 11:34:08', 487),
(488, 0, 1, 1, 0, 1, 1, 0, '2018-06-04 11:34:08', '2018-06-04 11:34:08', 488),
(489, 0, 1, 1, 0, 1, 1, 0, '2018-06-04 11:34:08', '2018-06-04 11:34:08', 489),
(490, 0, 1, 1, 0, 1, 1, 0, '2018-06-04 11:34:08', '2018-06-04 11:34:08', 490),
(491, 0, 1, 1, 0, 1, 1, 0, '2018-06-04 11:34:08', '2018-06-04 11:34:08', 491),
(492, 0, 1, 1, 0, 1, 1, 0, '2018-06-04 11:34:08', '2018-06-04 11:34:08', 492),
(493, 0, 1, 1, 0, 1, 1, 0, '2018-06-04 11:34:08', '2018-06-04 11:34:08', 493),
(494, 0, 1, 1, 0, 1, 1, 0, '2018-06-04 11:34:08', '2018-06-04 11:34:08', 494),
(495, 0, 1, 1, 0, 1, 1, 0, '2018-06-04 11:34:08', '2018-06-04 11:34:08', 495),
(496, 0, 1, 1, 0, 1, 1, 0, '2018-06-04 11:34:08', '2018-06-04 11:34:08', 496),
(497, 0, 1, 1, 0, 1, 1, 0, '2018-06-04 11:34:08', '2018-06-04 11:34:08', 497),
(498, 0, 1, 1, 0, 1, 1, 0, '2018-06-04 11:34:08', '2018-06-04 11:34:08', 498),
(499, 0, 1, 1, 0, 1, 1, 0, '2018-06-04 11:34:08', '2018-06-04 11:34:08', 499),
(500, 0, 1, 1, 0, 1, 1, 0, '2018-06-04 11:34:08', '2018-06-04 11:34:08', 500),
(501, 0, 1, 1, 0, 1, 1, 0, '2018-06-04 11:34:08', '2018-06-04 11:34:08', 501),
(502, 0, 1, 1, 0, 1, 1, 0, '2018-06-04 11:34:08', '2018-06-04 11:34:08', 502),
(503, 0, 1, 1, 0, 1, 1, 0, '2018-06-04 11:34:08', '2018-06-04 11:34:08', 503),
(504, 0, 1, 1, 0, 1, 1, 0, '2018-06-04 11:34:08', '2018-06-04 11:34:08', 504),
(505, 0, 1, 1, 0, 1, 1, 0, '2018-06-04 11:34:08', '2018-06-04 11:34:08', 505),
(506, 0, 1, 1, 0, 1, 1, 0, '2018-06-04 11:34:08', '2018-06-04 11:34:08', 506),
(507, 0, 1, 1, 0, 1, 1, 0, '2018-06-04 11:34:08', '2018-06-04 11:34:08', 507),
(508, 0, 1, 1, 0, 1, 1, 0, '2018-06-04 11:34:08', '2018-06-04 11:34:08', 508),
(509, 0, 1, 1, 0, 1, 1, 0, '2018-06-04 11:34:08', '2018-06-04 11:34:08', 509),
(510, 0, 1, 1, 0, 1, 1, 0, '2018-06-04 11:34:08', '2018-06-04 11:34:08', 510),
(511, 0, 1, 1, 0, 1, 1, 0, '2018-06-04 11:34:08', '2018-06-04 11:34:08', 511),
(512, 0, 1, 1, 1, 1, 1, 0, '2018-06-04 11:34:08', '2018-06-04 11:34:08', 512),
(513, 0, 1, 1, 1, 1, 1, 0, '2018-06-04 11:34:08', '2018-06-04 11:34:08', 513),
(514, 0, 1, 1, 1, 1, 1, 0, '2018-06-04 11:34:08', '2018-06-04 11:34:08', 514),
(515, 0, 1, 1, 1, 1, 1, 0, '2018-06-04 11:34:08', '2018-06-04 11:34:08', 515),
(516, 0, 1, 1, 1, 1, 1, 0, '2018-06-04 11:34:08', '2018-06-04 11:34:08', 516),
(517, 0, 1, 1, 1, 1, 1, 0, '2018-06-04 11:34:08', '2018-06-04 11:34:08', 517),
(518, 0, 1, 1, 1, 1, 1, 0, '2018-06-04 11:34:08', '2018-06-04 11:34:08', 518),
(519, 0, 1, 1, 1, 1, 1, 0, '2018-06-04 11:34:08', '2018-06-04 11:34:08', 519),
(520, 0, 1, 1, 1, 1, 1, 0, '2018-06-04 11:34:08', '2018-06-04 11:34:08', 520),
(521, 0, 1, 1, 1, 1, 1, 0, '2018-06-04 11:34:08', '2018-06-04 11:34:08', 521),
(522, 0, 1, 1, 1, 1, 1, 0, '2018-06-04 11:34:08', '2018-06-04 11:34:08', 522),
(523, 0, 1, 1, 1, 1, 1, 0, '2018-06-04 11:34:08', '2018-06-04 11:34:08', 523),
(524, 0, 1, 1, 1, 1, 1, 0, '2018-06-04 11:34:08', '2018-06-04 11:34:08', 524),
(525, 0, 1, 1, 1, 1, 1, 0, '2018-06-04 11:34:09', '2018-06-04 11:34:09', 525),
(526, 0, 1, 1, 1, 1, 1, 0, '2018-06-04 11:34:09', '2018-06-04 11:34:09', 526),
(527, 0, 1, 1, 1, 1, 1, 0, '2018-06-04 11:34:09', '2018-06-04 11:34:09', 527),
(528, 0, 1, 1, 1, 1, 1, 0, '2018-06-04 11:34:09', '2018-06-04 11:34:09', 528),
(529, 0, 1, 1, 1, 1, 1, 0, '2018-06-04 11:34:09', '2018-06-04 11:34:09', 529),
(530, 0, 1, 1, 1, 1, 1, 0, '2018-06-04 11:34:09', '2018-06-04 11:34:09', 530),
(531, 0, 1, 1, 1, 1, 1, 0, '2018-06-04 11:34:09', '2018-06-04 11:34:09', 531),
(532, 0, 1, 1, 1, 1, 1, 0, '2018-06-04 11:34:09', '2018-06-04 11:34:09', 532),
(533, 0, 1, 1, 1, 1, 1, 0, '2018-06-04 11:34:09', '2018-06-04 11:34:09', 533),
(534, 0, 1, 1, 1, 1, 1, 0, '2018-06-04 11:34:09', '2018-06-04 11:34:09', 534),
(535, 0, 1, 1, 1, 1, 1, 0, '2018-06-04 11:34:09', '2018-06-04 11:34:09', 535),
(536, 0, 1, 1, 1, 1, 1, 0, '2018-06-04 11:34:09', '2018-06-04 11:34:09', 536),
(537, 0, 1, 1, 1, 1, 1, 0, '2018-06-04 11:34:09', '2018-06-04 11:34:09', 537),
(538, 0, 1, 1, 1, 1, 1, 0, '2018-06-04 11:34:09', '2018-06-04 11:34:09', 538),
(539, 0, 1, 1, 1, 1, 1, 0, '2018-06-04 11:34:09', '2018-06-04 11:34:09', 539),
(540, 0, 1, 1, 1, 1, 1, 0, '2018-06-04 11:34:09', '2018-06-04 11:34:09', 540),
(541, 0, 1, 1, 1, 1, 1, 0, '2018-06-04 11:34:09', '2018-06-04 11:34:09', 541),
(542, 0, 1, 1, 1, 1, 1, 0, '2018-06-04 11:34:09', '2018-06-04 11:34:09', 542),
(543, 0, 1, 1, 1, 1, 1, 0, '2018-06-04 11:34:09', '2018-06-04 11:34:09', 543),
(544, 0, 1, 1, 1, 1, 1, 0, '2018-06-04 11:34:09', '2018-06-04 11:34:09', 544),
(545, 0, 1, 1, 1, 1, 1, 0, '2018-06-04 11:34:09', '2018-06-04 11:34:09', 545),
(546, 0, 1, 1, 1, 1, 1, 0, '2018-06-04 11:34:09', '2018-06-04 11:34:09', 546),
(547, 0, 1, 1, 1, 1, 1, 0, '2018-06-04 11:34:09', '2018-06-04 11:34:09', 547),
(548, 0, 1, 1, 1, 1, 1, 0, '2018-06-04 11:34:09', '2018-06-04 11:34:09', 548),
(549, 0, 1, 1, 1, 1, 1, 0, '2018-06-04 11:34:09', '2018-06-04 11:34:09', 549),
(550, 0, 1, 1, 1, 1, 1, 0, '2018-06-04 11:34:09', '2018-06-04 11:34:09', 550),
(551, 0, 1, 1, 1, 1, 1, 0, '2018-06-04 11:34:09', '2018-06-04 11:34:09', 551),
(552, 0, 1, 1, 1, 1, 1, 0, '2018-06-04 11:34:09', '2018-06-04 11:34:09', 552),
(553, 0, 1, 1, 1, 1, 1, 0, '2018-06-04 11:34:09', '2018-06-04 11:34:09', 553),
(554, 0, 1, 1, 1, 1, 1, 0, '2018-06-04 11:34:09', '2018-06-04 11:34:09', 554),
(555, 0, 1, 1, 1, 1, 1, 0, '2018-06-04 11:34:09', '2018-06-04 11:34:09', 555),
(556, 0, 1, 1, 1, 1, 1, 0, '2018-06-04 11:34:09', '2018-06-04 11:34:09', 556),
(557, 0, 1, 1, 1, 1, 1, 0, '2018-06-04 11:34:09', '2018-06-04 11:34:09', 557),
(558, 0, 1, 1, 1, 1, 1, 0, '2018-06-04 11:34:09', '2018-06-04 11:34:09', 558),
(559, 0, 1, 1, 1, 1, 1, 0, '2018-06-04 11:34:09', '2018-06-04 11:34:09', 559),
(560, 0, 1, 1, 1, 1, 1, 0, '2018-06-04 11:34:09', '2018-06-04 11:34:09', 560),
(561, 0, 1, 1, 1, 1, 1, 0, '2018-06-04 11:34:09', '2018-06-04 11:34:09', 561),
(562, 0, 1, 1, 1, 1, 1, 0, '2018-06-04 11:34:09', '2018-06-04 11:34:09', 562),
(563, 0, 1, 1, 1, 1, 1, 0, '2018-06-04 11:34:09', '2018-06-04 11:34:09', 563),
(564, 0, 1, 1, 1, 1, 1, 0, '2018-06-04 11:34:09', '2018-06-04 11:34:09', 564),
(565, 0, 1, 1, 1, 1, 1, 0, '2018-06-04 11:34:09', '2018-06-04 11:34:09', 565),
(566, 0, 1, 1, 1, 1, 1, 0, '2018-06-04 11:34:09', '2018-06-04 11:34:09', 566),
(567, 0, 1, 1, 1, 1, 1, 0, '2018-06-04 11:34:09', '2018-06-04 11:34:09', 567),
(568, 0, 1, 1, 1, 1, 1, 0, '2018-06-04 11:34:09', '2018-06-04 11:34:09', 568),
(569, 0, 1, 1, 1, 1, 1, 0, '2018-06-04 11:34:09', '2018-06-04 11:34:09', 569),
(570, 0, 1, 1, 1, 1, 1, 0, '2018-06-04 11:34:09', '2018-06-04 11:34:09', 570),
(571, 0, 1, 1, 1, 1, 1, 0, '2018-06-04 11:34:09', '2018-06-04 11:34:09', 571),
(572, 0, 1, 1, 1, 1, 1, 0, '2018-06-04 11:34:09', '2018-06-04 11:34:09', 572),
(573, 0, 1, 1, 1, 1, 1, 0, '2018-06-04 11:34:09', '2018-06-04 11:34:09', 573),
(574, 0, 1, 1, 1, 1, 1, 0, '2018-06-04 11:34:09', '2018-06-04 11:34:09', 574),
(575, 0, 1, 1, 1, 1, 1, 0, '2018-06-04 11:34:09', '2018-06-04 11:34:09', 575),
(576, 0, 1, 1, 1, 1, 1, 0, '2018-06-04 11:34:09', '2018-06-04 11:34:09', 576),
(577, 0, 1, 1, 1, 1, 1, 0, '2018-06-04 11:34:09', '2018-06-04 11:34:09', 577),
(578, 0, 1, 1, 1, 1, 1, 0, '2018-06-04 11:34:09', '2018-06-04 11:34:09', 578),
(579, 0, 1, 1, 1, 1, 1, 0, '2018-06-04 11:34:09', '2018-06-04 11:34:09', 579),
(580, 0, 1, 1, 1, 1, 1, 0, '2018-06-04 11:34:09', '2018-06-04 11:34:09', 580),
(581, 0, 1, 1, 1, 1, 1, 0, '2018-06-04 11:34:09', '2018-06-04 11:34:09', 581),
(582, 0, 1, 1, 1, 1, 1, 0, '2018-06-04 11:34:09', '2018-06-04 11:34:09', 582),
(583, 0, 1, 1, 1, 1, 1, 0, '2018-06-04 11:34:09', '2018-06-04 11:34:09', 583),
(584, 0, 1, 1, 1, 1, 1, 0, '2018-06-04 11:34:09', '2018-06-04 11:34:09', 584),
(585, 0, 1, 1, 1, 1, 1, 0, '2018-06-04 11:34:09', '2018-06-04 11:34:09', 585),
(586, 0, 1, 1, 1, 1, 1, 0, '2018-06-04 11:34:09', '2018-06-04 11:34:09', 586),
(587, 0, 1, 1, 1, 1, 1, 0, '2018-06-04 11:34:09', '2018-06-04 11:34:09', 587),
(588, 0, 1, 1, 1, 1, 1, 0, '2018-06-04 11:34:09', '2018-06-04 11:34:09', 588),
(589, 0, 1, 1, 1, 1, 1, 0, '2018-06-04 11:34:09', '2018-06-04 11:34:09', 589),
(590, 0, 1, 1, 1, 1, 1, 0, '2018-06-04 11:34:09', '2018-06-04 11:34:09', 590),
(591, 0, 1, 1, 1, 1, 1, 0, '2018-06-04 11:34:09', '2018-06-04 11:34:09', 591),
(592, 0, 1, 1, 1, 1, 1, 0, '2018-06-04 11:34:09', '2018-06-04 11:34:09', 592),
(593, 0, 1, 1, 1, 1, 1, 0, '2018-06-04 11:34:09', '2018-06-04 11:34:09', 593),
(594, 0, 1, 1, 1, 1, 1, 0, '2018-06-04 11:34:09', '2018-06-04 11:34:09', 594),
(595, 0, 1, 1, 1, 1, 1, 0, '2018-06-04 11:34:09', '2018-06-04 11:34:09', 595),
(596, 0, 1, 1, 0, 1, 0, 0, '2018-06-04 11:34:09', '2018-06-04 11:34:09', 596),
(597, 0, 1, 1, 0, 1, 0, 0, '2018-06-04 11:34:09', '2018-06-04 11:34:09', 597),
(598, 0, 1, 1, 0, 1, 0, 0, '2018-06-04 11:34:09', '2018-06-04 11:34:09', 598),
(599, 0, 1, 1, 0, 1, 0, 0, '2018-06-04 11:34:09', '2018-06-04 11:34:09', 599),
(600, 0, 1, 1, 0, 1, 0, 0, '2018-06-04 11:34:09', '2018-06-04 11:34:09', 600),
(601, 0, 1, 1, 0, 1, 0, 0, '2018-06-04 11:34:09', '2018-06-04 11:34:09', 601),
(602, 0, 1, 1, 0, 1, 0, 0, '2018-06-04 11:34:09', '2018-06-04 11:34:09', 602),
(603, 0, 1, 1, 0, 1, 0, 0, '2018-06-04 11:34:09', '2018-06-04 11:34:09', 603),
(604, 0, 1, 1, 0, 1, 0, 0, '2018-06-04 11:34:09', '2018-06-04 11:34:09', 604),
(605, 0, 1, 1, 0, 1, 0, 0, '2018-06-04 11:34:09', '2018-06-04 11:34:09', 605),
(606, 0, 1, 1, 0, 1, 0, 0, '2018-06-04 11:34:09', '2018-06-04 11:34:09', 606),
(607, 0, 1, 1, 0, 1, 0, 0, '2018-06-04 11:34:09', '2018-06-04 11:34:09', 607),
(608, 0, 1, 1, 0, 1, 0, 0, '2018-06-04 11:34:09', '2018-06-04 11:34:09', 608),
(609, 0, 1, 1, 0, 1, 0, 0, '2018-06-04 11:34:09', '2018-06-04 11:34:09', 609),
(610, 0, 1, 1, 0, 1, 0, 0, '2018-06-04 11:34:09', '2018-06-04 11:34:09', 610),
(611, 0, 1, 1, 0, 1, 0, 0, '2018-06-04 11:34:09', '2018-06-04 11:34:09', 611),
(612, 0, 1, 1, 0, 1, 0, 0, '2018-06-04 11:34:09', '2018-06-04 11:34:09', 612),
(613, 0, 1, 1, 0, 1, 0, 0, '2018-06-04 11:34:09', '2018-06-04 11:34:09', 613),
(614, 0, 1, 1, 0, 1, 0, 0, '2018-06-04 11:34:09', '2018-06-04 11:34:09', 614),
(615, 0, 1, 1, 0, 1, 0, 0, '2018-06-04 11:34:09', '2018-06-04 11:34:09', 615),
(616, 0, 1, 1, 0, 1, 0, 0, '2018-06-04 11:34:09', '2018-06-04 11:34:09', 616),
(617, 0, 1, 1, 0, 1, 0, 0, '2018-06-04 11:34:09', '2018-06-04 11:34:09', 617),
(618, 0, 1, 1, 0, 1, 0, 0, '2018-06-04 11:34:09', '2018-06-04 11:34:09', 618),
(619, 0, 1, 1, 0, 1, 0, 0, '2018-06-04 11:34:09', '2018-06-04 11:34:09', 619),
(620, 0, 1, 1, 0, 1, 0, 0, '2018-06-04 11:34:09', '2018-06-04 11:34:09', 620),
(621, 0, 1, 1, 0, 1, 0, 0, '2018-06-04 11:34:09', '2018-06-04 11:34:09', 621),
(622, 0, 1, 1, 0, 1, 0, 0, '2018-06-04 11:34:09', '2018-06-04 11:34:09', 622),
(623, 0, 1, 1, 0, 1, 0, 0, '2018-06-04 11:34:09', '2018-06-04 11:34:09', 623),
(624, 0, 1, 1, 0, 1, 0, 0, '2018-06-04 11:34:09', '2018-06-04 11:34:09', 624),
(625, 0, 1, 1, 0, 1, 0, 0, '2018-06-04 11:34:09', '2018-06-04 11:34:09', 625),
(626, 0, 1, 1, 0, 1, 0, 0, '2018-06-04 11:34:09', '2018-06-04 11:34:09', 626),
(627, 0, 1, 1, 0, 1, 0, 0, '2018-06-04 11:34:09', '2018-06-04 11:34:09', 627),
(628, 0, 1, 1, 0, 1, 0, 0, '2018-06-04 11:34:09', '2018-06-04 11:34:09', 628),
(629, 0, 1, 1, 0, 1, 0, 0, '2018-06-04 11:34:09', '2018-06-04 11:34:09', 629),
(630, 0, 1, 0, 1, 1, 0, 0, '2018-06-04 11:34:09', '2018-06-04 11:34:09', 630),
(631, 0, 1, 0, 1, 1, 0, 0, '2018-06-04 11:34:09', '2018-06-04 11:34:09', 631),
(632, 0, 1, 0, 1, 1, 0, 0, '2018-06-04 11:34:09', '2018-06-04 11:34:09', 632),
(633, 0, 1, 0, 1, 1, 0, 0, '2018-06-04 11:34:09', '2018-06-04 11:34:09', 633),
(634, 0, 1, 0, 1, 1, 0, 0, '2018-06-04 11:34:09', '2018-06-04 11:34:09', 634),
(635, 0, 1, 0, 1, 1, 0, 0, '2018-06-04 11:34:09', '2018-06-04 11:34:09', 635),
(636, 0, 1, 0, 1, 1, 0, 0, '2018-06-04 11:34:09', '2018-06-04 11:34:09', 636),
(637, 0, 1, 0, 1, 1, 0, 0, '2018-06-04 11:34:09', '2018-06-04 11:34:09', 637),
(638, 0, 1, 0, 1, 1, 0, 0, '2018-06-04 11:34:09', '2018-06-04 11:34:09', 638),
(639, 0, 1, 0, 1, 1, 0, 0, '2018-06-04 11:34:09', '2018-06-04 11:34:09', 639),
(640, 0, 1, 0, 1, 1, 0, 0, '2018-06-04 11:34:09', '2018-06-04 11:34:09', 640),
(641, 0, 1, 0, 1, 1, 0, 0, '2018-06-04 11:34:09', '2018-06-04 11:34:09', 641),
(642, 0, 1, 0, 1, 1, 0, 0, '2018-06-04 11:34:09', '2018-06-04 11:34:09', 642),
(643, 0, 1, 0, 1, 1, 0, 0, '2018-06-04 11:34:09', '2018-06-04 11:34:09', 643),
(644, 0, 1, 0, 1, 1, 0, 0, '2018-06-04 11:34:09', '2018-06-04 11:34:09', 644),
(645, 0, 1, 0, 1, 1, 0, 0, '2018-06-04 11:34:09', '2018-06-04 11:34:09', 645),
(646, 0, 1, 0, 1, 1, 0, 0, '2018-06-04 11:34:09', '2018-06-04 11:34:09', 646),
(647, 0, 1, 0, 1, 1, 0, 0, '2018-06-04 11:34:09', '2018-06-04 11:34:09', 647),
(648, 0, 1, 0, 1, 1, 0, 0, '2018-06-04 11:34:09', '2018-06-04 11:34:09', 648),
(649, 0, 1, 0, 1, 1, 0, 0, '2018-06-04 11:34:09', '2018-06-04 11:34:09', 649),
(650, 0, 1, 0, 1, 1, 0, 0, '2018-06-04 11:34:09', '2018-06-04 11:34:09', 650);
INSERT INTO `lunch_patterns` (`id`, `sunday`, `monday`, `tuesday`, `wednesday`, `thursday`, `friday`, `saturday`, `created_at`, `updated_at`, `person_id`) VALUES
(651, 0, 1, 0, 1, 1, 0, 0, '2018-06-04 11:34:09', '2018-06-04 11:34:09', 651),
(652, 0, 1, 0, 1, 1, 0, 0, '2018-06-04 11:34:09', '2018-06-04 11:34:09', 652),
(653, 0, 1, 0, 1, 1, 0, 0, '2018-06-04 11:34:09', '2018-06-04 11:34:09', 653),
(654, 0, 1, 0, 1, 1, 0, 0, '2018-06-04 11:34:09', '2018-06-04 11:34:09', 654),
(655, 0, 1, 0, 1, 1, 0, 0, '2018-06-04 11:34:09', '2018-06-04 11:34:09', 655),
(656, 0, 1, 0, 1, 1, 0, 0, '2018-06-04 11:34:09', '2018-06-04 11:34:09', 656),
(657, 0, 1, 0, 1, 1, 0, 0, '2018-06-04 11:34:09', '2018-06-04 11:34:09', 657),
(658, 0, 1, 0, 1, 1, 0, 0, '2018-06-04 11:34:09', '2018-06-04 11:34:09', 658),
(659, 0, 1, 0, 1, 1, 0, 0, '2018-06-04 11:34:09', '2018-06-04 11:34:09', 659),
(660, 0, 1, 0, 1, 1, 0, 0, '2018-06-04 11:34:09', '2018-06-04 11:34:09', 660),
(661, 0, 1, 0, 1, 1, 0, 0, '2018-06-04 11:34:09', '2018-06-04 11:34:09', 661),
(662, 0, 1, 0, 1, 1, 0, 0, '2018-06-04 11:34:09', '2018-06-04 11:34:09', 662),
(663, 0, 1, 0, 1, 1, 0, 0, '2018-06-04 11:34:09', '2018-06-04 11:34:09', 663),
(664, 0, 1, 0, 1, 1, 0, 0, '2018-06-04 11:34:09', '2018-06-04 11:34:09', 664),
(665, 0, 1, 0, 1, 1, 0, 0, '2018-06-04 11:34:09', '2018-06-04 11:34:09', 665),
(666, 0, 1, 0, 1, 1, 0, 0, '2018-06-04 11:34:09', '2018-06-04 11:34:09', 666),
(667, 0, 1, 1, 0, 1, 0, 0, '2018-06-04 11:34:09', '2018-06-04 11:34:09', 667),
(668, 0, 1, 1, 0, 1, 0, 0, '2018-06-04 11:34:09', '2018-06-04 11:34:09', 668),
(669, 0, 1, 1, 0, 1, 0, 0, '2018-06-04 11:34:09', '2018-06-04 11:34:09', 669),
(670, 0, 1, 1, 0, 1, 0, 0, '2018-06-04 11:34:09', '2018-06-04 11:34:09', 670),
(671, 0, 1, 1, 0, 1, 0, 0, '2018-06-04 11:34:09', '2018-06-04 11:34:09', 671),
(672, 0, 1, 1, 0, 1, 0, 0, '2018-06-04 11:34:09', '2018-06-04 11:34:09', 672),
(673, 0, 1, 1, 0, 1, 0, 0, '2018-06-04 11:34:09', '2018-06-04 11:34:09', 673),
(674, 0, 1, 1, 0, 1, 0, 0, '2018-06-04 11:34:09', '2018-06-04 11:34:09', 674),
(675, 0, 1, 1, 0, 1, 0, 0, '2018-06-04 11:34:09', '2018-06-04 11:34:09', 675),
(676, 0, 1, 1, 0, 1, 0, 0, '2018-06-04 11:34:09', '2018-06-04 11:34:09', 676),
(677, 0, 1, 1, 0, 1, 0, 0, '2018-06-04 11:34:09', '2018-06-04 11:34:09', 677),
(678, 0, 1, 1, 0, 1, 0, 0, '2018-06-04 11:34:09', '2018-06-04 11:34:09', 678),
(679, 0, 1, 1, 0, 1, 0, 0, '2018-06-04 11:34:09', '2018-06-04 11:34:09', 679),
(680, 0, 1, 1, 0, 1, 0, 0, '2018-06-04 11:34:09', '2018-06-04 11:34:09', 680),
(681, 0, 1, 1, 0, 1, 0, 0, '2018-06-04 11:34:09', '2018-06-04 11:34:09', 681),
(682, 0, 1, 1, 0, 1, 0, 0, '2018-06-04 11:34:09', '2018-06-04 11:34:09', 682),
(683, 0, 1, 1, 0, 1, 0, 0, '2018-06-04 11:34:09', '2018-06-04 11:34:09', 683),
(684, 0, 1, 1, 0, 1, 0, 0, '2018-06-04 11:34:09', '2018-06-04 11:34:09', 684),
(685, 0, 1, 1, 0, 1, 0, 0, '2018-06-04 11:34:09', '2018-06-04 11:34:09', 685),
(686, 0, 1, 1, 0, 1, 0, 0, '2018-06-04 11:34:09', '2018-06-04 11:34:09', 686),
(687, 0, 1, 1, 0, 1, 0, 0, '2018-06-04 11:34:09', '2018-06-04 11:34:09', 687),
(688, 0, 1, 1, 0, 1, 0, 0, '2018-06-04 11:34:09', '2018-06-04 11:34:09', 688),
(689, 0, 1, 1, 0, 1, 0, 0, '2018-06-04 11:34:09', '2018-06-04 11:34:09', 689),
(690, 0, 1, 1, 0, 1, 0, 0, '2018-06-04 11:34:09', '2018-06-04 11:34:09', 690),
(691, 0, 1, 1, 0, 1, 0, 0, '2018-06-04 11:34:09', '2018-06-04 11:34:09', 691),
(692, 0, 1, 1, 0, 1, 0, 0, '2018-06-04 11:34:09', '2018-06-04 11:34:09', 692),
(693, 0, 1, 1, 0, 1, 0, 0, '2018-06-04 11:34:09', '2018-06-04 11:34:09', 693),
(694, 0, 1, 1, 0, 1, 0, 0, '2018-06-04 11:34:09', '2018-06-04 11:34:09', 694),
(695, 0, 1, 1, 0, 1, 0, 0, '2018-06-04 11:34:09', '2018-06-04 11:34:09', 695),
(696, 0, 1, 1, 0, 1, 0, 0, '2018-06-04 11:34:09', '2018-06-04 11:34:09', 696),
(697, 0, 1, 1, 0, 1, 0, 0, '2018-06-04 11:34:09', '2018-06-04 11:34:09', 697),
(698, 0, 1, 1, 0, 1, 0, 0, '2018-06-04 11:34:09', '2018-06-04 11:34:09', 698),
(699, 0, 1, 1, 0, 1, 0, 0, '2018-06-04 11:34:09', '2018-06-04 11:34:09', 699),
(700, 0, 1, 1, 0, 1, 0, 0, '2018-06-04 11:34:09', '2018-06-04 11:34:09', 700),
(701, 0, 1, 1, 0, 1, 0, 0, '2018-06-04 11:34:09', '2018-06-04 11:34:09', 701),
(702, 0, 1, 1, 0, 1, 0, 0, '2018-06-04 11:34:09', '2018-06-04 11:34:09', 702),
(703, 0, 1, 1, 0, 1, 0, 0, '2018-06-04 11:34:09', '2018-06-04 11:34:09', 703),
(704, 0, 1, 1, 0, 1, 0, 0, '2018-06-04 11:34:09', '2018-06-04 11:34:09', 704),
(705, 0, 1, 1, 0, 0, 0, 0, '2018-06-04 11:34:09', '2018-06-04 11:34:09', 705),
(706, 0, 1, 1, 0, 0, 0, 0, '2018-06-04 11:34:09', '2018-06-04 11:34:09', 706),
(707, 0, 1, 1, 0, 0, 0, 0, '2018-06-04 11:34:09', '2018-06-04 11:34:09', 707),
(708, 0, 1, 1, 0, 0, 0, 0, '2018-06-04 11:34:09', '2018-06-04 11:34:09', 708),
(709, 0, 1, 1, 0, 0, 0, 0, '2018-06-04 11:34:09', '2018-06-04 11:34:09', 709),
(710, 0, 1, 1, 0, 0, 0, 0, '2018-06-04 11:34:09', '2018-06-04 11:34:09', 710),
(711, 0, 1, 1, 0, 0, 0, 0, '2018-06-04 11:34:09', '2018-06-04 11:34:09', 711),
(712, 0, 1, 1, 0, 0, 0, 0, '2018-06-04 11:34:09', '2018-06-04 11:34:09', 712),
(713, 0, 1, 1, 0, 0, 0, 0, '2018-06-04 11:34:09', '2018-06-04 11:34:09', 713),
(714, 0, 1, 1, 0, 0, 0, 0, '2018-06-04 11:34:09', '2018-06-04 11:34:09', 714),
(715, 0, 1, 1, 0, 0, 0, 0, '2018-06-04 11:34:09', '2018-06-04 11:34:09', 715),
(716, 0, 1, 1, 0, 0, 0, 0, '2018-06-04 11:34:09', '2018-06-04 11:34:09', 716),
(717, 0, 1, 1, 0, 0, 0, 0, '2018-06-04 11:34:09', '2018-06-04 11:34:09', 717),
(718, 0, 1, 1, 0, 0, 0, 0, '2018-06-04 11:34:09', '2018-06-04 11:34:09', 718),
(719, 0, 1, 1, 0, 0, 0, 0, '2018-06-04 11:34:09', '2018-06-04 11:34:09', 719),
(720, 0, 1, 1, 0, 0, 0, 0, '2018-06-04 11:34:09', '2018-06-04 11:34:09', 720),
(721, 0, 1, 1, 0, 0, 0, 0, '2018-06-04 11:34:09', '2018-06-04 11:34:09', 721),
(722, 0, 1, 1, 0, 0, 0, 0, '2018-06-04 11:34:09', '2018-06-04 11:34:09', 722),
(723, 0, 1, 1, 0, 0, 0, 0, '2018-06-04 11:34:09', '2018-06-04 11:34:09', 723),
(724, 0, 1, 1, 0, 0, 0, 0, '2018-06-04 11:34:09', '2018-06-04 11:34:09', 724),
(725, 0, 1, 1, 0, 0, 0, 0, '2018-06-04 11:34:09', '2018-06-04 11:34:09', 725),
(726, 0, 1, 1, 0, 0, 0, 0, '2018-06-04 11:34:09', '2018-06-04 11:34:09', 726),
(727, 0, 1, 1, 0, 0, 0, 0, '2018-06-04 11:34:09', '2018-06-04 11:34:09', 727),
(728, 0, 1, 1, 0, 0, 0, 0, '2018-06-04 11:34:09', '2018-06-04 11:34:09', 728);

-- --------------------------------------------------------

--
-- Estrutura da tabela `migrations`
--

CREATE TABLE `migrations` (
  `id` int(10) UNSIGNED NOT NULL,
  `migration` varchar(255) COLLATE utf8_unicode_ci NOT NULL,
  `batch` int(11) NOT NULL
) ENGINE=InnoDB DEFAULT CHARSET=utf8 COLLATE=utf8_unicode_ci;

--
-- Extraindo dados da tabela `migrations`
--

INSERT INTO `migrations` (`id`, `migration`, `batch`) VALUES
(1, '2016_03_08_164317_create_users_table', 1),
(2, '2016_03_08_164400_create_password_resets_table', 1),
(3, '2018_05_09_092630_create_lunch_patterns_table', 2),
(4, '2018_05_09_092724_create_persons_table', 2),
(5, '2018_05_09_093317_create_enviroments_table', 2),
(6, '2018_05_09_093424_create_students_table', 2),
(7, '2018_05_09_094049_create_record_father_table', 2),
(8, '2018_05_09_094225_create_money_values_table', 2),
(9, '2018_05_09_094803_create_record_children_table', 2),
(10, '2018_05_09_162442_invert_person_and_pattern_realtionship', 2),
(11, '2018_05_09_163124_add_classroom_column_students', 2),
(12, '2018_05_09_163232_remove_name_column_students', 2),
(13, '2018_05_09_163758_add_default_photo_column_persons_table', 2),
(14, '2018_05_09_164316_classroom_column_nullable_students_table', 2),
(15, '2018_05_11_210011_remove_deleted_at_students_table', 2),
(16, '2018_05_11_210413_remove_classroom_column__students_table', 2),
(17, '2018_05_12_163454_change_money_values_table', 2),
(18, '2018_05_12_165907_set_enviroment_id_nullable_payment_types_table', 2),
(19, '2018_05_19_150540_create_dinner_patterns_table', 2),
(20, '2018_06_04_164254_delete_dinner_pattern_table', 3),
(21, '2018_06_05_142506_create_classes_table', 4),
(22, '2018_06_05_142859_assoc_students_table_classes_table', 4);

-- --------------------------------------------------------

--
-- Estrutura da tabela `password_resets`
--

CREATE TABLE `password_resets` (
  `email` varchar(255) COLLATE utf8_unicode_ci NOT NULL,
  `token` varchar(255) COLLATE utf8_unicode_ci NOT NULL,
  `created_at` timestamp NOT NULL DEFAULT CURRENT_TIMESTAMP ON UPDATE CURRENT_TIMESTAMP
) ENGINE=InnoDB DEFAULT CHARSET=utf8 COLLATE=utf8_unicode_ci;

-- --------------------------------------------------------

--
-- Estrutura da tabela `payment_types`
--

CREATE TABLE `payment_types` (
  `id` int(10) UNSIGNED NOT NULL,
  `value` double(8,2) NOT NULL,
  `created_at` timestamp NULL DEFAULT NULL,
  `updated_at` timestamp NULL DEFAULT NULL,
  `type` varchar(255) COLLATE utf8_unicode_ci NOT NULL,
  `enviroment_id` int(10) UNSIGNED DEFAULT NULL
) ENGINE=InnoDB DEFAULT CHARSET=utf8 COLLATE=utf8_unicode_ci;

--
-- Extraindo dados da tabela `payment_types`
--

INSERT INTO `payment_types` (`id`, `value`, `created_at`, `updated_at`, `type`, `enviroment_id`) VALUES
(1, 7.75, '2018-06-04 11:33:12', '2018-06-04 11:33:12', 'byEnviroment', 1),
(2, 7.75, '2018-06-04 11:33:12', '2018-06-04 11:33:12', 'byPerson', 1);

-- --------------------------------------------------------

--
-- Estrutura da tabela `persons`
--

CREATE TABLE `persons` (
  `id` int(10) UNSIGNED NOT NULL,
  `name` varchar(255) COLLATE utf8_unicode_ci NOT NULL,
  `photo` varchar(255) COLLATE utf8_unicode_ci DEFAULT 'qrcode',
  `created_at` timestamp NULL DEFAULT NULL,
  `updated_at` timestamp NULL DEFAULT NULL,
  `deleted_at` timestamp NULL DEFAULT NULL
) ENGINE=InnoDB DEFAULT CHARSET=utf8 COLLATE=utf8_unicode_ci;

--
-- Extraindo dados da tabela `persons`
--

INSERT INTO `persons` (`id`, `name`, `photo`, `created_at`, `updated_at`, `deleted_at`) VALUES
(1, 'Adriana Montibelli', 'qrcode', '2018-06-04 11:34:06', '2018-06-04 11:34:06', NULL),
(2, 'Amanda Dartora', 'qrcode', '2018-06-04 11:34:06', '2018-06-04 11:34:06', NULL),
(3, 'Andressa Oliveira Machado', 'qrcode', '2018-06-04 11:34:06', '2018-06-04 11:34:06', NULL),
(4, 'Breno Ferreira', 'qrcode', '2018-06-04 11:34:06', '2018-06-04 11:34:06', NULL),
(5, 'Bruna Da Costa Faenello', 'qrcode', '2018-06-04 11:34:06', '2018-06-04 11:34:06', NULL),
(6, 'Bruna Martins Germano', 'qrcode', '2018-06-04 11:34:06', '2018-06-04 11:34:06', NULL),
(7, 'Bruna Mifune Ribeiro', 'qrcode', '2018-06-04 11:34:06', '2018-06-04 11:34:06', NULL),
(8, 'Camilly Vitória Miranda De Oliveira', 'qrcode', '2018-06-04 11:34:06', '2018-06-04 11:34:06', NULL),
(9, 'Carla Beatriz Dias', 'qrcode', '2018-06-04 11:34:06', '2018-06-04 11:34:06', NULL),
(10, 'Carlos Cezar Borba Neto', 'qrcode', '2018-06-04 11:34:06', '2018-06-04 11:34:06', NULL),
(11, 'Cauan Rosa Bernardo', 'qrcode', '2018-06-04 11:34:06', '2018-06-04 11:34:06', NULL),
(12, 'Daphine Emanuelle Silveira', 'qrcode', '2018-06-04 11:34:06', '2018-06-04 11:34:06', NULL),
(13, 'Gabriel Flores Momm', 'qrcode', '2018-06-04 11:34:06', '2018-06-04 11:34:06', NULL),
(14, 'Gabriely Borges', 'qrcode', '2018-06-04 11:34:06', '2018-06-04 11:34:06', NULL),
(15, 'Helen Cristina Lembeck Maciel', 'qrcode', '2018-06-04 11:34:06', '2018-06-04 11:34:06', NULL),
(16, 'Jehnyffer Julia Bittelbrunn', 'qrcode', '2018-06-04 11:34:06', '2018-06-04 11:34:06', NULL),
(17, 'Jenifer Rodrigues Machado', 'qrcode', '2018-06-04 11:34:06', '2018-06-04 11:34:06', NULL),
(18, 'Jhonny Steffen', 'qrcode', '2018-06-04 11:34:06', '2018-06-04 11:34:06', NULL),
(19, 'Julia Ester Menegazzo', 'qrcode', '2018-06-04 11:34:06', '2018-06-04 11:34:06', NULL),
(20, 'Lais De Souza', 'qrcode', '2018-06-04 11:34:06', '2018-06-04 11:34:06', NULL),
(21, 'Larissa Nicole Germano Sacenti', 'qrcode', '2018-06-04 11:34:06', '2018-06-04 11:34:06', NULL),
(22, 'Lauro Jonas De Oliveira Junior', 'qrcode', '2018-06-04 11:34:06', '2018-06-04 11:34:06', NULL),
(23, 'Leandro Alexandre Lohn', 'qrcode', '2018-06-04 11:34:06', '2018-06-04 11:34:06', NULL),
(24, 'Lecian Mário Mutschaewski De Souza', 'qrcode', '2018-06-04 11:34:06', '2018-06-04 11:34:06', NULL),
(25, 'Luana Reinert de Souza', 'qrcode', '2018-06-04 11:34:06', '2018-06-04 11:34:06', NULL),
(26, 'Luca Carvalho Da Silva', 'qrcode', '2018-06-04 11:34:06', '2018-06-04 11:34:06', NULL),
(27, 'Luiza Eduarda Longarete da Silva', 'qrcode', '2018-06-04 11:34:06', '2018-06-04 11:34:06', NULL),
(28, 'Mahyara Luiza dos Santos', 'qrcode', '2018-06-04 11:34:06', '2018-06-04 11:34:06', NULL),
(29, 'Maria Eduarda Ramos Albano', 'qrcode', '2018-06-04 11:34:06', '2018-06-04 11:34:06', NULL),
(30, 'Maria Eduarda Vieira', 'qrcode', '2018-06-04 11:34:06', '2018-06-04 11:34:06', NULL),
(31, 'Mateus Henrique Múrias (RET)', 'qrcode', '2018-06-04 11:34:07', '2018-06-04 11:34:07', NULL),
(32, 'Nicolle da Roza Hasse', 'qrcode', '2018-06-04 11:34:07', '2018-06-04 11:34:07', NULL),
(33, 'Pablo Henrique Barbosa Carneiro', 'qrcode', '2018-06-04 11:34:07', '2018-06-04 11:34:07', NULL),
(34, 'Rabeche Nykole do Nascimento', 'qrcode', '2018-06-04 11:34:07', '2018-06-04 11:34:07', NULL),
(35, 'Rebeca Radke', 'qrcode', '2018-06-04 11:34:07', '2018-06-04 11:34:07', NULL),
(36, 'Thaysa Dalpiaz', 'qrcode', '2018-06-04 11:34:07', '2018-06-04 11:34:07', NULL),
(37, 'Vinicius Wilian Afelis Nardes', 'qrcode', '2018-06-04 11:34:07', '2018-06-04 11:34:07', NULL),
(38, 'Vitória Iradi Schmoller', 'qrcode', '2018-06-04 11:34:07', '2018-06-04 11:34:07', NULL),
(39, 'Wallace Camilo do Amarante', 'qrcode', '2018-06-04 11:34:07', '2018-06-04 11:34:07', NULL),
(40, 'Adilson Pavarin Júnior', 'qrcode', '2018-06-04 11:34:07', '2018-06-04 11:34:07', NULL),
(41, 'Adriano Nunes Da Silva', 'qrcode', '2018-06-04 11:34:07', '2018-06-04 11:34:07', NULL),
(42, 'Aimê Müller Correia Dos Santos', 'qrcode', '2018-06-04 11:34:07', '2018-06-04 11:34:07', NULL),
(43, 'Amabille Fagundes Osti', 'qrcode', '2018-06-04 11:34:07', '2018-06-04 11:34:07', NULL),
(44, 'Amanda Francine Janing', 'qrcode', '2018-06-04 11:34:07', '2018-06-04 11:34:07', NULL),
(45, 'Ana Paula Albrecht', 'qrcode', '2018-06-04 11:34:07', '2018-06-04 11:34:07', NULL),
(46, 'Andriléia Heiler', 'qrcode', '2018-06-04 11:34:07', '2018-06-04 11:34:07', NULL),
(47, 'Beatriz Adelia Vieira', 'qrcode', '2018-06-04 11:34:07', '2018-06-04 11:34:07', NULL),
(48, 'Bruna Löeffler', 'qrcode', '2018-06-04 11:34:07', '2018-06-04 11:34:07', NULL),
(49, 'Bruna Suelen Pereira', 'qrcode', '2018-06-04 11:34:07', '2018-06-04 11:34:07', NULL),
(50, 'Carlos Eduardo Ellmer', 'qrcode', '2018-06-04 11:34:07', '2018-06-04 11:34:07', NULL),
(51, 'Cintia Elen Nascimento Chaves', 'qrcode', '2018-06-04 11:34:07', '2018-06-04 11:34:07', NULL),
(52, 'Débora Cristina Dias', 'qrcode', '2018-06-04 11:34:07', '2018-06-04 11:34:07', NULL),
(53, 'Douglas Strey', 'qrcode', '2018-06-04 11:34:07', '2018-06-04 11:34:07', NULL),
(54, 'Ellen Krüger', 'qrcode', '2018-06-04 11:34:07', '2018-06-04 11:34:07', NULL),
(55, 'Gabriel Batistella De Espindola', 'qrcode', '2018-06-04 11:34:07', '2018-06-04 11:34:07', NULL),
(56, 'Gabriela Carara', 'qrcode', '2018-06-04 11:34:07', '2018-06-04 11:34:07', NULL),
(57, 'Giovana Eloisa Maia Soares', 'qrcode', '2018-06-04 11:34:07', '2018-06-04 11:34:07', NULL),
(58, 'Giovanna Fernandes', 'qrcode', '2018-06-04 11:34:07', '2018-06-04 11:34:07', NULL),
(59, 'Gisele De Brito Dos Santos', 'qrcode', '2018-06-04 11:34:07', '2018-06-04 11:34:07', NULL),
(60, 'Helena Freitas De Amaral', 'qrcode', '2018-06-04 11:34:07', '2018-06-04 11:34:07', NULL),
(61, 'Jéssica Siladji Maieski', 'qrcode', '2018-06-04 11:34:07', '2018-06-04 11:34:07', NULL),
(62, 'João Paulo Anastácio Porta', 'qrcode', '2018-06-04 11:34:07', '2018-06-04 11:34:07', NULL),
(63, 'Jordana Ferreira Justiniano de Souza', 'qrcode', '2018-06-04 11:34:07', '2018-06-04 11:34:07', NULL),
(64, 'Julia Pabst Anastácio', 'qrcode', '2018-06-04 11:34:07', '2018-06-04 11:34:07', NULL),
(65, 'Kelwyn Eduardo Silva Loos', 'qrcode', '2018-06-04 11:34:07', '2018-06-04 11:34:07', NULL),
(66, 'Khetlyn Silva Loos', 'qrcode', '2018-06-04 11:34:07', '2018-06-04 11:34:07', NULL),
(67, 'Laura Selner Brietzig', 'qrcode', '2018-06-04 11:34:07', '2018-06-04 11:34:07', NULL),
(68, 'Lucas Rafael Santana', 'qrcode', '2018-06-04 11:34:07', '2018-06-04 11:34:07', NULL),
(69, 'Maiara Lopes Toniote', 'qrcode', '2018-06-04 11:34:07', '2018-06-04 11:34:07', NULL),
(70, 'Marcos Tirone Kruger', 'qrcode', '2018-06-04 11:34:07', '2018-06-04 11:34:07', NULL),
(71, 'Maria Eduarda Dos Santos', 'qrcode', '2018-06-04 11:34:07', '2018-06-04 11:34:07', NULL),
(72, 'Marlon Marcelo Soares', 'qrcode', '2018-06-04 11:34:07', '2018-06-04 11:34:07', NULL),
(73, 'Melania Ligia Alves', 'qrcode', '2018-06-04 11:34:07', '2018-06-04 11:34:07', NULL),
(74, 'Ohana Cristina Da Silva', 'qrcode', '2018-06-04 11:34:07', '2018-06-04 11:34:07', NULL),
(75, 'Pamela Zelinda Prêmoli', 'qrcode', '2018-06-04 11:34:07', '2018-06-04 11:34:07', NULL),
(76, 'Peterson Gustavo Da Silva', 'qrcode', '2018-06-04 11:34:07', '2018-06-04 11:34:07', NULL),
(77, 'Ruan Monteiro Do Nascimento', 'qrcode', '2018-06-04 11:34:07', '2018-06-04 11:34:07', NULL),
(78, 'Thiago da Costa Paulina', 'qrcode', '2018-06-04 11:34:07', '2018-06-04 11:34:07', NULL),
(79, 'Weslei Fagundes', 'qrcode', '2018-06-04 11:34:07', '2018-06-04 11:34:07', NULL),
(80, 'Yasmin Hoffman', 'qrcode', '2018-06-04 11:34:07', '2018-06-04 11:34:07', NULL),
(81, 'Alisson Alvino Abreu', 'qrcode', '2018-06-04 11:34:07', '2018-06-04 11:34:07', NULL),
(82, 'Allan Nakalski', 'qrcode', '2018-06-04 11:34:07', '2018-06-04 11:34:07', NULL),
(83, 'Amanda Fátima Hostin', 'qrcode', '2018-06-04 11:34:07', '2018-06-04 11:34:07', NULL),
(84, 'Ana Heloisa Leonel Grecco', 'qrcode', '2018-06-04 11:34:07', '2018-06-04 11:34:07', NULL),
(85, 'Anamaia Demutris Miranda', 'qrcode', '2018-06-04 11:34:07', '2018-06-04 11:34:07', NULL),
(86, 'Andriele Adriane Mira', 'qrcode', '2018-06-04 11:34:07', '2018-06-04 11:34:07', NULL),
(87, 'Arthur Roque Funk', 'qrcode', '2018-06-04 11:34:07', '2018-06-04 11:34:07', NULL),
(88, 'Caroline De Souza Tobias', 'qrcode', '2018-06-04 11:34:07', '2018-06-04 11:34:07', NULL),
(89, 'Flavio Alberto Silveira', 'qrcode', '2018-06-04 11:34:07', '2018-06-04 11:34:07', NULL),
(90, 'Glória Emanuele Reis de Jesus', 'qrcode', '2018-06-04 11:34:07', '2018-06-04 11:34:07', NULL),
(91, 'Gracyele De Oliveira', 'qrcode', '2018-06-04 11:34:07', '2018-06-04 11:34:07', NULL),
(92, 'Heloisa Do Amaral Mafra', 'qrcode', '2018-06-04 11:34:07', '2018-06-04 11:34:07', NULL),
(93, 'João Luis Oliveira Tedesco', 'qrcode', '2018-06-04 11:34:07', '2018-06-04 11:34:07', NULL),
(94, 'João Victor Galvan', 'qrcode', '2018-06-04 11:34:07', '2018-06-04 11:34:07', NULL),
(95, 'Laiane Mariana de Paula Pitta', 'qrcode', '2018-06-04 11:34:07', '2018-06-04 11:34:07', NULL),
(96, 'Lais Soares Da Silva', 'qrcode', '2018-06-04 11:34:07', '2018-06-04 11:34:07', NULL),
(97, 'Louise Gabrielli Lourenço', 'qrcode', '2018-06-04 11:34:07', '2018-06-04 11:34:07', NULL),
(98, 'Luiza Antes De Salves', 'qrcode', '2018-06-04 11:34:07', '2018-06-04 11:34:07', NULL),
(99, 'Maisa Kraisch', 'qrcode', '2018-06-04 11:34:07', '2018-06-04 11:34:07', NULL),
(100, 'Manoela Hoffmann Luciano', 'qrcode', '2018-06-04 11:34:07', '2018-06-04 11:34:07', NULL),
(101, 'Marcela Souza Peres', 'qrcode', '2018-06-04 11:34:07', '2018-06-04 11:34:07', NULL),
(102, 'Maria Eduarda Da Silva Jaques', 'qrcode', '2018-06-04 11:34:07', '2018-06-04 11:34:07', NULL),
(103, 'Maria Eduarda Lóri Amorim dos Santos', 'qrcode', '2018-06-04 11:34:07', '2018-06-04 11:34:07', NULL),
(104, 'Maria Gabriella Delfino', 'qrcode', '2018-06-04 11:34:07', '2018-06-04 11:34:07', NULL),
(105, 'Mariana Schmitt De Oliveira', 'qrcode', '2018-06-04 11:34:07', '2018-06-04 11:34:07', NULL),
(106, 'Marina Peters Ruiz', 'qrcode', '2018-06-04 11:34:07', '2018-06-04 11:34:07', NULL),
(107, 'Mateus Reginaldo Sarmento Rodrigues', 'qrcode', '2018-06-04 11:34:07', '2018-06-04 11:34:07', NULL),
(108, 'Michele Malaquias da Costa', 'qrcode', '2018-06-04 11:34:07', '2018-06-04 11:34:07', NULL),
(109, 'Nathalia Eduarda Mayevski', 'qrcode', '2018-06-04 11:34:07', '2018-06-04 11:34:07', NULL),
(110, 'Nicolas De Goes Pereira', 'qrcode', '2018-06-04 11:34:07', '2018-06-04 11:34:07', NULL),
(111, 'Paulo Antonio Pereira Rodrigues Bezerra', 'qrcode', '2018-06-04 11:34:07', '2018-06-04 11:34:07', NULL),
(112, 'Rafaela Coelho', 'qrcode', '2018-06-04 11:34:07', '2018-06-04 11:34:07', NULL),
(113, 'Rodrigo de Oliveira', 'qrcode', '2018-06-04 11:34:07', '2018-06-04 11:34:07', NULL),
(114, 'Samantha Emiliana Spichak', 'qrcode', '2018-06-04 11:34:07', '2018-06-04 11:34:07', NULL),
(115, 'Talita Bruna De Freitas', 'qrcode', '2018-06-04 11:34:07', '2018-06-04 11:34:07', NULL),
(116, 'Taynara Martins', 'qrcode', '2018-06-04 11:34:07', '2018-06-04 11:34:07', NULL),
(117, 'Vitória Gabriele Rincawetscki De Santana', 'qrcode', '2018-06-04 11:34:07', '2018-06-04 11:34:07', NULL),
(118, 'Vitoria Oliveira Dos Santos', 'qrcode', '2018-06-04 11:34:07', '2018-06-04 11:34:07', NULL),
(119, 'Yasmin Soares Forte', 'qrcode', '2018-06-04 11:34:07', '2018-06-04 11:34:07', NULL),
(120, 'Alexia Carolina Cara', 'qrcode', '2018-06-04 11:34:07', '2018-06-04 11:34:07', NULL),
(121, 'Aramis Bruczeck Ruthes', 'qrcode', '2018-06-04 11:34:07', '2018-06-04 11:34:07', NULL),
(122, 'Bruna Vidal de Assis', 'qrcode', '2018-06-04 11:34:07', '2018-06-04 11:34:07', NULL),
(123, 'Bruno Cidral', 'qrcode', '2018-06-04 11:34:07', '2018-06-04 11:34:07', NULL),
(124, 'Camila Wensiboski da Costa', 'qrcode', '2018-06-04 11:34:07', '2018-06-04 11:34:07', NULL),
(125, 'Caroline Brunhorotto Vedoveto', 'qrcode', '2018-06-04 11:34:07', '2018-06-04 11:34:07', NULL),
(126, 'Daniel Willian Saibert de Almeida', 'qrcode', '2018-06-04 11:34:07', '2018-06-04 11:34:07', NULL),
(127, 'Ederson Havrelhuk', 'qrcode', '2018-06-04 11:34:07', '2018-06-04 11:34:07', NULL),
(128, 'Elora Cristina Beiler', 'qrcode', '2018-06-04 11:34:07', '2018-06-04 11:34:07', NULL),
(129, 'Emily Luana Deucher de Oliveira', 'qrcode', '2018-06-04 11:34:07', '2018-06-04 11:34:07', NULL),
(130, 'Fabio Rodrigues Machado Junior', 'qrcode', '2018-06-04 11:34:07', '2018-06-04 11:34:07', NULL),
(131, 'Gabriel Alves de Souza', 'qrcode', '2018-06-04 11:34:07', '2018-06-04 11:34:07', NULL),
(132, 'Geverson Schmedler', 'qrcode', '2018-06-04 11:34:07', '2018-06-04 11:34:07', NULL),
(133, 'Giovanna Paola Macedo Lindemann', 'qrcode', '2018-06-04 11:34:07', '2018-06-04 11:34:07', NULL),
(134, 'Gustavo Simas', 'qrcode', '2018-06-04 11:34:07', '2018-06-04 11:34:07', NULL),
(135, 'Helena Ruggeri Kutscher de Oliveira', 'qrcode', '2018-06-04 11:34:07', '2018-06-04 11:34:07', NULL),
(136, 'Heloísa Girardi Pereira', 'qrcode', '2018-06-04 11:34:07', '2018-06-04 11:34:07', NULL),
(137, 'Jéssica Quintino', 'qrcode', '2018-06-04 11:34:07', '2018-06-04 11:34:07', NULL),
(138, 'Joana Mari da Conceição', 'qrcode', '2018-06-04 11:34:07', '2018-06-04 11:34:07', NULL),
(139, 'João Victor Donida Furtado', 'qrcode', '2018-06-04 11:34:07', '2018-06-04 11:34:07', NULL),
(140, 'Julia Sofia da Conceição', 'qrcode', '2018-06-04 11:34:07', '2018-06-04 11:34:07', NULL),
(141, 'Lucas Francisco Olczyk', 'qrcode', '2018-06-04 11:34:07', '2018-06-04 11:34:07', NULL),
(142, 'Lucelia Vieira', 'qrcode', '2018-06-04 11:34:07', '2018-06-04 11:34:07', NULL),
(143, 'Maria Eduarda Lino', 'qrcode', '2018-06-04 11:34:07', '2018-06-04 11:34:07', NULL),
(144, 'Maria Eduarda Saramento', 'qrcode', '2018-06-04 11:34:07', '2018-06-04 11:34:07', NULL),
(145, 'Marina Cardoso Ocampo', 'qrcode', '2018-06-04 11:34:07', '2018-06-04 11:34:07', NULL),
(146, 'Richard Eduardo da Silveira', 'qrcode', '2018-06-04 11:34:07', '2018-06-04 11:34:07', NULL),
(147, 'Suzana Varela Bueno de Oliveira', 'qrcode', '2018-06-04 11:34:07', '2018-06-04 11:34:07', NULL),
(148, 'Victor Boldori Duarte', 'qrcode', '2018-06-04 11:34:07', '2018-06-04 11:34:07', NULL),
(149, 'Vivian Emanuelle Rocha', 'qrcode', '2018-06-04 11:34:07', '2018-06-04 11:34:07', NULL),
(150, 'Willian Urbanovicz', 'qrcode', '2018-06-04 11:34:07', '2018-06-04 11:34:07', NULL),
(151, 'Adrieli Cherpinski', 'qrcode', '2018-06-04 11:34:07', '2018-06-04 11:34:07', NULL),
(152, 'Ághata Emiliane Mazonas Coelho', 'qrcode', '2018-06-04 11:34:07', '2018-06-04 11:34:07', NULL),
(153, 'Allana Cristina Coppi', 'qrcode', '2018-06-04 11:34:07', '2018-06-04 11:34:07', NULL),
(154, 'Amanda Batista Schirmer', 'qrcode', '2018-06-04 11:34:07', '2018-06-04 11:34:07', NULL),
(155, 'Emanuela de Souza', 'qrcode', '2018-06-04 11:34:07', '2018-06-04 11:34:07', NULL),
(156, 'Fernanda Kohn', 'qrcode', '2018-06-04 11:34:07', '2018-06-04 11:34:07', NULL),
(157, 'Gabriela Inacio Giovanela', 'qrcode', '2018-06-04 11:34:07', '2018-06-04 11:34:07', NULL),
(158, 'Henrique Warmeling Benvenutti', 'qrcode', '2018-06-04 11:34:07', '2018-06-04 11:34:07', NULL),
(159, 'João Pedro Wilbert', 'qrcode', '2018-06-04 11:34:07', '2018-06-04 11:34:07', NULL),
(160, 'Larissa Mókfa Duarte', 'qrcode', '2018-06-04 11:34:07', '2018-06-04 11:34:07', NULL),
(161, 'Larissa Stockhausen', 'qrcode', '2018-06-04 11:34:07', '2018-06-04 11:34:07', NULL),
(162, 'Leonardo Cerchiari Vieira', 'qrcode', '2018-06-04 11:34:07', '2018-06-04 11:34:07', NULL),
(163, 'Leticia Vitória da Silva', 'qrcode', '2018-06-04 11:34:07', '2018-06-04 11:34:07', NULL),
(164, 'Lucas Lickfett Rodrigues', 'qrcode', '2018-06-04 11:34:07', '2018-06-04 11:34:07', NULL),
(165, 'Marcos Paulo Erhardt de Oliveira', 'qrcode', '2018-06-04 11:34:07', '2018-06-04 11:34:07', NULL),
(166, 'Maria Eduarda de Souza', 'qrcode', '2018-06-04 11:34:07', '2018-06-04 11:34:07', NULL),
(167, 'Maria Eduarda Jaques', 'qrcode', '2018-06-04 11:34:07', '2018-06-04 11:34:07', NULL),
(168, 'Michel Luís Rohr', 'qrcode', '2018-06-04 11:34:07', '2018-06-04 11:34:07', NULL),
(169, 'Miguel Thomasi Acórdi', 'qrcode', '2018-06-04 11:34:07', '2018-06-04 11:34:07', NULL),
(170, 'Morgana da Silva', 'qrcode', '2018-06-04 11:34:07', '2018-06-04 11:34:07', NULL),
(171, 'Nícolas Vieira Train', 'qrcode', '2018-06-04 11:34:07', '2018-06-04 11:34:07', NULL),
(172, 'Nicole Faust Felipe', 'qrcode', '2018-06-04 11:34:07', '2018-06-04 11:34:07', NULL),
(173, 'Nilo Ramos da Silva Neto', 'qrcode', '2018-06-04 11:34:07', '2018-06-04 11:34:07', NULL),
(174, 'Paola Vitória Bratti', 'qrcode', '2018-06-04 11:34:07', '2018-06-04 11:34:07', NULL),
(175, 'Thales Ruan Rodrigues', 'qrcode', '2018-06-04 11:34:07', '2018-06-04 11:34:07', NULL),
(176, 'Victoria Bueno Pires', 'qrcode', '2018-06-04 11:34:07', '2018-06-04 11:34:07', NULL),
(177, 'Vitória Cristina Fortunato', 'qrcode', '2018-06-04 11:34:07', '2018-06-04 11:34:07', NULL),
(178, 'Yasmim Diana Antunes', 'qrcode', '2018-06-04 11:34:07', '2018-06-04 11:34:07', NULL),
(179, 'Amanda Ferreira Hoepfner', 'qrcode', '2018-06-04 11:34:07', '2018-06-04 11:34:07', NULL),
(180, 'Angélica Francine da Silva', 'qrcode', '2018-06-04 11:34:07', '2018-06-04 11:34:07', NULL),
(181, 'Bruna do Amaral Zimmer', 'qrcode', '2018-06-04 11:34:07', '2018-06-04 11:34:07', NULL),
(182, 'Clara do Amaral Zimmer', 'qrcode', '2018-06-04 11:34:07', '2018-06-04 11:34:07', NULL),
(183, 'Diane Sabrina dos Santos', 'qrcode', '2018-06-04 11:34:07', '2018-06-04 11:34:07', NULL),
(184, 'Emanoele Nicóle Rosa', 'qrcode', '2018-06-04 11:34:07', '2018-06-04 11:34:07', NULL),
(185, 'Giovana Fagundes de Oliveira', 'qrcode', '2018-06-04 11:34:07', '2018-06-04 11:34:07', NULL),
(186, 'Henrique Luis Poncio da Silva', 'qrcode', '2018-06-04 11:34:07', '2018-06-04 11:34:07', NULL),
(187, 'Isabela Patricio Rodrigues', 'qrcode', '2018-06-04 11:34:07', '2018-06-04 11:34:07', NULL),
(188, 'Jennyfer Talita Schimanoski', 'qrcode', '2018-06-04 11:34:07', '2018-06-04 11:34:07', NULL),
(189, 'José Augusto Kamarowski', 'qrcode', '2018-06-04 11:34:07', '2018-06-04 11:34:07', NULL),
(190, 'Katia Benk Azevedo', 'qrcode', '2018-06-04 11:34:07', '2018-06-04 11:34:07', NULL),
(191, 'Lethicia Giese', 'qrcode', '2018-06-04 11:34:07', '2018-06-04 11:34:07', NULL),
(192, 'Letícia da Silva', 'qrcode', '2018-06-04 11:34:07', '2018-06-04 11:34:07', NULL),
(193, 'Lucas Rafael Kloczko', 'qrcode', '2018-06-04 11:34:07', '2018-06-04 11:34:07', NULL),
(194, 'Lucas Schmidt Maia', 'qrcode', '2018-06-04 11:34:07', '2018-06-04 11:34:07', NULL),
(195, 'Luciano Brüske Pinto Junior', 'qrcode', '2018-06-04 11:34:07', '2018-06-04 11:34:07', NULL),
(196, 'Maria Luiza Lana', 'qrcode', '2018-06-04 11:34:07', '2018-06-04 11:34:07', NULL),
(197, 'Mariah Mafra Vargas', 'qrcode', '2018-06-04 11:34:07', '2018-06-04 11:34:07', NULL),
(198, 'Mateus Pereira Jagielski', 'qrcode', '2018-06-04 11:34:07', '2018-06-04 11:34:07', NULL),
(199, 'Morgana Luiz de Oliveira', 'qrcode', '2018-06-04 11:34:07', '2018-06-04 11:34:07', NULL),
(200, 'Oberdan Moreira Felipe', 'qrcode', '2018-06-04 11:34:07', '2018-06-04 11:34:07', NULL),
(201, 'Pedro Santos Teixeira', 'qrcode', '2018-06-04 11:34:07', '2018-06-04 11:34:07', NULL),
(202, 'Rebéca Maria Sarmento', 'qrcode', '2018-06-04 11:34:07', '2018-06-04 11:34:07', NULL),
(203, 'Renan Carlos Rozin', 'qrcode', '2018-06-04 11:34:07', '2018-06-04 11:34:07', NULL),
(204, 'Ruan Gustavo Marcolino Rankel', 'qrcode', '2018-06-04 11:34:07', '2018-06-04 11:34:07', NULL),
(205, 'Samara Caroline Andrade', 'qrcode', '2018-06-04 11:34:07', '2018-06-04 11:34:07', NULL),
(206, 'Vítor Sorgetz da Silva', 'qrcode', '2018-06-04 11:34:07', '2018-06-04 11:34:07', NULL),
(207, 'Welliton Vieira Machado', 'qrcode', '2018-06-04 11:34:07', '2018-06-04 11:34:07', NULL),
(208, 'Amanda Cristhyne Senderski', 'qrcode', '2018-06-04 11:34:07', '2018-06-04 11:34:07', NULL),
(209, 'Angelo Antonio Cerchiari Vieira', 'qrcode', '2018-06-04 11:34:07', '2018-06-04 11:34:07', NULL),
(210, 'Anisio Sofiatti Neto', 'qrcode', '2018-06-04 11:34:07', '2018-06-04 11:34:07', NULL),
(211, 'Antonio Luiz Faruk de Souza', 'qrcode', '2018-06-04 11:34:07', '2018-06-04 11:34:07', NULL),
(212, 'Eduarda Boroski', 'qrcode', '2018-06-04 11:34:07', '2018-06-04 11:34:07', NULL),
(213, 'Eduardo Luis Alves de Jesus', 'qrcode', '2018-06-04 11:34:07', '2018-06-04 11:34:07', NULL),
(214, 'Evelyn Garcia Carvalho', 'qrcode', '2018-06-04 11:34:07', '2018-06-04 11:34:07', NULL),
(215, 'Fábio dos Santos da Silveira', 'qrcode', '2018-06-04 11:34:07', '2018-06-04 11:34:07', NULL),
(216, 'Gabriel Burg', 'qrcode', '2018-06-04 11:34:07', '2018-06-04 11:34:07', NULL),
(217, 'Gabriela Borges dos Santos', 'qrcode', '2018-06-04 11:34:07', '2018-06-04 11:34:07', NULL),
(218, 'Gerson Baiyer', 'qrcode', '2018-06-04 11:34:07', '2018-06-04 11:34:07', NULL),
(219, 'Graziélle Elias', 'qrcode', '2018-06-04 11:34:07', '2018-06-04 11:34:07', NULL),
(220, 'Guilherme Neitzel', 'qrcode', '2018-06-04 11:34:07', '2018-06-04 11:34:07', NULL),
(221, 'Isabela Leopoldo de Lima', 'qrcode', '2018-06-04 11:34:07', '2018-06-04 11:34:07', NULL),
(222, 'Jessica Luiza Tavares', 'qrcode', '2018-06-04 11:34:07', '2018-06-04 11:34:07', NULL),
(223, 'João Antonio Silvano', 'qrcode', '2018-06-04 11:34:07', '2018-06-04 11:34:07', NULL),
(224, 'João Gabriel da Silva', 'qrcode', '2018-06-04 11:34:07', '2018-06-04 11:34:07', NULL),
(225, 'Julia Delmonego Hess', 'qrcode', '2018-06-04 11:34:07', '2018-06-04 11:34:07', NULL),
(226, 'Julia Tavares', 'qrcode', '2018-06-04 11:34:07', '2018-06-04 11:34:07', NULL),
(227, 'Laís Becker Barbosa Lima', 'qrcode', '2018-06-04 11:34:07', '2018-06-04 11:34:07', NULL),
(228, 'Lucas Lehm Oliare', 'qrcode', '2018-06-04 11:34:07', '2018-06-04 11:34:07', NULL),
(229, 'Luiz Colzani Neto', 'qrcode', '2018-06-04 11:34:07', '2018-06-04 11:34:07', NULL),
(230, 'Maiara Kipfer Ximendes', 'qrcode', '2018-06-04 11:34:07', '2018-06-04 11:34:07', NULL),
(231, 'Marcus Vinicius de Souza Pereira', 'qrcode', '2018-06-04 11:34:07', '2018-06-04 11:34:07', NULL),
(232, 'Maria Eduarda Löffler', 'qrcode', '2018-06-04 11:34:07', '2018-06-04 11:34:07', NULL),
(233, 'Maria Eduarda Vieira', 'qrcode', '2018-06-04 11:34:07', '2018-06-04 11:34:07', NULL),
(234, 'Maria Rita Kupicki', 'qrcode', '2018-06-04 11:34:07', '2018-06-04 11:34:07', NULL),
(235, 'Maria Vitória Santos de Almeida', 'qrcode', '2018-06-04 11:34:07', '2018-06-04 11:34:07', NULL),
(236, 'Mariana Eduarda Nemer', 'qrcode', '2018-06-04 11:34:07', '2018-06-04 11:34:07', NULL),
(237, 'Poliana Kopitski', 'qrcode', '2018-06-04 11:34:07', '2018-06-04 11:34:07', NULL),
(238, 'Sabrina de Mello de Vargas', 'qrcode', '2018-06-04 11:34:07', '2018-06-04 11:34:07', NULL),
(239, 'Sarah Elizabeth Borba', 'qrcode', '2018-06-04 11:34:07', '2018-06-04 11:34:07', NULL),
(240, 'Tainá Costa Pacheco', 'qrcode', '2018-06-04 11:34:07', '2018-06-04 11:34:07', NULL),
(241, 'Vilmar Braz Junior', 'qrcode', '2018-06-04 11:34:07', '2018-06-04 11:34:07', NULL),
(242, 'Amanda Cristina Cunha', 'qrcode', '2018-06-04 11:34:07', '2018-06-04 11:34:07', NULL),
(243, 'Ana Carolina dos Santos', 'qrcode', '2018-06-04 11:34:07', '2018-06-04 11:34:07', NULL),
(244, 'Ana Luiza Luedke Barboza', 'qrcode', '2018-06-04 11:34:07', '2018-06-04 11:34:07', NULL),
(245, 'Anderson Dalfovo', 'qrcode', '2018-06-04 11:34:07', '2018-06-04 11:34:07', NULL),
(246, 'Antonio Henrique Gonçalves', 'qrcode', '2018-06-04 11:34:07', '2018-06-04 11:34:07', NULL),
(247, 'Brenda Warmeling Poffo', 'qrcode', '2018-06-04 11:34:07', '2018-06-04 11:34:07', NULL),
(248, 'Bruna Zimmermann Luiz', 'qrcode', '2018-06-04 11:34:07', '2018-06-04 11:34:07', NULL),
(249, 'Gabriel Decker', 'qrcode', '2018-06-04 11:34:07', '2018-06-04 11:34:07', NULL),
(250, 'Gabriel dos Santos Torres', 'qrcode', '2018-06-04 11:34:07', '2018-06-04 11:34:07', NULL),
(251, 'Geferson Bueno dos Santos', 'qrcode', '2018-06-04 11:34:07', '2018-06-04 11:34:07', NULL),
(252, 'Gustavo dos Santos Torres', 'qrcode', '2018-06-04 11:34:07', '2018-06-04 11:34:07', NULL),
(253, 'Igor Pfundner', 'qrcode', '2018-06-04 11:34:07', '2018-06-04 11:34:07', NULL),
(254, 'Jefrey Allan Heinrich', 'qrcode', '2018-06-04 11:34:07', '2018-06-04 11:34:07', NULL),
(255, 'Jéssica Parrado Wulf', 'qrcode', '2018-06-04 11:34:07', '2018-06-04 11:34:07', NULL),
(256, 'Larissa Nicole de Oliveira', 'qrcode', '2018-06-04 11:34:07', '2018-06-04 11:34:07', NULL),
(257, 'Leonardo Gonçalves de Souza', 'qrcode', '2018-06-04 11:34:07', '2018-06-04 11:34:07', NULL),
(258, 'Letícia Graudin Moreno', 'qrcode', '2018-06-04 11:34:07', '2018-06-04 11:34:07', NULL),
(259, 'Luan Marcel Weber', 'qrcode', '2018-06-04 11:34:07', '2018-06-04 11:34:07', NULL),
(260, 'Luana Cristina Stefanes', 'qrcode', '2018-06-04 11:34:07', '2018-06-04 11:34:07', NULL),
(261, 'Mateus de Souza', 'qrcode', '2018-06-04 11:34:07', '2018-06-04 11:34:07', NULL),
(262, 'Nathalia Isabela Corrente', 'qrcode', '2018-06-04 11:34:07', '2018-06-04 11:34:07', NULL),
(263, 'Poliana Carolina Pereira', 'qrcode', '2018-06-04 11:34:07', '2018-06-04 11:34:07', NULL),
(264, 'Steffani da Luz', 'qrcode', '2018-06-04 11:34:07', '2018-06-04 11:34:07', NULL),
(265, 'Vitória Gregianin', 'qrcode', '2018-06-04 11:34:07', '2018-06-04 11:34:07', NULL),
(266, 'Yasmin Juliana Kosmann Fritz', 'qrcode', '2018-06-04 11:34:07', '2018-06-04 11:34:07', NULL),
(267, 'Ana Livia Hille Alves', 'qrcode', '2018-06-04 11:34:07', '2018-06-04 11:34:07', NULL),
(268, 'Bárbara Carine da Silva Pinto', 'qrcode', '2018-06-04 11:34:07', '2018-06-04 11:34:07', NULL),
(269, 'Carlos Daniel Salvador', 'qrcode', '2018-06-04 11:34:07', '2018-06-04 11:34:07', NULL),
(270, 'Cleiton Gustavo Vargas', 'qrcode', '2018-06-04 11:34:07', '2018-06-04 11:34:07', NULL),
(271, 'Daiane de Oliveira', 'qrcode', '2018-06-04 11:34:07', '2018-06-04 11:34:07', NULL),
(272, 'Daniéli Broilo', 'qrcode', '2018-06-04 11:34:07', '2018-06-04 11:34:07', NULL),
(273, 'Elizabete Camargo da Rocha', 'qrcode', '2018-06-04 11:34:07', '2018-06-04 11:34:07', NULL),
(274, 'Emanuel de Almeida Teixeira', 'qrcode', '2018-06-04 11:34:07', '2018-06-04 11:34:07', NULL),
(275, 'Érika Paciello', 'qrcode', '2018-06-04 11:34:07', '2018-06-04 11:34:07', NULL),
(276, 'Fabiula Iracema Kühl de Freitas', 'qrcode', '2018-06-04 11:34:07', '2018-06-04 11:34:07', NULL),
(277, 'Gabrielle Cristine de Oliveira', 'qrcode', '2018-06-04 11:34:07', '2018-06-04 11:34:07', NULL),
(278, 'Gabrielly Clemente', 'qrcode', '2018-06-04 11:34:07', '2018-06-04 11:34:07', NULL),
(279, 'Geovana Fagundes de Almeida', 'qrcode', '2018-06-04 11:34:07', '2018-06-04 11:34:07', NULL),
(280, 'Graziane Machado', 'qrcode', '2018-06-04 11:34:07', '2018-06-04 11:34:07', NULL),
(281, 'Isabelli Fernandes de Lima', 'qrcode', '2018-06-04 11:34:07', '2018-06-04 11:34:07', NULL),
(282, 'Júlia Bez Batti Viana', 'qrcode', '2018-06-04 11:34:07', '2018-06-04 11:34:07', NULL),
(283, 'Julia Bloemer', 'qrcode', '2018-06-04 11:34:07', '2018-06-04 11:34:07', NULL),
(284, 'Juliana Rócio', 'qrcode', '2018-06-04 11:34:07', '2018-06-04 11:34:07', NULL),
(285, 'Karina da Costa Cidral', 'qrcode', '2018-06-04 11:34:08', '2018-06-04 11:34:08', NULL),
(286, 'Kauan Felipe Ivanchuk', 'qrcode', '2018-06-04 11:34:08', '2018-06-04 11:34:08', NULL),
(287, 'Marielle Ponath Scheple', 'qrcode', '2018-06-04 11:34:08', '2018-06-04 11:34:08', NULL),
(288, 'Milena Cristina da Maia', 'qrcode', '2018-06-04 11:34:08', '2018-06-04 11:34:08', NULL),
(289, 'Raul Carlos Camargo', 'qrcode', '2018-06-04 11:34:08', '2018-06-04 11:34:08', NULL),
(290, 'Rogério Luiz de Oliveira', 'qrcode', '2018-06-04 11:34:08', '2018-06-04 11:34:08', NULL),
(291, 'Rúbia Soares Duarte', 'qrcode', '2018-06-04 11:34:08', '2018-06-04 11:34:08', NULL),
(292, 'Talita Maiara Watzko', 'qrcode', '2018-06-04 11:34:08', '2018-06-04 11:34:08', NULL),
(293, 'Thayane Cristina de Braga', 'qrcode', '2018-06-04 11:34:08', '2018-06-04 11:34:08', NULL),
(294, 'Víctor dos Anjos Soares', 'qrcode', '2018-06-04 11:34:08', '2018-06-04 11:34:08', NULL),
(295, 'Vitória Maria da Conceição Maxiniano', 'qrcode', '2018-06-04 11:34:08', '2018-06-04 11:34:08', NULL),
(296, 'Amanda Miranda De Moraes', 'qrcode', '2018-06-04 11:34:08', '2018-06-04 11:34:08', NULL),
(297, 'Amaro Cunha Miguel', 'qrcode', '2018-06-04 11:34:08', '2018-06-04 11:34:08', NULL),
(298, 'Ana Clara Valentim', 'qrcode', '2018-06-04 11:34:08', '2018-06-04 11:34:08', NULL),
(299, 'Ana Mileny de Souza Félix', 'qrcode', '2018-06-04 11:34:08', '2018-06-04 11:34:08', NULL),
(300, 'Ana Paula Selhorst Vieira', 'qrcode', '2018-06-04 11:34:08', '2018-06-04 11:34:08', NULL),
(301, 'André Luiz Betti', 'qrcode', '2018-06-04 11:34:08', '2018-06-04 11:34:08', NULL),
(302, 'Carolina Rhuana Pontes', 'qrcode', '2018-06-04 11:34:08', '2018-06-04 11:34:08', NULL),
(303, 'Cassia Thayssa Serafim', 'qrcode', '2018-06-04 11:34:08', '2018-06-04 11:34:08', NULL),
(304, 'Cristian Prochnow', 'qrcode', '2018-06-04 11:34:08', '2018-06-04 11:34:08', NULL),
(305, 'Eduardo Onofre', 'qrcode', '2018-06-04 11:34:08', '2018-06-04 11:34:08', NULL),
(306, 'Erisson Campos', 'qrcode', '2018-06-04 11:34:08', '2018-06-04 11:34:08', NULL),
(307, 'Esdras de Alencar Pinto', 'qrcode', '2018-06-04 11:34:08', '2018-06-04 11:34:08', NULL),
(308, 'Felipe Batista Simas', 'qrcode', '2018-06-04 11:34:08', '2018-06-04 11:34:08', NULL),
(309, 'Giliardi Higor Dias', 'qrcode', '2018-06-04 11:34:08', '2018-06-04 11:34:08', NULL),
(310, 'Guilherme Ribeiro', 'qrcode', '2018-06-04 11:34:08', '2018-06-04 11:34:08', NULL),
(311, 'Gustavo Mueller  Keiser', 'qrcode', '2018-06-04 11:34:08', '2018-06-04 11:34:08', NULL),
(312, 'Igor Juan Ferreira', 'qrcode', '2018-06-04 11:34:08', '2018-06-04 11:34:08', NULL),
(313, 'Iuri Souza Fernandes', 'qrcode', '2018-06-04 11:34:08', '2018-06-04 11:34:08', NULL),
(314, 'Joseph Henrique De Lara Barreto', 'qrcode', '2018-06-04 11:34:08', '2018-06-04 11:34:08', NULL),
(315, 'Larissa Askel', 'qrcode', '2018-06-04 11:34:08', '2018-06-04 11:34:08', NULL),
(316, 'Leonardo Fransoze Soriani', 'qrcode', '2018-06-04 11:34:08', '2018-06-04 11:34:08', NULL),
(317, 'Leticia Silva Budal', 'qrcode', '2018-06-04 11:34:08', '2018-06-04 11:34:08', NULL),
(318, 'Luan Victor Correa Machado', 'qrcode', '2018-06-04 11:34:08', '2018-06-04 11:34:08', NULL),
(319, 'Lucas Alves Bessa', 'qrcode', '2018-06-04 11:34:08', '2018-06-04 11:34:08', NULL),
(320, 'Lucas Batista Simas', 'qrcode', '2018-06-04 11:34:08', '2018-06-04 11:34:08', NULL),
(321, 'Lucas Crescencio', 'qrcode', '2018-06-04 11:34:08', '2018-06-04 11:34:08', NULL),
(322, 'Lucas Matheus Weber', 'qrcode', '2018-06-04 11:34:08', '2018-06-04 11:34:08', NULL),
(323, 'Lucas Viana', 'qrcode', '2018-06-04 11:34:08', '2018-06-04 11:34:08', NULL),
(324, 'Maria Eduarda Da Silva', 'qrcode', '2018-06-04 11:34:08', '2018-06-04 11:34:08', NULL),
(325, 'Maria Eduarda De Fátima Silveira De Souza Bauer', 'qrcode', '2018-06-04 11:34:08', '2018-06-04 11:34:08', NULL),
(326, 'Matheus Vinícius Miranda Braz', 'qrcode', '2018-06-04 11:34:08', '2018-06-04 11:34:08', NULL),
(327, 'Maysa Eduarda Machado', 'qrcode', '2018-06-04 11:34:08', '2018-06-04 11:34:08', NULL),
(328, 'Nicole Gabriele Gomes', 'qrcode', '2018-06-04 11:34:08', '2018-06-04 11:34:08', NULL),
(329, 'Othavio Augusto Martello Souza', 'qrcode', '2018-06-04 11:34:08', '2018-06-04 11:34:08', NULL),
(330, 'Thiago Mosca', 'qrcode', '2018-06-04 11:34:08', '2018-06-04 11:34:08', NULL),
(331, 'Victor Hugo Schmidt', 'qrcode', '2018-06-04 11:34:08', '2018-06-04 11:34:08', NULL),
(332, 'Vinícius Gabriel Domaszak Maia', 'qrcode', '2018-06-04 11:34:08', '2018-06-04 11:34:08', NULL),
(333, 'Wesley Antunes Negretti', 'qrcode', '2018-06-04 11:34:08', '2018-06-04 11:34:08', NULL),
(334, 'Yasmin Devegili', 'qrcode', '2018-06-04 11:34:08', '2018-06-04 11:34:08', NULL),
(335, 'Alexandre Henrik Santos Monteiro', 'qrcode', '2018-06-04 11:34:08', '2018-06-04 11:34:08', NULL),
(336, 'Aline Luiza de Araújo', 'qrcode', '2018-06-04 11:34:08', '2018-06-04 11:34:08', NULL),
(337, 'Anderson Schmoeller Marcolino', 'qrcode', '2018-06-04 11:34:08', '2018-06-04 11:34:08', NULL),
(338, 'Breno Rezende', 'qrcode', '2018-06-04 11:34:08', '2018-06-04 11:34:08', NULL),
(339, 'Caroline Bertelli De Mello', 'qrcode', '2018-06-04 11:34:08', '2018-06-04 11:34:08', NULL),
(340, 'Cleiton Cesar Olszevski', 'qrcode', '2018-06-04 11:34:08', '2018-06-04 11:34:08', NULL),
(341, 'Fernanda Isabelle De Moura Voigt', 'qrcode', '2018-06-04 11:34:08', '2018-06-04 11:34:08', NULL),
(342, 'Gabriel de França dos Santos', 'qrcode', '2018-06-04 11:34:08', '2018-06-04 11:34:08', NULL),
(343, 'Gabrielli Leticia Pereira', 'qrcode', '2018-06-04 11:34:08', '2018-06-04 11:34:08', NULL),
(344, 'Giovanna de Moraes Lopes', 'qrcode', '2018-06-04 11:34:08', '2018-06-04 11:34:08', NULL),
(345, 'Guilherme Otto', 'qrcode', '2018-06-04 11:34:08', '2018-06-04 11:34:08', NULL),
(346, 'Gustavo Bruggmann Saturno', 'qrcode', '2018-06-04 11:34:08', '2018-06-04 11:34:08', NULL),
(347, 'Larissa Laffin Machado', 'qrcode', '2018-06-04 11:34:08', '2018-06-04 11:34:08', NULL),
(348, 'Laura Regis', 'qrcode', '2018-06-04 11:34:08', '2018-06-04 11:34:08', NULL),
(349, 'Leonardo Macedo', 'qrcode', '2018-06-04 11:34:08', '2018-06-04 11:34:08', NULL),
(350, 'Letícia Nürnberg Maria', 'qrcode', '2018-06-04 11:34:08', '2018-06-04 11:34:08', NULL),
(351, 'Lucas Gabriel Mira Alves', 'qrcode', '2018-06-04 11:34:08', '2018-06-04 11:34:08', NULL),
(352, 'Marcela Schmitz', 'qrcode', '2018-06-04 11:34:08', '2018-06-04 11:34:08', NULL),
(353, 'Maria Fernanda Poleza', 'qrcode', '2018-06-04 11:34:08', '2018-06-04 11:34:08', NULL),
(354, 'Mariana Micheluzzi', 'qrcode', '2018-06-04 11:34:08', '2018-06-04 11:34:08', NULL),
(355, 'Mateus Roberto Prehn', 'qrcode', '2018-06-04 11:34:08', '2018-06-04 11:34:08', NULL),
(356, 'Matheus Amaro Maciel', 'qrcode', '2018-06-04 11:34:08', '2018-06-04 11:34:08', NULL),
(357, 'Matheus Felipe Dos Santos', 'qrcode', '2018-06-04 11:34:08', '2018-06-04 11:34:08', NULL),
(358, 'Matheus Gattis', 'qrcode', '2018-06-04 11:34:08', '2018-06-04 11:34:08', NULL),
(359, 'Matheus Ogrodnik Barbosa', 'qrcode', '2018-06-04 11:34:08', '2018-06-04 11:34:08', NULL),
(360, 'Mosias Henrique Ferreira', 'qrcode', '2018-06-04 11:34:08', '2018-06-04 11:34:08', NULL),
(361, 'Murilo Vinicius Correa Da Rosa', 'qrcode', '2018-06-04 11:34:08', '2018-06-04 11:34:08', NULL),
(362, 'Olacir Furtado Filho', 'qrcode', '2018-06-04 11:34:08', '2018-06-04 11:34:08', NULL),
(363, 'Osmair Antonio Cercal Junior', 'qrcode', '2018-06-04 11:34:08', '2018-06-04 11:34:08', NULL),
(364, 'Paula Vitoria Cidral Maia', 'qrcode', '2018-06-04 11:34:08', '2018-06-04 11:34:08', NULL),
(365, 'Théo Athaide', 'qrcode', '2018-06-04 11:34:08', '2018-06-04 11:34:08', NULL),
(366, 'Thiago Henrique Hormann', 'qrcode', '2018-06-04 11:34:08', '2018-06-04 11:34:08', NULL),
(367, 'Valter De Menezes Coelho Da Silva', 'qrcode', '2018-06-04 11:34:08', '2018-06-04 11:34:08', NULL),
(368, 'Victor Alcenio Martins Loh', 'qrcode', '2018-06-04 11:34:08', '2018-06-04 11:34:08', NULL),
(369, 'Victória Lenuza Carvalho de Freitas', 'qrcode', '2018-06-04 11:34:08', '2018-06-04 11:34:08', NULL),
(370, 'Vitor do Nascimento', 'qrcode', '2018-06-04 11:34:08', '2018-06-04 11:34:08', NULL),
(371, 'Agatha Nisã Braz', 'qrcode', '2018-06-04 11:34:08', '2018-06-04 11:34:08', NULL),
(372, 'Ana Paula Brush', 'qrcode', '2018-06-04 11:34:08', '2018-06-04 11:34:08', NULL),
(373, 'Artur Faust Felipe', 'qrcode', '2018-06-04 11:34:08', '2018-06-04 11:34:08', NULL),
(374, 'Augusto Mafra Carvalho', 'qrcode', '2018-06-04 11:34:08', '2018-06-04 11:34:08', NULL),
(375, 'Carlos Roberto Alves', 'qrcode', '2018-06-04 11:34:08', '2018-06-04 11:34:08', NULL),
(376, 'Eduardo Henrique Schlickmann Felisbino', 'qrcode', '2018-06-04 11:34:08', '2018-06-04 11:34:08', NULL),
(377, 'Eduardo Luiz Marmentini', 'qrcode', '2018-06-04 11:34:08', '2018-06-04 11:34:08', NULL),
(378, 'Flavia Marcelino Teixeira', 'qrcode', '2018-06-04 11:34:08', '2018-06-04 11:34:08', NULL),
(379, 'Gabriela Alberti', 'qrcode', '2018-06-04 11:34:08', '2018-06-04 11:34:08', NULL),
(380, 'Gabriela Fogaça Brum', 'qrcode', '2018-06-04 11:34:08', '2018-06-04 11:34:08', NULL),
(381, 'Gianluca Starke', 'qrcode', '2018-06-04 11:34:08', '2018-06-04 11:34:08', NULL),
(382, 'Guilherme Vogt De Oliveira', 'qrcode', '2018-06-04 11:34:08', '2018-06-04 11:34:08', NULL),
(383, 'Hellen Cristiny Loffi', 'qrcode', '2018-06-04 11:34:08', '2018-06-04 11:34:08', NULL),
(384, 'Isadora Marutti Da Silva', 'qrcode', '2018-06-04 11:34:08', '2018-06-04 11:34:08', NULL),
(385, 'Jeniffer Anacleto Pereira', 'qrcode', '2018-06-04 11:34:08', '2018-06-04 11:34:08', NULL),
(386, 'João Da Silva Neto', 'qrcode', '2018-06-04 11:34:08', '2018-06-04 11:34:08', NULL),
(387, 'João Victor Xavier', 'qrcode', '2018-06-04 11:34:08', '2018-06-04 11:34:08', NULL),
(388, 'João Vitor Coêlho', 'qrcode', '2018-06-04 11:34:08', '2018-06-04 11:34:08', NULL),
(389, 'Luana Sabrina Moraes', 'qrcode', '2018-06-04 11:34:08', '2018-06-04 11:34:08', NULL),
(390, 'Lucas Eduardo Vollmann Monteiro', 'qrcode', '2018-06-04 11:34:08', '2018-06-04 11:34:08', NULL),
(391, 'Lucas Ziemann Ferreira', 'qrcode', '2018-06-04 11:34:08', '2018-06-04 11:34:08', NULL),
(392, 'Marcelo Gabriel Santos Monteiro', 'qrcode', '2018-06-04 11:34:08', '2018-06-04 11:34:08', NULL),
(393, 'Marcos Alexandre Soldati Quandt', 'qrcode', '2018-06-04 11:34:08', '2018-06-04 11:34:08', NULL),
(394, 'Marcus Vinícius Da Costa Graciano', 'qrcode', '2018-06-04 11:34:08', '2018-06-04 11:34:08', NULL),
(395, 'Maria Eduarda Petrich Da Silva', 'qrcode', '2018-06-04 11:34:08', '2018-06-04 11:34:08', NULL),
(396, 'Marlon Azevedo', 'qrcode', '2018-06-04 11:34:08', '2018-06-04 11:34:08', NULL),
(397, 'Mateus de Jesus', 'qrcode', '2018-06-04 11:34:08', '2018-06-04 11:34:08', NULL),
(398, 'Matheus Sodre Marcos', 'qrcode', '2018-06-04 11:34:08', '2018-06-04 11:34:08', NULL),
(399, 'Mauricio dos Santos Cardoso', 'qrcode', '2018-06-04 11:34:08', '2018-06-04 11:34:08', NULL),
(400, 'Myllena Dias De Oliveira', 'qrcode', '2018-06-04 11:34:08', '2018-06-04 11:34:08', NULL),
(401, 'Paulo Henrique De Araujo Costa', 'qrcode', '2018-06-04 11:34:08', '2018-06-04 11:34:08', NULL),
(402, 'Pietra Bonfim Rezende', 'qrcode', '2018-06-04 11:34:08', '2018-06-04 11:34:08', NULL),
(403, 'Pietro Flemming', 'qrcode', '2018-06-04 11:34:08', '2018-06-04 11:34:08', NULL),
(404, 'Renan Silva Cardoso', 'qrcode', '2018-06-04 11:34:08', '2018-06-04 11:34:08', NULL),
(405, 'Rodrigo Batista Pereira', 'qrcode', '2018-06-04 11:34:08', '2018-06-04 11:34:08', NULL),
(406, 'Victor Alexandre Scheller Inácio', 'qrcode', '2018-06-04 11:34:08', '2018-06-04 11:34:08', NULL),
(407, 'Vinícius Garcia Uliano', 'qrcode', '2018-06-04 11:34:08', '2018-06-04 11:34:08', NULL),
(408, 'Vívian Calegarim', 'qrcode', '2018-06-04 11:34:08', '2018-06-04 11:34:08', NULL),
(409, 'André Felipe Fuck', 'qrcode', '2018-06-04 11:34:08', '2018-06-04 11:34:08', NULL),
(410, 'André Luiz de Souza', 'qrcode', '2018-06-04 11:34:08', '2018-06-04 11:34:08', NULL),
(411, 'Camile Victoria Pohlmann', 'qrcode', '2018-06-04 11:34:08', '2018-06-04 11:34:08', NULL),
(412, 'Claudio Alino Volkmer Filho', 'qrcode', '2018-06-04 11:34:08', '2018-06-04 11:34:08', NULL),
(413, 'Daniela Buzzi', 'qrcode', '2018-06-04 11:34:08', '2018-06-04 11:34:08', NULL),
(414, 'Dhiego Henrique Azevedo Borba', 'qrcode', '2018-06-04 11:34:08', '2018-06-04 11:34:08', NULL),
(415, 'Eduardo Maia Pereira de Souza', 'qrcode', '2018-06-04 11:34:08', '2018-06-04 11:34:08', NULL),
(416, 'Eloy Borowiak', 'qrcode', '2018-06-04 11:34:08', '2018-06-04 11:34:08', NULL),
(417, 'Francieli da Rosa', 'qrcode', '2018-06-04 11:34:08', '2018-06-04 11:34:08', NULL),
(418, 'Gabriel do Rosario', 'qrcode', '2018-06-04 11:34:08', '2018-06-04 11:34:08', NULL),
(419, 'Gabriel Marcellino', 'qrcode', '2018-06-04 11:34:08', '2018-06-04 11:34:08', NULL),
(420, 'Gabrielle de Oliveira', 'qrcode', '2018-06-04 11:34:08', '2018-06-04 11:34:08', NULL),
(421, 'Giovani Migliorini', 'qrcode', '2018-06-04 11:34:08', '2018-06-04 11:34:08', NULL),
(422, 'Guilherme Lamin', 'qrcode', '2018-06-04 11:34:08', '2018-06-04 11:34:08', NULL),
(423, 'Guilherme Ronchi Razzini', 'qrcode', '2018-06-04 11:34:08', '2018-06-04 11:34:08', NULL),
(424, 'Guilherme Train', 'qrcode', '2018-06-04 11:34:08', '2018-06-04 11:34:08', NULL),
(425, 'Gustavo Bonifacio Conceição', 'qrcode', '2018-06-04 11:34:08', '2018-06-04 11:34:08', NULL),
(426, 'Gustavo José Baierski', 'qrcode', '2018-06-04 11:34:08', '2018-06-04 11:34:08', NULL),
(427, 'Hiliana Toni', 'qrcode', '2018-06-04 11:34:08', '2018-06-04 11:34:08', NULL),
(428, 'Jenifer Gabriele dos Santos', 'qrcode', '2018-06-04 11:34:08', '2018-06-04 11:34:08', NULL),
(429, 'Lara Fernanda Gastaldi', 'qrcode', '2018-06-04 11:34:08', '2018-06-04 11:34:08', NULL),
(430, 'Luã Felipe Soares', 'qrcode', '2018-06-04 11:34:08', '2018-06-04 11:34:08', NULL),
(431, 'Matheus Eduardo dos Santos', 'qrcode', '2018-06-04 11:34:08', '2018-06-04 11:34:08', NULL),
(432, 'Mirian Luiza da Costa', 'qrcode', '2018-06-04 11:34:08', '2018-06-04 11:34:08', NULL),
(433, 'Nicoly Bambinetti', 'qrcode', '2018-06-04 11:34:08', '2018-06-04 11:34:08', NULL),
(434, 'Pedro Antônio dos Santos', 'qrcode', '2018-06-04 11:34:08', '2018-06-04 11:34:08', NULL),
(435, 'Rafael Corrêa', 'qrcode', '2018-06-04 11:34:08', '2018-06-04 11:34:08', NULL),
(436, 'Roberth Willyan Cardoso dos Santos', 'qrcode', '2018-06-04 11:34:08', '2018-06-04 11:34:08', NULL),
(437, 'Ruan da Cunha Isabel', 'qrcode', '2018-06-04 11:34:08', '2018-06-04 11:34:08', NULL),
(438, 'Thaynara Caroline Bacca dos Passos', 'qrcode', '2018-06-04 11:34:08', '2018-06-04 11:34:08', NULL),
(439, 'Vagner Cardozo de Almeida', 'qrcode', '2018-06-04 11:34:08', '2018-06-04 11:34:08', NULL),
(440, 'Vanessa Sipriani', 'qrcode', '2018-06-04 11:34:08', '2018-06-04 11:34:08', NULL),
(441, 'Vinícius Acordi Soethe', 'qrcode', '2018-06-04 11:34:08', '2018-06-04 11:34:08', NULL),
(442, 'Wellington Fabiano Rudiger', 'qrcode', '2018-06-04 11:34:08', '2018-06-04 11:34:08', NULL),
(443, 'Amábile Kniss', 'qrcode', '2018-06-04 11:34:08', '2018-06-04 11:34:08', NULL),
(444, 'André Luiz de Oliveira', 'qrcode', '2018-06-04 11:34:08', '2018-06-04 11:34:08', NULL),
(445, 'Anna Francine Molinari de Morais', 'qrcode', '2018-06-04 11:34:08', '2018-06-04 11:34:08', NULL),
(446, 'Bernardo Regis Rodrigues Vaz Teixeira', 'qrcode', '2018-06-04 11:34:08', '2018-06-04 11:34:08', NULL),
(447, 'Bianca Victória Leithold de Oliveira', 'qrcode', '2018-06-04 11:34:08', '2018-06-04 11:34:08', NULL),
(448, 'Brenon Paul', 'qrcode', '2018-06-04 11:34:08', '2018-06-04 11:34:08', NULL),
(449, 'Bruno Luiz Fhynbeen da Silva', 'qrcode', '2018-06-04 11:34:08', '2018-06-04 11:34:08', NULL),
(450, 'Daniel Keiser Strey', 'qrcode', '2018-06-04 11:34:08', '2018-06-04 11:34:08', NULL),
(451, 'Débora Steffen', 'qrcode', '2018-06-04 11:34:08', '2018-06-04 11:34:08', NULL),
(452, 'Eduardo Carneiro de Souza', 'qrcode', '2018-06-04 11:34:08', '2018-06-04 11:34:08', NULL),
(453, 'Elizabeth Antunes da Silva', 'qrcode', '2018-06-04 11:34:08', '2018-06-04 11:34:08', NULL),
(454, 'Felipe Furtado Róza', 'qrcode', '2018-06-04 11:34:08', '2018-06-04 11:34:08', NULL),
(455, 'Gabriel Báo de Oliveira', 'qrcode', '2018-06-04 11:34:08', '2018-06-04 11:34:08', NULL),
(456, 'Gabriel Luiz Fagundes', 'qrcode', '2018-06-04 11:34:08', '2018-06-04 11:34:08', NULL),
(457, 'Gilberto Zanella Filho', 'qrcode', '2018-06-04 11:34:08', '2018-06-04 11:34:08', NULL),
(458, 'Guilherme Luis da Silva Sagave', 'qrcode', '2018-06-04 11:34:08', '2018-06-04 11:34:08', NULL),
(459, 'Iris Mebs Moraes', 'qrcode', '2018-06-04 11:34:08', '2018-06-04 11:34:08', NULL),
(460, 'João Pedro de Aguiar da Conceição', 'qrcode', '2018-06-04 11:34:08', '2018-06-04 11:34:08', NULL),
(461, 'João Vinícius Rocha Nunes', 'qrcode', '2018-06-04 11:34:08', '2018-06-04 11:34:08', NULL),
(462, 'Júlia Biff', 'qrcode', '2018-06-04 11:34:08', '2018-06-04 11:34:08', NULL),
(463, 'Julio Cezar da Cunha', 'qrcode', '2018-06-04 11:34:08', '2018-06-04 11:34:08', NULL),
(464, 'Karen Cristina Fernandes', 'qrcode', '2018-06-04 11:34:08', '2018-06-04 11:34:08', NULL),
(465, 'Leticia dos Santos', 'qrcode', '2018-06-04 11:34:08', '2018-06-04 11:34:08', NULL),
(466, 'Lourdes Hellen Catini de Oliveira (RET) -', 'qrcode', '2018-06-04 11:34:08', '2018-06-04 11:34:08', NULL),
(467, 'Matheus Daniel de Macedo Rosa', 'qrcode', '2018-06-04 11:34:08', '2018-06-04 11:34:08', NULL),
(468, 'Melissa Krishina Miranda', 'qrcode', '2018-06-04 11:34:08', '2018-06-04 11:34:08', NULL),
(469, 'Michael Sebastian Kühl Monteiro', 'qrcode', '2018-06-04 11:34:08', '2018-06-04 11:34:08', NULL),
(470, 'Natália Dellandrea', 'qrcode', '2018-06-04 11:34:08', '2018-06-04 11:34:08', NULL),
(471, 'Pamela Quint', 'qrcode', '2018-06-04 11:34:08', '2018-06-04 11:34:08', NULL),
(472, 'Rodrigo da Silva Iaguczeski', 'qrcode', '2018-06-04 11:34:08', '2018-06-04 11:34:08', NULL),
(473, 'Rulian Carlo Farias', 'qrcode', '2018-06-04 11:34:08', '2018-06-04 11:34:08', NULL),
(474, 'Sabrina Vargas', 'qrcode', '2018-06-04 11:34:08', '2018-06-04 11:34:08', NULL),
(475, 'Vinícius dos Santos de Oliveira', 'qrcode', '2018-06-04 11:34:08', '2018-06-04 11:34:08', NULL),
(476, 'Vinicius Monteiro Consenso', 'qrcode', '2018-06-04 11:34:08', '2018-06-04 11:34:08', NULL),
(477, 'Wallace Pedro Rosa', 'qrcode', '2018-06-04 11:34:08', '2018-06-04 11:34:08', NULL),
(478, 'Willian José Rosa', 'qrcode', '2018-06-04 11:34:08', '2018-06-04 11:34:08', NULL),
(479, 'Willian Kamke da Silva', 'qrcode', '2018-06-04 11:34:08', '2018-06-04 11:34:08', NULL),
(480, 'Yara Carolina Bilk Schmitz', 'qrcode', '2018-06-04 11:34:08', '2018-06-04 11:34:08', NULL),
(481, 'Aline Cardoso Alexandre', 'qrcode', '2018-06-04 11:34:08', '2018-06-04 11:34:08', NULL),
(482, 'Aline Soster', 'qrcode', '2018-06-04 11:34:08', '2018-06-04 11:34:08', NULL),
(483, 'Bruno Anderson Brieman', 'qrcode', '2018-06-04 11:34:08', '2018-06-04 11:34:08', NULL),
(484, 'Bruno de Almeida Teixeira', 'qrcode', '2018-06-04 11:34:08', '2018-06-04 11:34:08', NULL),
(485, 'Clara Souza de Jesus', 'qrcode', '2018-06-04 11:34:08', '2018-06-04 11:34:08', NULL),
(486, 'Dimitri Miranda', 'qrcode', '2018-06-04 11:34:08', '2018-06-04 11:34:08', NULL),
(487, 'Djhonattan Luan Garcia', 'qrcode', '2018-06-04 11:34:08', '2018-06-04 11:34:08', NULL),
(488, 'Eduarda Karoline Maia', 'qrcode', '2018-06-04 11:34:08', '2018-06-04 11:34:08', NULL),
(489, 'Elisa Fusinato', 'qrcode', '2018-06-04 11:34:08', '2018-06-04 11:34:08', NULL),
(490, 'Felipe Passig Coscodai', 'qrcode', '2018-06-04 11:34:08', '2018-06-04 11:34:08', NULL),
(491, 'Gabrielle Vitória Dannebrock Lemke', 'qrcode', '2018-06-04 11:34:08', '2018-06-04 11:34:08', NULL),
(492, 'Gustavo Flôr', 'qrcode', '2018-06-04 11:34:08', '2018-06-04 11:34:08', NULL),
(493, 'João Lucas Cardoso da Silva', 'qrcode', '2018-06-04 11:34:08', '2018-06-04 11:34:08', NULL),
(494, 'John Víctor dos Reis Pereira', 'qrcode', '2018-06-04 11:34:08', '2018-06-04 11:34:08', NULL),
(495, 'Júlia Rayssa Hintz', 'qrcode', '2018-06-04 11:34:08', '2018-06-04 11:34:08', NULL),
(496, 'Laíza Casagrande', 'qrcode', '2018-06-04 11:34:08', '2018-06-04 11:34:08', NULL),
(497, 'Laryssa Jungton Sarti', 'qrcode', '2018-06-04 11:34:08', '2018-06-04 11:34:08', NULL),
(498, 'Leonardo Pinheiro Amaral Almeida Santos', 'qrcode', '2018-06-04 11:34:08', '2018-06-04 11:34:08', NULL),
(499, 'Letícia Helen de Sousa', 'qrcode', '2018-06-04 11:34:08', '2018-06-04 11:34:08', NULL),
(500, 'Luiza Farias', 'qrcode', '2018-06-04 11:34:08', '2018-06-04 11:34:08', NULL),
(501, 'Mateus Manoel Cardoso', 'qrcode', '2018-06-04 11:34:08', '2018-06-04 11:34:08', NULL),
(502, 'Matheus Henrique Quintino', 'qrcode', '2018-06-04 11:34:08', '2018-06-04 11:34:08', NULL),
(503, 'Matheus Rodrigues da Silva', 'qrcode', '2018-06-04 11:34:08', '2018-06-04 11:34:08', NULL),
(504, 'Pedro Augusto Canteli', 'qrcode', '2018-06-04 11:34:08', '2018-06-04 11:34:08', NULL),
(505, 'Pedro Fellipe Roque Machado', 'qrcode', '2018-06-04 11:34:08', '2018-06-04 11:34:08', NULL),
(506, 'Pedro Gabriel Gabiatti Guardini', 'qrcode', '2018-06-04 11:34:08', '2018-06-04 11:34:08', NULL),
(507, 'Pedro Henrique Sumik', 'qrcode', '2018-06-04 11:34:08', '2018-06-04 11:34:08', NULL),
(508, 'Rafael Henrique Sell', 'qrcode', '2018-06-04 11:34:08', '2018-06-04 11:34:08', NULL),
(509, 'Tuane Ronchi', 'qrcode', '2018-06-04 11:34:08', '2018-06-04 11:34:08', NULL),
(510, 'Victor Hugo Azevedo Nass', 'qrcode', '2018-06-04 11:34:08', '2018-06-04 11:34:08', NULL),
(511, 'Walace Maia', 'qrcode', '2018-06-04 11:34:08', '2018-06-04 11:34:08', NULL),
(512, 'Adram Adonai Tschá', 'qrcode', '2018-06-04 11:34:08', '2018-06-04 11:34:08', NULL),
(513, 'André Luiz Pacheco da Costa', 'qrcode', '2018-06-04 11:34:08', '2018-06-04 11:34:08', NULL),
(514, 'Andriele Cristina Vogel', 'qrcode', '2018-06-04 11:34:08', '2018-06-04 11:34:08', NULL),
(515, 'Asaph Varela da Silva', 'qrcode', '2018-06-04 11:34:08', '2018-06-04 11:34:08', NULL),
(516, 'Bruno Almeida de Morais', 'qrcode', '2018-06-04 11:34:08', '2018-06-04 11:34:08', NULL),
(517, 'Bryan Matheus Krüger', 'qrcode', '2018-06-04 11:34:08', '2018-06-04 11:34:08', NULL),
(518, 'Cecília de Borba', 'qrcode', '2018-06-04 11:34:08', '2018-06-04 11:34:08', NULL),
(519, 'Christian Henrique da Silva Machado', 'qrcode', '2018-06-04 11:34:08', '2018-06-04 11:34:08', NULL),
(520, 'Elisa Cristina Camargo Laufer', 'qrcode', '2018-06-04 11:34:08', '2018-06-04 11:34:08', NULL),
(521, 'Felipe Oliveira Borba', 'qrcode', '2018-06-04 11:34:08', '2018-06-04 11:34:08', NULL),
(522, 'Gean Carlos Santos da Silva', 'qrcode', '2018-06-04 11:34:08', '2018-06-04 11:34:08', NULL),
(523, 'Guilherme Cipriano', 'qrcode', '2018-06-04 11:34:08', '2018-06-04 11:34:08', NULL),
(524, 'Guilherme Henrique Boing', 'qrcode', '2018-06-04 11:34:08', '2018-06-04 11:34:08', NULL),
(525, 'Heloiza de Fátima Kutenski', 'qrcode', '2018-06-04 11:34:09', '2018-06-04 11:34:09', NULL),
(526, 'Henrique Luiz Hartmann', 'qrcode', '2018-06-04 11:34:09', '2018-06-04 11:34:09', NULL),
(527, 'Hugo Gutzmann Puga', 'qrcode', '2018-06-04 11:34:09', '2018-06-04 11:34:09', NULL),
(528, 'Jalieny Ouriques', 'qrcode', '2018-06-04 11:34:09', '2018-06-04 11:34:09', NULL),
(529, 'Jéssica Yohana Otto', 'qrcode', '2018-06-04 11:34:09', '2018-06-04 11:34:09', NULL),
(530, 'João Vitor dos Santos', 'qrcode', '2018-06-04 11:34:09', '2018-06-04 11:34:09', NULL),
(531, 'Lauro Antônio do Nascimento', 'qrcode', '2018-06-04 11:34:09', '2018-06-04 11:34:09', NULL),
(532, 'Leonardo Adriano Vieira', 'qrcode', '2018-06-04 11:34:09', '2018-06-04 11:34:09', NULL),
(533, 'Leonardo Edenir Rodrigues Graciano', 'qrcode', '2018-06-04 11:34:09', '2018-06-04 11:34:09', NULL),
(534, 'Luan Alflen', 'qrcode', '2018-06-04 11:34:09', '2018-06-04 11:34:09', NULL),
(535, 'Maria Luiza de Souza de Oliveira', 'qrcode', '2018-06-04 11:34:09', '2018-06-04 11:34:09', NULL),
(536, 'Marlon Cesar Kotviski Guarnieri da Silva', 'qrcode', '2018-06-04 11:34:09', '2018-06-04 11:34:09', NULL);
INSERT INTO `persons` (`id`, `name`, `photo`, `created_at`, `updated_at`, `deleted_at`) VALUES
(537, 'Mateus Möller Erkmann', 'qrcode', '2018-06-04 11:34:09', '2018-06-04 11:34:09', NULL),
(538, 'Pedro José Gomes Neto', 'qrcode', '2018-06-04 11:34:09', '2018-06-04 11:34:09', NULL),
(539, 'Suelen Cruz Barcelos', 'qrcode', '2018-06-04 11:34:09', '2018-06-04 11:34:09', NULL),
(540, 'Tainá Cristina Vollmann Monteiro', 'qrcode', '2018-06-04 11:34:09', '2018-06-04 11:34:09', NULL),
(541, 'Tainá Langa', 'qrcode', '2018-06-04 11:34:09', '2018-06-04 11:34:09', NULL),
(542, 'Tainara Eleutério de Sousa', 'qrcode', '2018-06-04 11:34:09', '2018-06-04 11:34:09', NULL),
(543, 'Thiago Henrique Walter', 'qrcode', '2018-06-04 11:34:09', '2018-06-04 11:34:09', NULL),
(544, 'Victor Hugo Prado Gomes', 'qrcode', '2018-06-04 11:34:09', '2018-06-04 11:34:09', NULL),
(545, 'Vinicius Soledade da Silva', 'qrcode', '2018-06-04 11:34:09', '2018-06-04 11:34:09', NULL),
(546, 'Amon José Marinho dos Reis', 'qrcode', '2018-06-04 11:34:09', '2018-06-04 11:34:09', NULL),
(547, 'Arthur Dias Viana de Castro', 'qrcode', '2018-06-04 11:34:09', '2018-06-04 11:34:09', NULL),
(548, 'Athirson Alexandre dos Santos', 'qrcode', '2018-06-04 11:34:09', '2018-06-04 11:34:09', NULL),
(549, 'Bruno Pinheiro', 'qrcode', '2018-06-04 11:34:09', '2018-06-04 11:34:09', NULL),
(550, 'Camila dos Santos', 'qrcode', '2018-06-04 11:34:09', '2018-06-04 11:34:09', NULL),
(551, 'Carlos Eduardo Rosa', 'qrcode', '2018-06-04 11:34:09', '2018-06-04 11:34:09', NULL),
(552, 'Carolina Burckhardt Luciani', 'qrcode', '2018-06-04 11:34:09', '2018-06-04 11:34:09', NULL),
(553, 'Eduardo Maia', 'qrcode', '2018-06-04 11:34:09', '2018-06-04 11:34:09', NULL),
(554, 'Gabriel Sokacheski', 'qrcode', '2018-06-04 11:34:09', '2018-06-04 11:34:09', NULL),
(555, 'Gabriel Zack Torres da Costa', 'qrcode', '2018-06-04 11:34:09', '2018-06-04 11:34:09', NULL),
(556, 'Gabriela Cordeiro Avila', 'qrcode', '2018-06-04 11:34:09', '2018-06-04 11:34:09', NULL),
(557, 'Gabriela Cristina Cidral', 'qrcode', '2018-06-04 11:34:09', '2018-06-04 11:34:09', NULL),
(558, 'Gabryel Della Giustina Kitzberger', 'qrcode', '2018-06-04 11:34:09', '2018-06-04 11:34:09', NULL),
(559, 'Henrique Pinheiro Amaral Almeida Santos', 'qrcode', '2018-06-04 11:34:09', '2018-06-04 11:34:09', NULL),
(560, 'Jéssica Viana', 'qrcode', '2018-06-04 11:34:09', '2018-06-04 11:34:09', NULL),
(561, 'João Pedro Lazarim de Souza', 'qrcode', '2018-06-04 11:34:09', '2018-06-04 11:34:09', NULL),
(562, 'Júlia Renata Endler Figueiredo', 'qrcode', '2018-06-04 11:34:09', '2018-06-04 11:34:09', NULL),
(563, 'Jutyara Mendes da Rosa', 'qrcode', '2018-06-04 11:34:09', '2018-06-04 11:34:09', NULL),
(564, 'Lucas Antônio Marinho dos Reis', 'qrcode', '2018-06-04 11:34:09', '2018-06-04 11:34:09', NULL),
(565, 'Mário Natalício de Gasperi', 'qrcode', '2018-06-04 11:34:09', '2018-06-04 11:34:09', NULL),
(566, 'Mayke Brayan de Lima', 'qrcode', '2018-06-04 11:34:09', '2018-06-04 11:34:09', NULL),
(567, 'Miriã Gonçalves', 'qrcode', '2018-06-04 11:34:09', '2018-06-04 11:34:09', NULL),
(568, 'Pedro Guilherme Barauna', 'qrcode', '2018-06-04 11:34:09', '2018-06-04 11:34:09', NULL),
(569, 'Rafaela Gilgen', 'qrcode', '2018-06-04 11:34:09', '2018-06-04 11:34:09', NULL),
(570, 'Suyanne Xavier da Cunha', 'qrcode', '2018-06-04 11:34:09', '2018-06-04 11:34:09', NULL),
(571, 'Vinícius Peres', 'qrcode', '2018-06-04 11:34:09', '2018-06-04 11:34:09', NULL),
(572, 'Vitor Henrique Kuster Moraes Maximiano', 'qrcode', '2018-06-04 11:34:09', '2018-06-04 11:34:09', NULL),
(573, 'Vitor Vieira da Costa', 'qrcode', '2018-06-04 11:34:09', '2018-06-04 11:34:09', NULL),
(574, 'Wellington Felipe Bernardi', 'qrcode', '2018-06-04 11:34:09', '2018-06-04 11:34:09', NULL),
(575, 'Amanda Loren de Souza', 'qrcode', '2018-06-04 11:34:09', '2018-06-04 11:34:09', NULL),
(576, 'Ana Paula Ramthun da Maia', 'qrcode', '2018-06-04 11:34:09', '2018-06-04 11:34:09', NULL),
(577, 'André Vinícius Fernandes', 'qrcode', '2018-06-04 11:34:09', '2018-06-04 11:34:09', NULL),
(578, 'Bianca Carolina Muniz', 'qrcode', '2018-06-04 11:34:09', '2018-06-04 11:34:09', NULL),
(579, 'Daniel Tomé da Silva Filho', 'qrcode', '2018-06-04 11:34:09', '2018-06-04 11:34:09', NULL),
(580, 'Elisabeth Rodrigues', 'qrcode', '2018-06-04 11:34:09', '2018-06-04 11:34:09', NULL),
(581, 'Giovanna Campos Cordeiro', 'qrcode', '2018-06-04 11:34:09', '2018-06-04 11:34:09', NULL),
(582, 'Heitor Henrique da Silva', 'qrcode', '2018-06-04 11:34:09', '2018-06-04 11:34:09', NULL),
(583, 'Jacó Israel Franco Cardoso', 'qrcode', '2018-06-04 11:34:09', '2018-06-04 11:34:09', NULL),
(584, 'João Victor Silveira Delgado', 'qrcode', '2018-06-04 11:34:09', '2018-06-04 11:34:09', NULL),
(585, 'Julia Duarte Solano', 'qrcode', '2018-06-04 11:34:09', '2018-06-04 11:34:09', NULL),
(586, 'Letícia Caroline de Oliveira', 'qrcode', '2018-06-04 11:34:09', '2018-06-04 11:34:09', NULL),
(587, 'Lucas Gattis', 'qrcode', '2018-06-04 11:34:09', '2018-06-04 11:34:09', NULL),
(588, 'Lucas Mendes Rodrigues', 'qrcode', '2018-06-04 11:34:09', '2018-06-04 11:34:09', NULL),
(589, 'Marcos Eduardo da Silva', 'qrcode', '2018-06-04 11:34:09', '2018-06-04 11:34:09', NULL),
(590, 'Nicholas Cervatti Duque Estrada', 'qrcode', '2018-06-04 11:34:09', '2018-06-04 11:34:09', NULL),
(591, 'Nicolas Gattis', 'qrcode', '2018-06-04 11:34:09', '2018-06-04 11:34:09', NULL),
(592, 'Pedro Henrique Boettcher Pacheco', 'qrcode', '2018-06-04 11:34:09', '2018-06-04 11:34:09', NULL),
(593, 'Raíssa Stazak Pereira', 'qrcode', '2018-06-04 11:34:09', '2018-06-04 11:34:09', NULL),
(594, 'Sarah Hoegen', 'qrcode', '2018-06-04 11:34:09', '2018-06-04 11:34:09', NULL),
(595, 'Vitória Emanuely Madruga', 'qrcode', '2018-06-04 11:34:09', '2018-06-04 11:34:09', NULL),
(596, 'Abigail Rodrigues Maia', 'qrcode', '2018-06-04 11:34:09', '2018-06-04 11:34:09', NULL),
(597, 'Abner Gabriel Dos Santos', 'qrcode', '2018-06-04 11:34:09', '2018-06-04 11:34:09', NULL),
(598, 'Alanys Borges Trevisol', 'qrcode', '2018-06-04 11:34:09', '2018-06-04 11:34:09', NULL),
(599, 'Amanda Vitória da Rosa', 'qrcode', '2018-06-04 11:34:09', '2018-06-04 11:34:09', NULL),
(600, 'Ana Caroline Kostantiuk Cordeiro', 'qrcode', '2018-06-04 11:34:09', '2018-06-04 11:34:09', NULL),
(601, 'Ana Claudia Gesser', 'qrcode', '2018-06-04 11:34:09', '2018-06-04 11:34:09', NULL),
(602, 'Ana Cristina Gomes De Oliveira', 'qrcode', '2018-06-04 11:34:09', '2018-06-04 11:34:09', NULL),
(603, 'Ana Laura Da Silva Muller', 'qrcode', '2018-06-04 11:34:09', '2018-06-04 11:34:09', NULL),
(604, 'Ana Paula Vieira Gomes', 'qrcode', '2018-06-04 11:34:09', '2018-06-04 11:34:09', NULL),
(605, 'Ane Caroline Teodosio Longarete', 'qrcode', '2018-06-04 11:34:09', '2018-06-04 11:34:09', NULL),
(606, 'Anniely De Moura', 'qrcode', '2018-06-04 11:34:09', '2018-06-04 11:34:09', NULL),
(607, 'Antonio Carlos Da Rocha De Andrade', 'qrcode', '2018-06-04 11:34:09', '2018-06-04 11:34:09', NULL),
(608, 'Bianca Ribeiro Rodrigues', 'qrcode', '2018-06-04 11:34:09', '2018-06-04 11:34:09', NULL),
(609, 'Eduardo Augusto Luciano', 'qrcode', '2018-06-04 11:34:09', '2018-06-04 11:34:09', NULL),
(610, 'Érica Loch Do Amaral', 'qrcode', '2018-06-04 11:34:09', '2018-06-04 11:34:09', NULL),
(611, 'Francine Camile Matias Silva', 'qrcode', '2018-06-04 11:34:09', '2018-06-04 11:34:09', NULL),
(612, 'Giovana Braz Monn', 'qrcode', '2018-06-04 11:34:09', '2018-06-04 11:34:09', NULL),
(613, 'Gustavo Gasperi Zilse', 'qrcode', '2018-06-04 11:34:09', '2018-06-04 11:34:09', NULL),
(614, 'Helena De Souza Montagnoli', 'qrcode', '2018-06-04 11:34:09', '2018-06-04 11:34:09', NULL),
(615, 'Ivan Scantamburlo Ribeiro', 'qrcode', '2018-06-04 11:34:09', '2018-06-04 11:34:09', NULL),
(616, 'Jessica Michels Menezes', 'qrcode', '2018-06-04 11:34:09', '2018-06-04 11:34:09', NULL),
(617, 'Joana Miranda Duarte', 'qrcode', '2018-06-04 11:34:09', '2018-06-04 11:34:09', NULL),
(618, 'Katharina Alice Vailatti', 'qrcode', '2018-06-04 11:34:09', '2018-06-04 11:34:09', NULL),
(619, 'Leonardo Gouvéa da Silva', 'qrcode', '2018-06-04 11:34:09', '2018-06-04 11:34:09', NULL),
(620, 'Letícia Corrêa Vieira', 'qrcode', '2018-06-04 11:34:09', '2018-06-04 11:34:09', NULL),
(621, 'Luana Matias Reinert', 'qrcode', '2018-06-04 11:34:09', '2018-06-04 11:34:09', NULL),
(622, 'Lucas Eduardo Borba', 'qrcode', '2018-06-04 11:34:09', '2018-06-04 11:34:09', NULL),
(623, 'Luiza Lobo Mendonça', 'qrcode', '2018-06-04 11:34:09', '2018-06-04 11:34:09', NULL),
(624, 'Mariana Barcellos Bueno', 'qrcode', '2018-06-04 11:34:09', '2018-06-04 11:34:09', NULL),
(625, 'Polyannna Jeniffer Martins', 'qrcode', '2018-06-04 11:34:09', '2018-06-04 11:34:09', NULL),
(626, 'Sthefani Dumke Hartin', 'qrcode', '2018-06-04 11:34:09', '2018-06-04 11:34:09', NULL),
(627, 'Tainara Luana De Souza', 'qrcode', '2018-06-04 11:34:09', '2018-06-04 11:34:09', NULL),
(628, 'Thamiris Kelle Barros de Castro', 'qrcode', '2018-06-04 11:34:09', '2018-06-04 11:34:09', NULL),
(629, 'Victoria Tolêdo da Silva Santos', 'qrcode', '2018-06-04 11:34:09', '2018-06-04 11:34:09', NULL),
(630, 'Amanda Catherine Castanheira Dias', 'qrcode', '2018-06-04 11:34:09', '2018-06-04 11:34:09', NULL),
(631, 'Amanda da Cruz Oliveira', 'qrcode', '2018-06-04 11:34:09', '2018-06-04 11:34:09', NULL),
(632, 'Ana Luiza Figueiredo de Borba', 'qrcode', '2018-06-04 11:34:09', '2018-06-04 11:34:09', NULL),
(633, 'Breno Luís Ferreira de Lima', 'qrcode', '2018-06-04 11:34:09', '2018-06-04 11:34:09', NULL),
(634, 'Bruna da Silva', 'qrcode', '2018-06-04 11:34:09', '2018-06-04 11:34:09', NULL),
(635, 'Daiane Keila de Borba', 'qrcode', '2018-06-04 11:34:09', '2018-06-04 11:34:09', NULL),
(636, 'Emanuelle Dias', 'qrcode', '2018-06-04 11:34:09', '2018-06-04 11:34:09', NULL),
(637, 'Enyla Maria Pinhelli', 'qrcode', '2018-06-04 11:34:09', '2018-06-04 11:34:09', NULL),
(638, 'Fábio Lucas Costa Mendes', 'qrcode', '2018-06-04 11:34:09', '2018-06-04 11:34:09', NULL),
(639, 'Gabriel Alexandre da Silva', 'qrcode', '2018-06-04 11:34:09', '2018-06-04 11:34:09', NULL),
(640, 'Gabriel Lourenço da Silva', 'qrcode', '2018-06-04 11:34:09', '2018-06-04 11:34:09', NULL),
(641, 'Gabriel Tomko', 'qrcode', '2018-06-04 11:34:09', '2018-06-04 11:34:09', NULL),
(642, 'Gabriela Baesso Ramos', 'qrcode', '2018-06-04 11:34:09', '2018-06-04 11:34:09', NULL),
(643, 'Girráh Gadotti', 'qrcode', '2018-06-04 11:34:09', '2018-06-04 11:34:09', NULL),
(644, 'Giulia Aguiar Ferreira', 'qrcode', '2018-06-04 11:34:09', '2018-06-04 11:34:09', NULL),
(645, 'Guilherme Ferreira', 'qrcode', '2018-06-04 11:34:09', '2018-06-04 11:34:09', NULL),
(646, 'Gustavo Henrique Ramos', 'qrcode', '2018-06-04 11:34:09', '2018-06-04 11:34:09', NULL),
(647, 'Henriky Guilherme de Lima Vicente', 'qrcode', '2018-06-04 11:34:09', '2018-06-04 11:34:09', NULL),
(648, 'Humberto Marcelino Pagani', 'qrcode', '2018-06-04 11:34:09', '2018-06-04 11:34:09', NULL),
(649, 'Jéssica Karollayne Cordeiro Ferreira', 'qrcode', '2018-06-04 11:34:09', '2018-06-04 11:34:09', NULL),
(650, 'Jhenniffer Gabriele Rocha dos Santos', 'qrcode', '2018-06-04 11:34:09', '2018-06-04 11:34:09', NULL),
(651, 'João Gabriel Wan-Dall', 'qrcode', '2018-06-04 11:34:09', '2018-06-04 11:34:09', NULL),
(652, 'João Victor Serafim', 'qrcode', '2018-06-04 11:34:09', '2018-06-04 11:34:09', NULL),
(653, 'Juliana Hoffmann Alves', 'qrcode', '2018-06-04 11:34:09', '2018-06-04 11:34:09', NULL),
(654, 'Kevin Cristhian Petschow da Silva', 'qrcode', '2018-06-04 11:34:09', '2018-06-04 11:34:09', NULL),
(655, 'Leila Buss Meurer', 'qrcode', '2018-06-04 11:34:09', '2018-06-04 11:34:09', NULL),
(656, 'Maria Eduarda De Marchi Zanatta', 'qrcode', '2018-06-04 11:34:09', '2018-06-04 11:34:09', NULL),
(657, 'Mariana Camilo Maria', 'qrcode', '2018-06-04 11:34:09', '2018-06-04 11:34:09', NULL),
(658, 'Melissa Iung Corrente', 'qrcode', '2018-06-04 11:34:09', '2018-06-04 11:34:09', NULL),
(659, 'Nathália Schultz', 'qrcode', '2018-06-04 11:34:09', '2018-06-04 11:34:09', NULL),
(660, 'Nayra Rubia de Oliveira', 'qrcode', '2018-06-04 11:34:09', '2018-06-04 11:34:09', NULL),
(661, 'Norberto Klug Júnior', 'qrcode', '2018-06-04 11:34:09', '2018-06-04 11:34:09', NULL),
(662, 'Paola Moreira', 'qrcode', '2018-06-04 11:34:09', '2018-06-04 11:34:09', NULL),
(663, 'Rafaela de Azevedo Pitz', 'qrcode', '2018-06-04 11:34:09', '2018-06-04 11:34:09', NULL),
(664, 'Rafaela Vicente de Lima', 'qrcode', '2018-06-04 11:34:09', '2018-06-04 11:34:09', NULL),
(665, 'Sara Stahuke de Campos', 'qrcode', '2018-06-04 11:34:09', '2018-06-04 11:34:09', NULL),
(666, 'Stefany Milani', 'qrcode', '2018-06-04 11:34:09', '2018-06-04 11:34:09', NULL),
(667, 'Aimée Verônica Momm Romero', 'qrcode', '2018-06-04 11:34:09', '2018-06-04 11:34:09', NULL),
(668, 'Ana Julia Soberanski Gorski', 'qrcode', '2018-06-04 11:34:09', '2018-06-04 11:34:09', NULL),
(669, 'André Luiz Sales', 'qrcode', '2018-06-04 11:34:09', '2018-06-04 11:34:09', NULL),
(670, 'Augusto César Faria Salmoria', 'qrcode', '2018-06-04 11:34:09', '2018-06-04 11:34:09', NULL),
(671, 'Brenda Miriam Trevisani Gonçalves', 'qrcode', '2018-06-04 11:34:09', '2018-06-04 11:34:09', NULL),
(672, 'Bruno Bonassoli', 'qrcode', '2018-06-04 11:34:09', '2018-06-04 11:34:09', NULL),
(673, 'Daniel Elias de Paula Araujo', 'qrcode', '2018-06-04 11:34:09', '2018-06-04 11:34:09', NULL),
(674, 'Edenilson Barboza Dalla Vecchia', 'qrcode', '2018-06-04 11:34:09', '2018-06-04 11:34:09', NULL),
(675, 'Ellen Cristina D\'Aguiar', 'qrcode', '2018-06-04 11:34:09', '2018-06-04 11:34:09', NULL),
(676, 'Fabiúla Suiani Delfino', 'qrcode', '2018-06-04 11:34:09', '2018-06-04 11:34:09', NULL),
(677, 'Fernanda da Silva Medeiros', 'qrcode', '2018-06-04 11:34:09', '2018-06-04 11:34:09', NULL),
(678, 'Fernanda Max', 'qrcode', '2018-06-04 11:34:09', '2018-06-04 11:34:09', NULL),
(679, 'Gabriel Grangeiro Mendes', 'qrcode', '2018-06-04 11:34:09', '2018-06-04 11:34:09', NULL),
(680, 'Gabriel Morás Ravanello', 'qrcode', '2018-06-04 11:34:09', '2018-06-04 11:34:09', NULL),
(681, 'Giovanna Mueller Pacheco', 'qrcode', '2018-06-04 11:34:09', '2018-06-04 11:34:09', NULL),
(682, 'Grazielly Vilmes', 'qrcode', '2018-06-04 11:34:09', '2018-06-04 11:34:09', NULL),
(683, 'Gustavo Antônio Dominoni', 'qrcode', '2018-06-04 11:34:09', '2018-06-04 11:34:09', NULL),
(684, 'Igor Ribas Jimenez Hernandez', 'qrcode', '2018-06-04 11:34:09', '2018-06-04 11:34:09', NULL),
(685, 'Jéssica de Bona', 'qrcode', '2018-06-04 11:34:09', '2018-06-04 11:34:09', NULL),
(686, 'João Antônio de Miranda', 'qrcode', '2018-06-04 11:34:09', '2018-06-04 11:34:09', NULL),
(687, 'João Arnaldo Pereira Cruz', 'qrcode', '2018-06-04 11:34:09', '2018-06-04 11:34:09', NULL),
(688, 'João Vitor Provesi', 'qrcode', '2018-06-04 11:34:09', '2018-06-04 11:34:09', NULL),
(689, 'Keslene Lima', 'qrcode', '2018-06-04 11:34:09', '2018-06-04 11:34:09', NULL),
(690, 'Lara Destefani de Sousa', 'qrcode', '2018-06-04 11:34:09', '2018-06-04 11:34:09', NULL),
(691, 'Letícia Machado Packer', 'qrcode', '2018-06-04 11:34:09', '2018-06-04 11:34:09', NULL),
(692, 'Luiz Fernando Fonsakka de Braga', 'qrcode', '2018-06-04 11:34:09', '2018-06-04 11:34:09', NULL),
(693, 'Luiz Gustavo Skiba', 'qrcode', '2018-06-04 11:34:09', '2018-06-04 11:34:09', NULL),
(694, 'Marcelo Gabriel Hasper', 'qrcode', '2018-06-04 11:34:09', '2018-06-04 11:34:09', NULL),
(695, 'Maria Paula Pedão Domingues', 'qrcode', '2018-06-04 11:34:09', '2018-06-04 11:34:09', NULL),
(696, 'Milena Natália Alves Grigorio', 'qrcode', '2018-06-04 11:34:09', '2018-06-04 11:34:09', NULL),
(697, 'Murilo Gabriel Verplotz', 'qrcode', '2018-06-04 11:34:09', '2018-06-04 11:34:09', NULL),
(698, 'Nathaly Eloise Henning', 'qrcode', '2018-06-04 11:34:09', '2018-06-04 11:34:09', NULL),
(699, 'Nauhana Julia Boebel Zembrani', 'qrcode', '2018-06-04 11:34:09', '2018-06-04 11:34:09', NULL),
(700, 'Nickolas Marmitt Murakami', 'qrcode', '2018-06-04 11:34:09', '2018-06-04 11:34:09', NULL),
(701, 'Paulo Henrique de Souza', 'qrcode', '2018-06-04 11:34:09', '2018-06-04 11:34:09', NULL),
(702, 'Ruan Augusto Lobo Rodrigues', 'qrcode', '2018-06-04 11:34:09', '2018-06-04 11:34:09', NULL),
(703, 'Shayane Viana de Souza', 'qrcode', '2018-06-04 11:34:09', '2018-06-04 11:34:09', NULL),
(704, 'Thaynara Cichoski', 'qrcode', '2018-06-04 11:34:09', '2018-06-04 11:34:09', NULL),
(705, 'Beatriz Cristina de Oliveira Vieira', 'qrcode', '2018-06-04 11:34:09', '2018-06-04 11:34:09', NULL),
(706, 'Bianca Stipp Martins', 'qrcode', '2018-06-04 11:34:09', '2018-06-04 11:34:09', NULL),
(707, 'Claudio Tomáz Jubanski', 'qrcode', '2018-06-04 11:34:09', '2018-06-04 11:34:09', NULL),
(708, 'Everaldo Batista de Lara', 'qrcode', '2018-06-04 11:34:09', '2018-06-04 11:34:09', NULL),
(709, 'Gabriela Farias Santana', 'qrcode', '2018-06-04 11:34:09', '2018-06-04 11:34:09', NULL),
(710, 'Geisyane Karina Gonzaga', 'qrcode', '2018-06-04 11:34:09', '2018-06-04 11:34:09', NULL),
(711, 'Jefferson Schmoeller Marcolino', 'qrcode', '2018-06-04 11:34:09', '2018-06-04 11:34:09', NULL),
(712, 'Jéssica Paulina Vieira', 'qrcode', '2018-06-04 11:34:09', '2018-06-04 11:34:09', NULL),
(713, 'João Gabriel Schonrock', 'qrcode', '2018-06-04 11:34:09', '2018-06-04 11:34:09', NULL),
(714, 'Jorge Luiz de Miranda Junior', 'qrcode', '2018-06-04 11:34:09', '2018-06-04 11:34:09', NULL),
(715, 'Luan Krüger', 'qrcode', '2018-06-04 11:34:09', '2018-06-04 11:34:09', NULL),
(716, 'Lucas Hellmann de Oliveira', 'qrcode', '2018-06-04 11:34:09', '2018-06-04 11:34:09', NULL),
(717, 'Luiza Teixeira Souza', 'qrcode', '2018-06-04 11:34:09', '2018-06-04 11:34:09', NULL),
(718, 'Marilha de Lima Caetano', 'qrcode', '2018-06-04 11:34:09', '2018-06-04 11:34:09', NULL),
(719, 'Marina Bêz Gório da Silva', 'qrcode', '2018-06-04 11:34:09', '2018-06-04 11:34:09', NULL),
(720, 'Marina Zoccatelli', 'qrcode', '2018-06-04 11:34:09', '2018-06-04 11:34:09', NULL),
(721, 'Natália Momm', 'qrcode', '2018-06-04 11:34:09', '2018-06-04 11:34:09', NULL),
(722, 'Nathyele Kettlin da Costa', 'qrcode', '2018-06-04 11:34:09', '2018-06-04 11:34:09', NULL),
(723, 'Otávio Ruan da Cunha', 'qrcode', '2018-06-04 11:34:09', '2018-06-04 11:34:09', NULL),
(724, 'Rafaella Soares Lana', 'qrcode', '2018-06-04 11:34:09', '2018-06-04 11:34:09', NULL),
(725, 'Thales Juarez Jobins Patel Martins', 'qrcode', '2018-06-04 11:34:09', '2018-06-04 11:34:09', NULL),
(726, 'Thayna Karoliny da Maia', 'qrcode', '2018-06-04 11:34:09', '2018-06-04 11:34:09', NULL),
(727, 'Thaynara Laurentino Belegante', 'qrcode', '2018-06-04 11:34:09', '2018-06-04 11:34:09', NULL),
(728, 'Willian Enore do Espirito Santo', 'qrcode', '2018-06-04 11:34:09', '2018-06-04 11:34:09', NULL);

-- --------------------------------------------------------

--
-- Estrutura da tabela `record_children`
--

CREATE TABLE `record_children` (
  `id` int(10) UNSIGNED NOT NULL,
  `approved` tinyint(1) NOT NULL,
  `created_at` timestamp NULL DEFAULT NULL,
  `updated_at` timestamp NULL DEFAULT NULL,
  `person_id` int(10) UNSIGNED NOT NULL,
  `record_father_id` int(10) UNSIGNED NOT NULL,
  `payment_type_id` int(10) UNSIGNED NOT NULL
) ENGINE=InnoDB DEFAULT CHARSET=utf8 COLLATE=utf8_unicode_ci;

--
-- Extraindo dados da tabela `record_children`
--

INSERT INTO `record_children` (`id`, `approved`, `created_at`, `updated_at`, `person_id`, `record_father_id`, `payment_type_id`) VALUES
(1, 0, '2018-06-04 13:12:53', '2018-06-04 13:12:53', 510, 1, 1),
(2, 1, '2018-06-04 18:33:00', '2018-06-04 18:33:00', 254, 1, 1),
(3, 1, '2018-06-04 18:33:17', '2018-06-04 18:33:17', 253, 1, 1),
(4, 1, '2018-06-04 18:33:43', '2018-06-04 18:33:43', 270, 1, 1),
(5, 1, '2018-06-04 18:33:55', '2018-06-04 18:33:55', 220, 1, 1),
(6, 1, '2018-06-04 18:34:11', '2018-06-04 18:34:11', 286, 1, 1),
(7, 1, '2018-06-04 18:34:52', '2018-06-04 18:34:52', 337, 1, 1),
(8, 1, '2018-06-04 18:35:11', '2018-06-04 18:35:11', 259, 1, 1),
(9, 1, '2018-06-04 18:35:27', '2018-06-04 18:35:27', 127, 1, 1),
(10, 1, '2018-06-04 18:35:36', '2018-06-04 18:35:36', 218, 1, 1),
(11, 1, '2018-06-04 18:35:46', '2018-06-04 18:35:46', 251, 1, 1),
(12, 1, '2018-06-04 18:35:55', '2018-06-04 18:35:55', 210, 1, 1),
(13, 1, '2018-06-04 18:36:10', '2018-06-04 18:36:10', 186, 1, 1),
(14, 1, '2018-06-05 11:00:35', '2018-06-05 11:00:35', 346, 2, 1),
(15, 1, '2018-06-05 11:05:23', '2018-06-05 11:05:23', 365, 2, 1),
(16, 1, '2018-06-05 11:05:44', '2018-06-05 11:05:44', 337, 2, 1),
(17, 1, '2018-06-05 11:06:27', '2018-06-05 11:06:27', 359, 2, 1),
(18, 1, '2018-06-05 11:06:47', '2018-06-05 11:06:47', 358, 2, 1),
(19, 1, '2018-06-05 11:07:34', '2018-06-05 11:07:34', 349, 2, 1),
(20, 1, '2018-06-05 11:07:54', '2018-06-05 11:07:54', 361, 2, 1),
(21, 1, '2018-06-05 11:08:10', '2018-06-05 11:08:10', 356, 2, 1),
(22, 1, '2018-06-05 11:08:28', '2018-06-05 11:08:28', 335, 2, 1),
(23, 1, '2018-06-05 11:08:46', '2018-06-05 11:08:46', 370, 2, 1),
(24, 1, '2018-06-05 11:09:04', '2018-06-05 11:09:04', 367, 2, 1),
(25, 1, '2018-06-05 11:09:21', '2018-06-05 11:09:21', 347, 2, 1),
(26, 1, '2018-06-05 11:09:32', '2018-06-05 11:09:32', 353, 2, 1),
(27, 1, '2018-06-05 11:09:48', '2018-06-05 11:09:48', 339, 2, 1),
(28, 1, '2018-06-05 11:10:28', '2018-06-05 11:10:28', 342, 2, 1),
(29, 1, '2018-06-05 11:10:54', '2018-06-05 11:10:54', 368, 2, 1),
(30, 1, '2018-06-05 11:11:07', '2018-06-05 11:11:07', 338, 2, 1),
(31, 1, '2018-06-05 11:11:51', '2018-06-05 11:11:51', 344, 2, 1),
(32, 1, '2018-06-05 11:12:10', '2018-06-05 11:12:10', 350, 2, 1),
(33, 1, '2018-06-05 11:12:24', '2018-06-05 11:12:24', 336, 2, 1),
(34, 1, '2018-06-05 11:12:46', '2018-06-05 11:12:46', 618, 2, 1),
(35, 1, '2018-06-05 11:13:03', '2018-06-05 11:13:03', 597, 2, 1),
(36, 1, '2018-06-05 11:13:14', '2018-06-05 11:13:14', 603, 2, 1),
(37, 1, '2018-06-05 11:13:36', '2018-06-05 11:13:36', 467, 2, 1),
(38, 1, '2018-06-05 11:13:53', '2018-06-05 11:13:53', 470, 2, 1),
(39, 1, '2018-06-05 11:14:11', '2018-06-05 11:14:11', 462, 2, 1),
(40, 1, '2018-06-05 11:14:27', '2018-06-05 11:14:27', 463, 2, 1),
(41, 1, '2018-06-05 11:14:45', '2018-06-05 11:14:45', 459, 2, 1),
(42, 1, '2018-06-05 11:14:56', '2018-06-05 11:14:56', 474, 2, 1),
(43, 1, '2018-06-05 11:15:11', '2018-06-05 11:15:11', 472, 2, 1),
(44, 1, '2018-06-05 11:15:33', '2018-06-05 11:15:33', 479, 2, 1),
(45, 1, '2018-06-05 11:15:51', '2018-06-05 11:15:51', 468, 2, 1),
(46, 1, '2018-06-05 11:16:05', '2018-06-05 11:16:05', 473, 2, 1),
(47, 1, '2018-06-05 11:16:22', '2018-06-05 11:16:22', 57, 2, 1),
(48, 1, '2018-06-05 11:16:42', '2018-06-05 11:16:42', 613, 2, 1),
(49, 1, '2018-06-05 11:16:56', '2018-06-05 11:16:56', 621, 2, 1),
(50, 1, '2018-06-05 11:17:14', '2018-06-05 11:17:14', 109, 2, 1),
(51, 1, '2018-06-05 11:17:39', '2018-06-05 11:17:39', 628, 2, 1),
(52, 1, '2018-06-05 11:18:02', '2018-06-05 11:18:02', 612, 2, 1),
(53, 1, '2018-06-05 11:18:16', '2018-06-05 11:18:16', 596, 2, 1),
(54, 1, '2018-06-05 11:18:26', '2018-06-05 11:18:26', 600, 2, 1),
(55, 1, '2018-06-05 11:18:35', '2018-06-05 11:18:35', 605, 2, 1),
(56, 1, '2018-06-05 11:18:42', '2018-06-05 11:18:42', 454, 2, 1),
(57, 1, '2018-06-05 11:18:53', '2018-06-05 11:18:53', 476, 2, 1),
(58, 1, '2018-06-05 11:19:09', '2018-06-05 11:19:09', 446, 2, 1),
(59, 1, '2018-06-05 11:19:20', '2018-06-05 11:19:20', 449, 2, 1),
(60, 1, '2018-06-05 11:19:27', '2018-06-05 11:19:27', 445, 2, 1),
(61, 1, '2018-06-05 11:19:32', '2018-06-05 11:19:32', 451, 2, 1),
(62, 1, '2018-06-05 11:19:40', '2018-06-05 11:19:40', 471, 2, 1),
(63, 1, '2018-06-05 11:19:47', '2018-06-05 11:19:47', 450, 2, 1),
(64, 1, '2018-06-05 11:20:13', '2018-06-05 11:20:13', 56, 2, 1),
(65, 1, '2018-06-05 11:20:21', '2018-06-05 11:20:21', 48, 2, 1),
(66, 1, '2018-06-05 11:20:33', '2018-06-05 11:20:33', 443, 2, 1),
(67, 1, '2018-06-05 11:20:52', '2018-06-05 11:20:52', 317, 2, 1),
(68, 1, '2018-06-05 11:21:16', '2018-06-05 11:21:16', 312, 2, 1),
(69, 1, '2018-06-05 11:21:39', '2018-06-05 11:21:39', 306, 2, 1),
(70, 1, '2018-06-05 11:21:54', '2018-06-05 11:21:54', 307, 2, 1),
(71, 1, '2018-06-05 11:22:35', '2018-06-05 11:22:35', 582, 2, 1),
(72, 1, '2018-06-05 11:23:04', '2018-06-05 11:23:04', 590, 2, 1),
(73, 1, '2018-06-05 11:23:28', '2018-06-05 11:23:28', 318, 2, 1),
(74, 1, '2018-06-05 11:23:35', '2018-06-05 11:23:35', 299, 2, 1),
(75, 1, '2018-06-05 11:23:49', '2018-06-05 11:23:49', 296, 2, 1),
(76, 1, '2018-06-05 11:23:56', '2018-06-05 11:23:56', 67, 2, 1),
(77, 1, '2018-06-05 11:24:04', '2018-06-05 11:24:04', 606, 2, 1),
(78, 1, '2018-06-05 11:24:12', '2018-06-05 11:24:12', 54, 2, 1),
(79, 1, '2018-06-05 11:24:20', '2018-06-05 11:24:20', 469, 2, 1),
(80, 1, '2018-06-05 11:24:40', '2018-06-05 11:24:40', 345, 2, 1),
(81, 1, '2018-06-05 11:24:49', '2018-06-05 11:24:49', 543, 2, 1),
(82, 1, '2018-06-05 11:25:01', '2018-06-05 11:25:01', 351, 2, 1),
(83, 1, '2018-06-05 11:25:10', '2018-06-05 11:25:10', 354, 2, 1),
(84, 1, '2018-06-05 11:25:18', '2018-06-05 11:25:18', 369, 2, 1),
(85, 1, '2018-06-05 11:25:31', '2018-06-05 11:25:31', 352, 2, 1),
(86, 1, '2018-06-05 11:25:40', '2018-06-05 11:25:40', 616, 2, 1),
(87, 1, '2018-06-05 11:26:28', '2018-06-05 11:26:28', 343, 2, 1),
(88, 1, '2018-06-05 11:26:35', '2018-06-05 11:26:35', 254, 2, 1),
(89, 1, '2018-06-05 11:26:41', '2018-06-05 11:26:41', 253, 2, 1),
(90, 1, '2018-06-05 11:26:50', '2018-06-05 11:26:50', 302, 2, 1),
(91, 1, '2018-06-05 11:26:59', '2018-06-05 11:26:59', 297, 2, 1),
(92, 1, '2018-06-05 11:27:09', '2018-06-05 11:27:09', 316, 2, 1),
(93, 1, '2018-06-05 11:27:15', '2018-06-05 11:27:15', 323, 2, 1),
(94, 1, '2018-06-05 11:27:26', '2018-06-05 11:27:26', 310, 2, 1),
(95, 1, '2018-06-05 11:27:39', '2018-06-05 11:27:39', 324, 2, 1),
(96, 1, '2018-06-05 11:27:48', '2018-06-05 11:27:48', 300, 2, 1),
(97, 1, '2018-06-05 11:28:21', '2018-06-05 11:28:21', 313, 2, 1),
(98, 1, '2018-06-05 11:28:29', '2018-06-05 11:28:29', 334, 2, 1),
(99, 1, '2018-06-05 11:28:40', '2018-06-05 11:28:40', 298, 2, 1),
(100, 1, '2018-06-05 11:28:46', '2018-06-05 11:28:46', 308, 2, 1),
(101, 1, '2018-06-05 11:28:53', '2018-06-05 11:28:53', 320, 2, 1),
(102, 1, '2018-06-05 11:29:03', '2018-06-05 11:29:03', 333, 2, 1),
(103, 1, '2018-06-05 11:29:12', '2018-06-05 11:29:12', 311, 2, 1),
(104, 1, '2018-06-05 11:29:18', '2018-06-05 11:29:18', 626, 2, 1),
(105, 1, '2018-06-05 11:29:26', '2018-06-05 11:29:26', 609, 2, 1),
(106, 1, '2018-06-05 11:29:33', '2018-06-05 11:29:33', 315, 2, 1),
(107, 1, '2018-06-05 11:29:44', '2018-06-05 11:29:44', 625, 2, 1),
(108, 1, '2018-06-05 11:29:53', '2018-06-05 11:29:53', 610, 2, 1),
(109, 1, '2018-06-05 11:30:00', '2018-06-05 11:30:00', 434, 2, 1),
(110, 1, '2018-06-05 11:30:13', '2018-06-05 11:30:13', 325, 2, 1),
(111, 1, '2018-06-05 11:30:22', '2018-06-05 11:30:22', 322, 2, 1),
(112, 1, '2018-06-05 11:30:34', '2018-06-05 11:30:34', 328, 2, 1),
(113, 1, '2018-06-05 11:30:46', '2018-06-05 11:30:46', 332, 2, 1),
(114, 1, '2018-06-05 11:31:01', '2018-06-05 11:31:01', 309, 2, 1),
(115, 1, '2018-06-05 11:31:11', '2018-06-05 11:31:11', 331, 2, 1),
(116, 1, '2018-06-05 11:31:19', '2018-06-05 11:31:19', 305, 2, 1),
(117, 1, '2018-06-05 11:31:30', '2018-06-05 11:31:30', 304, 2, 1),
(118, 1, '2018-06-05 11:31:38', '2018-06-05 11:31:38', 330, 2, 1),
(119, 1, '2018-06-05 11:31:45', '2018-06-05 11:31:45', 321, 2, 1),
(120, 1, '2018-06-05 11:31:52', '2018-06-05 11:31:52', 329, 2, 1),
(121, 1, '2018-06-05 11:32:01', '2018-06-05 11:32:01', 579, 2, 1),
(122, 1, '2018-06-05 11:32:07', '2018-06-05 11:32:07', 577, 2, 1),
(123, 1, '2018-06-05 11:32:12', '2018-06-05 11:32:12', 593, 2, 1),
(124, 1, '2018-06-05 11:32:24', '2018-06-05 11:32:24', 584, 2, 1),
(125, 1, '2018-06-05 11:32:32', '2018-06-05 11:32:32', 587, 2, 1),
(126, 1, '2018-06-05 11:32:37', '2018-06-05 11:32:37', 583, 2, 1),
(127, 1, '2018-06-05 11:32:49', '2018-06-05 11:32:49', 455, 2, 1),
(128, 1, '2018-06-05 11:33:03', '2018-06-05 11:33:03', 43, 2, 1),
(129, 1, '2018-06-05 11:33:12', '2018-06-05 11:33:12', 202, 2, 1),
(130, 1, '2018-06-05 11:33:21', '2018-06-05 11:33:21', 185, 2, 1),
(131, 1, '2018-06-05 11:33:31', '2018-06-05 11:33:31', 574, 2, 1),
(132, 1, '2018-06-05 11:33:47', '2018-06-05 11:33:47', 326, 2, 1),
(133, 1, '2018-06-05 11:34:00', '2018-06-05 11:34:00', 502, 2, 1),
(134, 1, '2018-06-05 11:34:08', '2018-06-05 11:34:08', 458, 2, 1),
(135, 1, '2018-06-05 11:34:37', '2018-06-05 11:34:37', 623, 2, 1),
(136, 1, '2018-06-05 11:34:45', '2018-06-05 11:34:45', 608, 2, 1),
(137, 1, '2018-06-05 11:34:51', '2018-06-05 11:34:51', 617, 2, 1),
(138, 1, '2018-06-05 11:35:05', '2018-06-05 11:35:05', 430, 2, 1),
(139, 1, '2018-06-05 11:35:14', '2018-06-05 11:35:14', 416, 2, 1),
(140, 1, '2018-06-05 11:35:23', '2018-06-05 11:35:23', 37, 2, 1),
(141, 1, '2018-06-05 11:35:30', '2018-06-05 11:35:30', 419, 2, 1),
(142, 1, '2018-06-05 11:35:40', '2018-06-05 11:35:40', 422, 2, 1),
(143, 1, '2018-06-05 11:35:47', '2018-06-05 11:35:47', 442, 2, 1),
(144, 1, '2018-06-05 11:35:56', '2018-06-05 11:35:56', 51, 2, 1),
(145, 1, '2018-06-05 11:36:04', '2018-06-05 11:36:04', 59, 2, 1),
(146, 1, '2018-06-05 11:36:13', '2018-06-05 11:36:13', 49, 2, 1),
(147, 1, '2018-06-05 11:36:22', '2018-06-05 11:36:22', 52, 2, 1),
(148, 1, '2018-06-05 11:36:32', '2018-06-05 11:36:32', 355, 2, 1),
(149, 1, '2018-06-05 11:36:56', '2018-06-05 11:36:56', 461, 2, 1),
(150, 1, '2018-06-05 11:37:04', '2018-06-05 11:37:04', 475, 2, 1),
(151, 1, '2018-06-05 11:37:14', '2018-06-05 11:37:14', 478, 2, 1),
(152, 1, '2018-06-05 11:38:22', '2018-06-05 11:38:22', 362, 2, 1),
(153, 1, '2018-06-05 11:38:37', '2018-06-05 11:38:37', 619, 2, 1),
(154, 1, '2018-06-05 11:38:49', '2018-06-05 11:38:49', 615, 2, 1),
(155, 1, '2018-06-05 11:38:56', '2018-06-05 11:38:56', 83, 2, 1),
(156, 1, '2018-06-05 11:39:04', '2018-06-05 11:39:04', 327, 2, 1),
(157, 1, '2018-06-05 11:39:19', '2018-06-05 11:39:19', 601, 2, 1),
(158, 1, '2018-06-05 11:39:30', '2018-06-05 11:39:30', 607, 2, 1),
(159, 1, '2018-06-05 11:39:39', '2018-06-05 11:39:39', 602, 2, 1),
(160, 1, '2018-06-05 11:39:54', '2018-06-05 11:39:54', 629, 2, 1),
(161, 1, '2018-06-05 11:40:17', '2018-06-05 11:40:17', 65, 2, 1),
(162, 1, '2018-06-05 11:40:28', '2018-06-05 11:40:28', 101, 2, 1),
(163, 1, '2018-06-05 11:40:36', '2018-06-05 11:40:36', 53, 2, 1),
(164, 1, '2018-06-05 11:40:44', '2018-06-05 11:40:44', 50, 2, 1),
(165, 1, '2018-06-05 11:40:54', '2018-06-05 11:40:54', 68, 2, 1),
(166, 1, '2018-06-05 11:41:07', '2018-06-05 11:41:07', 196, 2, 1),
(167, 1, '2018-06-05 11:41:29', '2018-06-05 11:41:29', 182, 2, 1),
(168, 1, '2018-06-05 11:41:34', '2018-06-05 11:41:34', 181, 2, 1),
(169, 1, '2018-06-05 11:41:49', '2018-06-05 11:41:49', 187, 2, 1),
(170, 1, '2018-06-05 11:41:59', '2018-06-05 11:41:59', 180, 2, 1),
(171, 1, '2018-06-05 11:42:07', '2018-06-05 11:42:07', 197, 2, 1),
(172, 1, '2018-06-05 11:42:29', '2018-06-05 11:42:29', 589, 2, 1),
(173, 1, '2018-06-05 11:42:43', '2018-06-05 11:42:43', 464, 2, 1),
(174, 1, '2018-06-05 11:42:52', '2018-06-05 11:42:52', 460, 2, 1),
(175, 1, '2018-06-05 11:43:01', '2018-06-05 11:43:01', 620, 2, 1),
(176, 1, '2018-06-05 11:43:10', '2018-06-05 11:43:10', 599, 2, 1),
(177, 1, '2018-06-05 11:43:37', '2018-06-05 11:43:37', 627, 2, 1),
(178, 1, '2018-06-05 11:43:45', '2018-06-05 11:43:45', 243, 2, 1),
(179, 1, '2018-06-05 11:43:56', '2018-06-05 11:43:56', 256, 2, 1),
(180, 1, '2018-06-05 11:44:05', '2018-06-05 11:44:05', 263, 2, 1),
(181, 1, '2018-06-05 11:44:11', '2018-06-05 11:44:11', 245, 2, 1),
(182, 1, '2018-06-05 11:44:21', '2018-06-05 11:44:21', 264, 2, 1),
(183, 1, '2018-06-05 11:44:29', '2018-06-05 11:44:29', 246, 2, 1),
(184, 1, '2018-06-05 11:44:37', '2018-06-05 11:44:37', 257, 2, 1),
(185, 1, '2018-06-05 11:44:49', '2018-06-05 11:44:49', 360, 2, 1),
(186, 1, '2018-06-05 11:44:59', '2018-06-05 11:44:59', 61, 2, 1),
(187, 1, '2018-06-05 11:45:07', '2018-06-05 11:45:07', 71, 2, 1),
(188, 1, '2018-06-05 11:45:13', '2018-06-05 11:45:13', 340, 2, 1),
(189, 1, '2018-06-05 11:45:27', '2018-06-05 11:45:27', 576, 2, 1),
(190, 1, '2018-06-05 11:45:33', '2018-06-05 11:45:33', 586, 2, 1),
(191, 1, '2018-06-05 11:45:39', '2018-06-05 11:45:39', 588, 2, 1),
(192, 1, '2018-06-05 11:45:56', '2018-06-05 11:45:56', 581, 2, 1),
(193, 1, '2018-06-05 11:46:07', '2018-06-05 11:46:07', 594, 2, 1),
(194, 1, '2018-06-05 11:46:14', '2018-06-05 11:46:14', 260, 2, 1),
(195, 1, '2018-06-05 11:46:21', '2018-06-05 11:46:21', 76, 2, 1),
(196, 1, '2018-06-05 11:46:29', '2018-06-05 11:46:29', 55, 2, 1),
(197, 1, '2018-06-05 11:46:38', '2018-06-05 11:46:38', 41, 2, 1),
(198, 1, '2018-06-05 11:46:45', '2018-06-05 11:46:45', 40, 2, 1),
(199, 1, '2018-06-05 11:47:49', '2018-06-05 11:47:49', 200, 2, 1),
(200, 1, '2018-06-05 11:47:58', '2018-06-05 11:47:58', 195, 2, 1),
(201, 1, '2018-06-05 11:48:04', '2018-06-05 11:48:04', 194, 2, 1),
(202, 1, '2018-06-05 11:48:13', '2018-06-05 11:48:13', 188, 2, 1),
(203, 1, '2018-06-05 11:48:29', '2018-06-05 11:48:29', 250, 2, 1),
(204, 1, '2018-06-05 11:48:40', '2018-06-05 11:48:40', 261, 2, 1),
(205, 1, '2018-06-05 11:48:54', '2018-06-05 11:48:54', 249, 2, 1),
(206, 1, '2018-06-05 11:49:23', '2018-06-05 11:49:23', 252, 2, 1),
(207, 1, '2018-06-05 11:49:41', '2018-06-05 11:49:41', 457, 2, 1),
(208, 1, '2018-06-05 11:49:55', '2018-06-05 11:49:55', 45, 2, 1),
(209, 1, '2018-06-05 11:50:10', '2018-06-05 11:50:10', 62, 2, 1),
(210, 1, '2018-06-05 11:50:40', '2018-06-05 11:50:40', 183, 2, 1),
(211, 1, '2018-06-05 11:50:52', '2018-06-05 11:50:52', 205, 2, 1),
(212, 1, '2018-06-05 11:51:05', '2018-06-05 11:51:05', 179, 2, 1),
(213, 1, '2018-06-05 11:51:22', '2018-06-05 11:51:22', 190, 2, 1),
(214, 1, '2018-06-05 11:51:30', '2018-06-05 11:51:30', 477, 2, 1),
(215, 1, '2018-06-05 11:51:40', '2018-06-05 11:51:40', 97, 2, 1),
(216, 1, '2018-06-05 11:52:01', '2018-06-05 11:52:01', 72, 2, 1),
(217, 1, '2018-06-05 11:52:08', '2018-06-05 11:52:08', 622, 2, 1),
(218, 1, '2018-06-05 11:52:29', '2018-06-05 11:52:29', 94, 2, 1),
(219, 1, '2018-06-05 11:52:53', '2018-06-05 11:52:53', 102, 2, 1),
(220, 1, '2018-06-05 11:53:02', '2018-06-05 11:53:02', 104, 2, 1),
(221, 1, '2018-06-05 11:53:22', '2018-06-05 11:53:22', 90, 2, 1),
(222, 1, '2018-06-05 11:53:29', '2018-06-05 11:53:29', 108, 2, 1),
(223, 1, '2018-06-05 11:53:42', '2018-06-05 11:53:42', 106, 2, 1),
(224, 1, '2018-06-05 11:53:51', '2018-06-05 11:53:51', 201, 2, 1),
(225, 1, '2018-06-05 11:54:05', '2018-06-05 11:54:05', 207, 2, 1),
(226, 1, '2018-06-05 11:54:19', '2018-06-05 11:54:19', 204, 2, 1),
(227, 1, '2018-06-05 11:54:27', '2018-06-05 11:54:27', 193, 2, 1),
(228, 1, '2018-06-05 11:54:39', '2018-06-05 11:54:39', 198, 2, 1),
(229, 1, '2018-06-05 11:54:47', '2018-06-05 11:54:47', 189, 2, 1),
(230, 1, '2018-06-05 11:55:01', '2018-06-05 11:55:01', 611, 2, 1),
(231, 1, '2018-06-05 11:55:10', '2018-06-05 11:55:10', 20, 2, 1),
(232, 1, '2018-06-05 11:55:18', '2018-06-05 11:55:18', 92, 2, 1),
(233, 1, '2018-06-05 11:55:26', '2018-06-05 11:55:26', 81, 2, 1),
(234, 1, '2018-06-05 11:55:45', '2018-06-05 11:55:45', 87, 2, 1),
(235, 1, '2018-06-05 11:55:54', '2018-06-05 11:55:54', 99, 2, 1),
(236, 1, '2018-06-05 11:56:01', '2018-06-05 11:56:01', 111, 2, 1),
(237, 1, '2018-06-05 11:56:08', '2018-06-05 11:56:08', 89, 2, 1),
(238, 1, '2018-06-05 11:56:14', '2018-06-05 11:56:14', 105, 2, 1),
(239, 1, '2018-06-05 11:56:20', '2018-06-05 11:56:20', 107, 2, 1),
(240, 1, '2018-06-05 11:56:30', '2018-06-05 11:56:30', 86, 2, 1),
(241, 1, '2018-06-05 11:56:38', '2018-06-05 11:56:38', 84, 2, 1),
(242, 1, '2018-06-05 11:56:46', '2018-06-05 11:56:46', 119, 2, 1),
(243, 1, '2018-06-05 11:57:06', '2018-06-05 11:57:06', 112, 2, 1),
(244, 1, '2018-06-05 11:57:17', '2018-06-05 11:57:17', 93, 2, 1),
(245, 1, '2018-06-05 11:57:26', '2018-06-05 11:57:26', 82, 2, 1),
(246, 1, '2018-06-05 11:57:38', '2018-06-05 11:57:38', 113, 2, 1),
(247, 1, '2018-06-05 11:57:47', '2018-06-05 11:57:47', 110, 2, 1),
(248, 1, '2018-06-05 11:57:55', '2018-06-05 11:57:55', 115, 2, 1),
(249, 1, '2018-06-05 11:58:06', '2018-06-05 11:58:06', 1, 2, 1),
(250, 1, '2018-06-05 11:58:15', '2018-06-05 11:58:15', 415, 2, 1),
(251, 1, '2018-06-05 11:58:34', '2018-06-05 11:58:34', 95, 2, 1),
(252, 1, '2018-06-05 11:58:50', '2018-06-05 11:58:50', 78, 2, 1),
(253, 1, '2018-06-05 11:58:57', '2018-06-05 11:58:57', 77, 2, 1),
(254, 1, '2018-06-05 11:59:03', '2018-06-05 11:59:03', 3, 2, 1),
(255, 1, '2018-06-05 11:59:32', '2018-06-05 11:59:32', 66, 2, 1),
(256, 1, '2018-06-05 11:59:43', '2018-06-05 11:59:43', 58, 2, 1),
(257, 1, '2018-06-05 11:59:51', '2018-06-05 11:59:51', 74, 2, 1),
(258, 1, '2018-06-05 12:00:00', '2018-06-05 12:00:00', 667, 2, 1),
(259, 1, '2018-06-05 12:00:13', '2018-06-05 12:00:13', 143, 2, 1),
(260, 1, '2018-06-05 12:00:22', '2018-06-05 12:00:22', 149, 2, 1),
(261, 1, '2018-06-05 12:00:39', '2018-06-05 12:00:39', 121, 2, 1),
(262, 1, '2018-06-05 12:01:00', '2018-06-05 12:01:00', 145, 2, 1),
(263, 1, '2018-06-05 12:01:09', '2018-06-05 12:01:09', 131, 2, 1),
(264, 1, '2018-06-05 12:01:17', '2018-06-05 12:01:17', 124, 2, 1),
(265, 1, '2018-06-05 12:01:26', '2018-06-05 12:01:26', 122, 2, 1),
(266, 1, '2018-06-05 12:01:35', '2018-06-05 12:01:35', 132, 2, 1),
(267, 1, '2018-06-05 12:01:41', '2018-06-05 12:01:41', 146, 2, 1),
(268, 1, '2018-06-05 12:01:48', '2018-06-05 12:01:48', 130, 2, 1),
(269, 1, '2018-06-05 12:02:00', '2018-06-05 12:02:00', 148, 2, 1),
(270, 1, '2018-06-05 12:02:10', '2018-06-05 12:02:10', 150, 2, 1),
(271, 1, '2018-06-05 12:02:19', '2018-06-05 12:02:19', 123, 2, 1),
(272, 1, '2018-06-05 12:02:27', '2018-06-05 12:02:27', 159, 2, 1),
(273, 1, '2018-06-05 12:02:34', '2018-06-05 12:02:34', 142, 2, 1),
(274, 1, '2018-06-05 12:02:44', '2018-06-05 12:02:44', 126, 2, 1),
(275, 1, '2018-06-05 12:02:50', '2018-06-05 12:02:50', 199, 2, 1),
(276, 1, '2018-06-05 12:03:01', '2018-06-05 12:03:01', 136, 2, 1),
(277, 1, '2018-06-05 12:03:10', '2018-06-05 12:03:10', 184, 2, 1),
(278, 1, '2018-06-05 12:03:25', '2018-06-05 12:03:25', 141, 2, 1),
(279, 1, '2018-06-05 12:03:34', '2018-06-05 12:03:34', 127, 2, 1),
(280, 1, '2018-06-05 12:03:49', '2018-06-05 12:03:49', 139, 2, 1),
(281, 1, '2018-06-05 12:04:04', '2018-06-05 12:04:04', 186, 2, 1),
(282, 1, '2018-06-05 12:04:12', '2018-06-05 12:04:12', 203, 2, 1),
(283, 1, '2018-06-05 12:04:18', '2018-06-05 12:04:18', 289, 2, 1),
(284, 1, '2018-06-05 12:04:24', '2018-06-05 12:04:24', 294, 2, 1),
(285, 1, '2018-06-05 12:04:34', '2018-06-05 12:04:34', 118, 2, 1),
(286, 1, '2018-06-05 12:04:44', '2018-06-05 12:04:44', 134, 2, 1),
(287, 1, '2018-06-05 12:04:54', '2018-06-05 12:04:54', 133, 2, 1),
(288, 1, '2018-06-05 12:05:04', '2018-06-05 12:05:04', 138, 2, 1),
(289, 1, '2018-06-05 12:05:12', '2018-06-05 12:05:12', 140, 2, 1),
(290, 1, '2018-06-05 12:05:18', '2018-06-05 12:05:18', 147, 2, 1),
(291, 1, '2018-06-05 12:05:28', '2018-06-05 12:05:28', 427, 2, 1),
(292, 1, '2018-06-05 12:05:43', '2018-06-05 12:05:43', 98, 2, 1),
(293, 1, '2018-06-05 12:05:55', '2018-06-05 12:05:55', 103, 2, 1),
(294, 1, '2018-06-05 12:06:02', '2018-06-05 12:06:02', 96, 2, 1),
(295, 1, '2018-06-05 12:06:07', '2018-06-05 12:06:07', 363, 2, 1),
(296, 1, '2018-06-05 12:06:28', '2018-06-05 12:06:28', 15, 2, 1),
(297, 1, '2018-06-05 12:06:42', '2018-06-05 12:06:42', 14, 2, 1),
(298, 1, '2018-06-05 12:06:49', '2018-06-05 12:06:49', 16, 2, 1),
(299, 1, '2018-06-05 12:06:59', '2018-06-05 12:06:59', 29, 2, 1),
(300, 1, '2018-06-05 12:07:12', '2018-06-05 12:07:12', 24, 2, 1),
(301, 1, '2018-06-05 12:07:19', '2018-06-05 12:07:19', 38, 2, 1),
(302, 1, '2018-06-05 12:07:27', '2018-06-05 12:07:27', 27, 2, 1),
(303, 1, '2018-06-05 12:07:37', '2018-06-05 12:07:37', 6, 2, 1),
(304, 1, '2018-06-05 12:07:47', '2018-06-05 12:07:47', 32, 2, 1),
(305, 1, '2018-06-05 12:07:54', '2018-06-05 12:07:54', 25, 2, 1),
(306, 1, '2018-06-05 12:08:01', '2018-06-05 12:08:01', 19, 2, 1),
(307, 1, '2018-06-05 12:08:11', '2018-06-05 12:08:11', 439, 2, 1),
(308, 1, '2018-06-05 12:08:18', '2018-06-05 12:08:18', 418, 2, 1),
(309, 1, '2018-06-05 12:08:35', '2018-06-05 12:08:35', 414, 2, 1),
(310, 1, '2018-06-05 12:08:41', '2018-06-05 12:08:41', 521, 2, 1),
(311, 1, '2018-06-05 12:08:46', '2018-06-05 12:08:46', 561, 2, 1),
(312, 1, '2018-06-05 12:09:06', '2018-06-05 12:09:06', 544, 2, 1),
(313, 1, '2018-06-05 12:09:17', '2018-06-05 12:09:17', 22, 2, 1),
(314, 1, '2018-06-05 12:09:25', '2018-06-05 12:09:25', 11, 2, 1),
(315, 1, '2018-06-05 12:09:31', '2018-06-05 12:09:31', 10, 2, 1),
(316, 1, '2018-06-05 12:09:38', '2018-06-05 12:09:38', 218, 2, 1),
(317, 1, '2018-06-05 12:09:43', '2018-06-05 12:09:43', 210, 2, 1),
(318, 1, '2018-06-05 12:09:53', '2018-06-05 12:09:53', 117, 2, 1),
(319, 1, '2018-06-05 12:10:01', '2018-06-05 12:10:01', 85, 2, 1),
(320, 1, '2018-06-05 12:10:12', '2018-06-05 12:10:12', 144, 2, 1),
(321, 1, '2018-06-05 12:10:18', '2018-06-05 12:10:18', 259, 2, 1),
(322, 1, '2018-06-05 12:10:27', '2018-06-05 12:10:27', 7, 2, 1),
(323, 1, '2018-06-05 12:10:34', '2018-06-05 12:10:34', 17, 2, 1),
(324, 1, '2018-06-05 12:10:45', '2018-06-05 12:10:45', 28, 2, 1),
(325, 1, '2018-06-05 12:10:59', '2018-06-05 12:10:59', 391, 2, 1),
(326, 1, '2018-06-05 12:11:22', '2018-06-05 12:11:22', 381, 2, 1),
(327, 1, '2018-06-05 12:11:35', '2018-06-05 12:11:35', 21, 2, 1),
(328, 1, '2018-06-05 12:11:48', '2018-06-05 12:11:48', 388, 2, 1),
(329, 1, '2018-06-05 12:11:57', '2018-06-05 12:11:57', 410, 2, 1),
(330, 1, '2018-06-05 12:12:13', '2018-06-05 12:12:13', 382, 2, 1),
(331, 1, '2018-06-05 12:12:23', '2018-06-05 12:12:23', 591, 2, 1),
(332, 1, '2018-06-05 12:12:35', '2018-06-05 12:12:35', 578, 2, 1),
(333, 1, '2018-06-05 12:12:48', '2018-06-05 12:12:48', 80, 2, 1),
(334, 1, '2018-06-05 12:12:57', '2018-06-05 12:12:57', 64, 2, 1),
(335, 1, '2018-06-05 12:13:10', '2018-06-05 12:13:10', 465, 2, 1),
(336, 1, '2018-06-05 12:13:21', '2018-06-05 12:13:21', 399, 2, 1),
(337, 1, '2018-06-05 12:13:29', '2018-06-05 12:13:29', 456, 2, 1),
(338, 1, '2018-06-05 12:13:37', '2018-06-05 12:13:37', 549, 2, 1),
(339, 1, '2018-06-05 12:13:46', '2018-06-05 12:13:46', 405, 2, 1),
(340, 1, '2018-06-05 12:13:52', '2018-06-05 12:13:52', 396, 2, 1),
(341, 1, '2018-06-05 12:13:59', '2018-06-05 12:13:59', 403, 2, 1),
(342, 1, '2018-06-05 12:14:08', '2018-06-05 12:14:08', 392, 2, 1),
(343, 1, '2018-06-05 12:14:22', '2018-06-05 12:14:22', 377, 2, 1),
(344, 1, '2018-06-05 12:14:31', '2018-06-05 12:14:31', 18, 2, 1),
(345, 1, '2018-06-05 12:14:41', '2018-06-05 12:14:41', 35, 2, 1),
(346, 1, '2018-06-05 12:14:52', '2018-06-05 12:14:52', 167, 2, 1),
(347, 1, '2018-06-05 12:15:01', '2018-06-05 12:15:01', 34, 2, 1),
(348, 1, '2018-06-05 12:15:09', '2018-06-05 12:15:09', 23, 2, 1),
(349, 1, '2018-06-05 12:15:17', '2018-06-05 12:15:17', 503, 2, 1),
(350, 1, '2018-06-05 12:15:24', '2018-06-05 12:15:24', 500, 2, 1),
(351, 1, '2018-06-05 12:15:31', '2018-06-05 12:15:31', 483, 2, 1),
(352, 1, '2018-06-05 12:15:44', '2018-06-05 12:15:44', 498, 2, 1),
(353, 1, '2018-06-05 12:15:50', '2018-06-05 12:15:50', 489, 2, 1),
(354, 1, '2018-06-05 12:15:58', '2018-06-05 12:15:58', 511, 2, 1),
(355, 1, '2018-06-05 12:16:10', '2018-06-05 12:16:10', 490, 2, 1),
(356, 1, '2018-06-05 12:16:22', '2018-06-05 12:16:22', 397, 2, 1),
(357, 1, '2018-06-05 12:16:30', '2018-06-05 12:16:30', 406, 2, 1),
(358, 1, '2018-06-05 12:16:36', '2018-06-05 12:16:36', 376, 2, 1),
(359, 1, '2018-06-05 12:16:49', '2018-06-05 12:16:49', 386, 2, 1),
(360, 1, '2018-06-05 12:17:01', '2018-06-05 12:17:01', 598, 2, 1),
(361, 1, '2018-06-05 12:17:13', '2018-06-05 12:17:13', 614, 2, 1),
(362, 1, '2018-06-05 12:17:21', '2018-06-05 12:17:21', 546, 2, 1),
(363, 1, '2018-06-05 12:17:28', '2018-06-05 12:17:28', 562, 2, 1),
(364, 1, '2018-06-05 12:17:40', '2018-06-05 12:17:40', 564, 2, 1),
(365, 1, '2018-06-05 12:17:52', '2018-06-05 12:17:52', 265, 2, 1),
(366, 1, '2018-06-05 12:18:31', '2018-06-05 12:18:31', 407, 2, 1),
(367, 1, '2018-06-05 12:18:40', '2018-06-05 12:18:40', 374, 2, 1),
(368, 1, '2018-06-05 12:18:47', '2018-06-05 12:18:47', 404, 2, 1),
(369, 1, '2018-06-05 12:18:56', '2018-06-05 12:18:56', 398, 2, 1),
(370, 1, '2018-06-05 12:19:06', '2018-06-05 12:19:06', 387, 2, 1),
(371, 1, '2018-06-05 12:19:13', '2018-06-05 12:19:13', 390, 2, 1),
(372, 1, '2018-06-05 12:19:23', '2018-06-05 12:19:23', 373, 2, 1),
(373, 1, '2018-06-05 12:19:33', '2018-06-05 12:19:33', 393, 2, 1),
(374, 1, '2018-06-05 12:19:39', '2018-06-05 12:19:39', 394, 2, 1),
(375, 1, '2018-06-05 12:19:52', '2018-06-05 12:19:52', 453, 2, 1),
(376, 1, '2018-06-05 12:20:00', '2018-06-05 12:20:00', 447, 2, 1),
(377, 1, '2018-06-05 12:20:13', '2018-06-05 12:20:13', 385, 2, 1),
(378, 1, '2018-06-05 12:20:22', '2018-06-05 12:20:22', 380, 2, 1),
(379, 1, '2018-06-05 12:20:30', '2018-06-05 12:20:30', 402, 2, 1),
(380, 1, '2018-06-05 12:20:39', '2018-06-05 12:20:39', 395, 2, 1),
(381, 1, '2018-06-05 12:20:46', '2018-06-05 12:20:46', 372, 2, 1),
(382, 1, '2018-06-05 12:20:57', '2018-06-05 12:20:57', 408, 2, 1),
(383, 1, '2018-06-05 12:21:07', '2018-06-05 12:21:07', 378, 2, 1),
(384, 1, '2018-06-05 12:21:16', '2018-06-05 12:21:16', 400, 2, 1),
(385, 1, '2018-06-05 12:21:28', '2018-06-05 12:21:28', 384, 2, 1),
(386, 1, '2018-06-05 12:21:38', '2018-06-05 12:21:38', 383, 2, 1),
(387, 1, '2018-06-05 12:21:47', '2018-06-05 12:21:47', 60, 2, 1),
(388, 1, '2018-06-05 12:21:59', '2018-06-05 12:21:59', 31, 2, 1),
(389, 1, '2018-06-05 12:22:07', '2018-06-05 12:22:07', 165, 2, 1),
(390, 1, '2018-06-05 12:22:16', '2018-06-05 12:22:16', 171, 2, 1),
(391, 1, '2018-06-05 12:22:27', '2018-06-05 12:22:27', 424, 2, 1),
(392, 1, '2018-06-05 12:22:34', '2018-06-05 12:22:34', 158, 2, 1),
(393, 1, '2018-06-05 12:22:50', '2018-06-05 12:22:50', 169, 2, 1),
(394, 1, '2018-06-05 12:23:00', '2018-06-05 12:23:00', 725, 2, 1),
(395, 1, '2018-06-05 12:23:05', '2018-06-05 12:23:05', 175, 2, 1),
(396, 1, '2018-06-05 12:23:18', '2018-06-05 12:23:18', 164, 2, 1),
(397, 1, '2018-06-05 12:23:26', '2018-06-05 12:23:26', 173, 2, 1),
(398, 1, '2018-06-05 12:23:36', '2018-06-05 12:23:36', 162, 2, 1),
(399, 1, '2018-06-05 12:23:47', '2018-06-05 12:23:47', 168, 2, 1),
(400, 1, '2018-06-05 12:23:57', '2018-06-05 12:23:57', 172, 2, 1),
(401, 1, '2018-06-05 12:24:04', '2018-06-05 12:24:04', 170, 2, 1),
(402, 1, '2018-06-05 12:24:12', '2018-06-05 12:24:12', 161, 2, 1),
(403, 1, '2018-06-05 12:24:18', '2018-06-05 12:24:18', 163, 2, 1),
(404, 1, '2018-06-05 12:24:27', '2018-06-05 12:24:27', 166, 2, 1),
(405, 1, '2018-06-05 12:24:38', '2018-06-05 12:24:38', 156, 2, 1),
(406, 1, '2018-06-05 12:24:45', '2018-06-05 12:24:45', 157, 2, 1),
(407, 1, '2018-06-05 12:24:54', '2018-06-05 12:24:54', 177, 2, 1),
(408, 1, '2018-06-05 12:25:06', '2018-06-05 12:25:06', 283, 2, 1),
(409, 1, '2018-06-05 12:25:13', '2018-06-05 12:25:13', 295, 2, 1),
(410, 1, '2018-06-05 12:25:23', '2018-06-05 12:25:23', 270, 2, 1),
(411, 1, '2018-06-05 12:25:30', '2018-06-05 12:25:30', 269, 2, 1),
(412, 1, '2018-06-05 12:25:39', '2018-06-05 12:25:39', 314, 2, 1),
(413, 1, '2018-06-05 12:25:50', '2018-06-05 12:25:50', 178, 2, 1),
(414, 1, '2018-06-05 12:26:10', '2018-06-05 12:26:10', 152, 2, 1),
(415, 1, '2018-06-05 12:26:19', '2018-06-05 12:26:19', 534, 2, 1),
(416, 1, '2018-06-05 12:26:32', '2018-06-05 12:26:32', 532, 2, 1),
(417, 1, '2018-06-05 12:26:40', '2018-06-05 12:26:40', 526, 2, 1),
(418, 1, '2018-06-05 12:26:55', '2018-06-05 12:26:55', 522, 2, 1),
(419, 1, '2018-06-05 12:27:02', '2018-06-05 12:27:02', 275, 2, 1),
(420, 1, '2018-06-05 12:27:17', '2018-06-05 12:27:17', 287, 2, 1),
(421, 1, '2018-06-05 12:27:27', '2018-06-05 12:27:27', 276, 2, 1),
(422, 1, '2018-06-05 12:27:45', '2018-06-05 12:27:45', 273, 2, 1),
(423, 1, '2018-06-05 12:27:54', '2018-06-05 12:27:54', 721, 2, 1),
(424, 1, '2018-06-05 12:28:09', '2018-06-05 12:28:09', 727, 2, 1),
(425, 1, '2018-06-05 12:28:18', '2018-06-05 12:28:18', 726, 2, 1),
(426, 1, '2018-06-05 12:28:26', '2018-06-05 12:28:26', 720, 2, 1),
(427, 1, '2018-06-05 12:28:37', '2018-06-05 12:28:37', 540, 2, 1),
(428, 1, '2018-06-05 12:28:45', '2018-06-05 12:28:45', 529, 2, 1),
(429, 1, '2018-06-05 12:28:58', '2018-06-05 12:28:58', 717, 2, 1),
(430, 1, '2018-06-05 12:29:36', '2018-06-05 12:29:36', 530, 2, 1),
(431, 1, '2018-06-05 12:30:00', '2018-06-05 12:30:00', 528, 2, 1),
(432, 1, '2018-06-05 12:30:14', '2018-06-05 12:30:14', 539, 2, 1),
(433, 1, '2018-06-05 12:30:24', '2018-06-05 12:30:24', 535, 2, 1),
(434, 1, '2018-06-05 12:30:43', '2018-06-05 12:30:43', 274, 2, 1),
(435, 1, '2018-06-05 12:30:58', '2018-06-05 12:30:58', 279, 2, 1),
(436, 1, '2018-06-05 12:31:12', '2018-06-05 12:31:12', 258, 2, 1),
(437, 1, '2018-06-05 12:31:24', '2018-06-05 12:31:24', 280, 2, 1),
(438, 1, '2018-06-05 12:31:54', '2018-06-05 12:31:54', 533, 2, 1),
(439, 1, '2018-06-05 12:32:07', '2018-06-05 12:32:07', 517, 2, 1),
(440, 1, '2018-06-05 12:32:24', '2018-06-05 12:32:24', 527, 2, 1),
(441, 1, '2018-06-05 12:32:58', '2018-06-05 12:32:58', 234, 2, 1),
(442, 1, '2018-06-05 12:33:29', '2018-06-05 12:33:29', 237, 2, 1),
(443, 1, '2018-06-05 12:33:46', '2018-06-05 12:33:46', 683, 2, 1),
(444, 1, '2018-06-05 12:34:25', '2018-06-05 12:34:25', 409, 2, 1),
(445, 1, '2018-06-05 12:34:36', '2018-06-05 12:34:36', 411, 2, 1),
(446, 1, '2018-06-05 12:34:49', '2018-06-05 12:34:49', 429, 2, 1),
(447, 1, '2018-06-05 12:35:11', '2018-06-05 12:35:11', 421, 2, 1),
(448, 1, '2018-06-05 12:35:23', '2018-06-05 12:35:23', 214, 2, 1),
(449, 1, '2018-06-05 12:35:34', '2018-06-05 12:35:34', 493, 2, 1),
(450, 1, '2018-06-05 12:36:05', '2018-06-05 12:36:05', 494, 2, 1),
(451, 1, '2018-06-05 12:36:24', '2018-06-05 12:36:24', 495, 2, 1),
(452, 1, '2018-06-05 12:36:40', '2018-06-05 12:36:40', 553, 2, 1),
(453, 1, '2018-06-05 12:37:16', '2018-06-05 12:37:16', 488, 2, 1),
(454, 1, '2018-06-05 12:38:13', '2018-06-05 12:38:13', 507, 2, 1),
(455, 1, '2018-06-05 12:38:48', '2018-06-05 12:38:48', 492, 2, 1),
(456, 1, '2018-06-05 12:39:04', '2018-06-05 12:39:04', 486, 2, 1),
(457, 1, '2018-06-05 12:39:23', '2018-06-05 12:39:23', 510, 2, 1),
(458, 1, '2018-06-05 12:39:38', '2018-06-05 12:39:38', 568, 2, 1),
(459, 1, '2018-06-05 12:39:58', '2018-06-05 12:39:58', 268, 2, 1),
(460, 1, '2018-06-05 12:40:09', '2018-06-05 12:40:09', 271, 2, 1),
(461, 1, '2018-06-05 12:40:26', '2018-06-05 12:40:26', 412, 2, 1),
(462, 1, '2018-06-05 12:40:42', '2018-06-05 12:40:42', 565, 2, 1),
(463, 1, '2018-06-05 12:41:08', '2018-06-05 12:41:08', 551, 2, 1),
(464, 1, '2018-06-05 12:41:28', '2018-06-05 12:41:28', 555, 2, 1),
(465, 1, '2018-06-05 12:41:38', '2018-06-05 12:41:38', 129, 2, 1),
(466, 1, '2018-06-05 12:48:33', '2018-06-05 12:48:33', 520, 2, 1),
(467, 1, '2018-06-05 12:49:56', '2018-06-05 12:49:56', 514, 2, 1),
(468, 1, '2018-06-05 12:50:12', '2018-06-05 12:50:12', 541, 2, 1),
(469, 1, '2018-06-05 12:50:32', '2018-06-05 12:50:32', 512, 2, 1),
(470, 1, '2018-06-05 12:51:05', '2018-06-05 12:51:05', 531, 2, 1),
(471, 1, '2018-06-05 12:51:31', '2018-06-05 12:51:31', 516, 2, 1),
(472, 1, '2018-06-05 12:53:09', '2018-06-05 12:53:09', 624, 2, 1),
(473, 1, '2018-06-05 12:53:41', '2018-06-05 12:53:41', 692, 2, 1),
(474, 1, '2018-06-05 12:54:13', '2018-06-05 12:54:13', 69, 2, 1),
(475, 1, '2018-06-05 12:54:32', '2018-06-05 12:54:32', 713, 2, 1),
(476, 1, '2018-06-05 12:54:46', '2018-06-05 12:54:46', 715, 2, 1),
(477, 1, '2018-06-05 12:55:23', '2018-06-05 12:55:23', 285, 2, 1),
(478, 1, '2018-06-05 12:55:41', '2018-06-05 12:55:41', 538, 2, 1),
(479, 1, '2018-06-05 12:55:56', '2018-06-05 12:55:56', 697, 2, 1),
(480, 1, '2018-06-05 12:57:02', '2018-06-05 12:57:02', 674, 2, 1),
(481, 1, '2018-06-05 12:57:49', '2018-06-05 12:57:49', 542, 2, 1),
(482, 1, '2018-06-05 12:59:56', '2018-06-05 12:59:56', 208, 2, 1),
(483, 1, '2018-06-05 13:00:27', '2018-06-05 13:00:27', 209, 2, 1),
(484, 1, '2018-06-05 13:00:44', '2018-06-05 13:00:44', 211, 2, 1),
(485, 1, '2018-06-05 13:00:54', '2018-06-05 13:00:54', 212, 2, 1),
(486, 1, '2018-06-05 13:01:06', '2018-06-05 13:01:06', 213, 2, 1),
(487, 1, '2018-06-05 13:01:19', '2018-06-05 13:01:19', 215, 2, 1),
(488, 1, '2018-06-05 13:01:32', '2018-06-05 13:01:32', 216, 2, 1),
(489, 1, '2018-06-05 13:01:51', '2018-06-05 13:01:51', 219, 2, 1),
(490, 1, '2018-06-05 13:02:09', '2018-06-05 13:02:09', 220, 2, 1),
(491, 1, '2018-06-05 13:02:19', '2018-06-05 13:02:19', 223, 2, 1),
(492, 1, '2018-06-05 13:02:32', '2018-06-05 13:02:32', 224, 2, 1),
(493, 1, '2018-06-05 13:02:43', '2018-06-05 13:02:43', 225, 2, 1),
(494, 1, '2018-06-05 13:02:59', '2018-06-05 13:02:59', 226, 2, 1),
(495, 1, '2018-06-05 13:03:16', '2018-06-05 13:03:16', 227, 2, 1),
(496, 1, '2018-06-05 13:03:27', '2018-06-05 13:03:27', 228, 2, 1),
(497, 1, '2018-06-05 13:03:40', '2018-06-05 13:03:40', 229, 2, 1),
(498, 0, '2018-06-05 13:04:18', '2018-06-05 13:04:18', 230, 2, 1),
(499, 1, '2018-06-05 13:05:04', '2018-06-05 13:05:04', 231, 2, 1),
(500, 1, '2018-06-05 13:05:15', '2018-06-05 13:05:15', 232, 2, 1),
(501, 1, '2018-06-05 13:08:34', '2018-06-05 13:08:34', 233, 2, 1),
(502, 1, '2018-06-05 13:08:47', '2018-06-05 13:08:47', 235, 2, 1),
(503, 1, '2018-06-05 13:09:23', '2018-06-05 13:09:23', 239, 2, 1),
(504, 1, '2018-06-05 13:09:43', '2018-06-05 13:09:43', 240, 2, 1),
(505, 1, '2018-06-05 13:10:17', '2018-06-05 13:10:17', 267, 2, 1),
(506, 1, '2018-06-05 13:10:35', '2018-06-05 13:10:35', 272, 2, 1),
(507, 1, '2018-06-05 13:13:13', '2018-06-05 13:13:13', 277, 2, 1),
(508, 1, '2018-06-05 13:13:39', '2018-06-05 13:13:39', 281, 2, 1),
(509, 1, '2018-06-05 13:13:54', '2018-06-05 13:13:54', 282, 2, 1),
(510, 1, '2018-06-05 13:14:08', '2018-06-05 13:14:08', 284, 2, 1),
(511, 1, '2018-06-05 13:14:57', '2018-06-05 13:14:57', 286, 2, 1),
(512, 1, '2018-06-05 13:15:22', '2018-06-05 13:15:22', 293, 2, 1),
(513, 1, '2018-06-05 13:15:38', '2018-06-05 13:15:38', 303, 2, 1),
(514, 1, '2018-06-05 13:15:53', '2018-06-05 13:15:53', 319, 2, 1),
(515, 1, '2018-06-05 13:16:22', '2018-06-05 13:16:22', 425, 2, 1),
(516, 1, '2018-06-05 13:16:31', '2018-06-05 13:16:31', 426, 2, 1),
(517, 1, '2018-06-05 13:16:49', '2018-06-05 13:16:49', 431, 2, 1),
(518, 1, '2018-06-05 13:17:01', '2018-06-05 13:17:01', 435, 2, 1),
(519, 1, '2018-06-05 13:17:14', '2018-06-05 13:17:14', 437, 2, 1),
(520, 1, '2018-06-05 13:17:28', '2018-06-05 13:17:28', 438, 2, 1),
(521, 1, '2018-06-05 13:17:44', '2018-06-05 13:17:44', 441, 2, 1),
(522, 1, '2018-06-05 13:18:09', '2018-06-05 13:18:09', 481, 2, 1),
(523, 1, '2018-06-05 13:18:17', '2018-06-05 13:18:17', 482, 2, 1),
(524, 1, '2018-06-05 13:18:32', '2018-06-05 13:18:32', 485, 2, 1),
(525, 1, '2018-06-05 13:18:50', '2018-06-05 13:18:50', 487, 2, 1),
(526, 1, '2018-06-05 13:19:20', '2018-06-05 13:19:20', 496, 2, 1),
(527, 1, '2018-06-05 13:19:31', '2018-06-05 13:19:31', 497, 2, 1),
(528, 1, '2018-06-05 13:23:05', '2018-06-05 13:23:05', 501, 2, 1),
(529, 1, '2018-06-05 13:24:10', '2018-06-05 13:24:10', 505, 2, 1),
(530, 1, '2018-06-05 13:25:14', '2018-06-05 13:25:14', 508, 2, 1),
(531, 1, '2018-06-05 13:25:51', '2018-06-05 13:25:51', 509, 2, 1),
(532, 1, '2018-06-05 13:26:34', '2018-06-05 13:26:34', 523, 2, 1),
(533, 1, '2018-06-05 13:27:01', '2018-06-05 13:27:01', 559, 2, 1),
(534, 1, '2018-06-05 13:27:16', '2018-06-05 13:27:16', 566, 2, 1),
(535, 1, '2018-06-05 13:29:29', '2018-06-05 13:29:29', 669, 2, 1),
(536, 1, '2018-06-05 13:31:48', '2018-06-05 13:31:48', 670, 2, 1),
(537, 1, '2018-06-05 13:32:19', '2018-06-05 13:32:19', 671, 2, 1),
(538, 1, '2018-06-05 13:32:35', '2018-06-05 13:32:35', 672, 2, 1),
(539, 1, '2018-06-05 13:32:46', '2018-06-05 13:32:46', 673, 2, 1),
(540, 1, '2018-06-05 13:33:12', '2018-06-05 13:33:12', 675, 2, 1),
(541, 1, '2018-06-05 13:33:44', '2018-06-05 13:33:44', 677, 2, 1),
(542, 1, '2018-06-05 13:34:14', '2018-06-05 13:34:14', 681, 2, 1),
(543, 1, '2018-06-05 13:34:34', '2018-06-05 13:34:34', 685, 2, 1),
(544, 1, '2018-06-05 13:34:48', '2018-06-05 13:34:48', 686, 2, 1),
(545, 1, '2018-06-05 13:35:07', '2018-06-05 13:35:07', 689, 2, 1),
(546, 1, '2018-06-05 13:35:19', '2018-06-05 13:35:19', 690, 2, 1),
(547, 1, '2018-06-05 13:35:34', '2018-06-05 13:35:34', 693, 2, 1),
(548, 1, '2018-06-05 13:35:49', '2018-06-05 13:35:49', 694, 2, 1),
(549, 1, '2018-06-05 13:36:05', '2018-06-05 13:36:05', 695, 2, 1),
(550, 1, '2018-06-05 13:36:23', '2018-06-05 13:36:23', 696, 2, 1),
(551, 1, '2018-06-05 13:36:45', '2018-06-05 13:36:45', 698, 2, 1),
(552, 1, '2018-06-05 13:37:08', '2018-06-05 13:37:08', 700, 2, 1),
(553, 1, '2018-06-05 13:37:22', '2018-06-05 13:37:22', 701, 2, 1),
(554, 1, '2018-06-05 13:37:33', '2018-06-05 13:37:33', 703, 2, 1),
(555, 1, '2018-06-05 13:37:57', '2018-06-05 13:37:57', 705, 2, 1),
(556, 1, '2018-06-06 11:13:20', '2018-06-06 11:13:20', 164, 3, 1),
(557, 1, '2018-06-06 11:13:42', '2018-06-06 11:13:42', 163, 3, 1),
(558, 1, '2018-06-06 11:14:00', '2018-06-06 11:14:00', 165, 3, 1),
(559, 1, '2018-06-06 11:14:14', '2018-06-06 11:14:14', 141, 3, 1),
(560, 1, '2018-06-06 11:14:28', '2018-06-06 11:14:28', 169, 3, 1),
(561, 1, '2018-06-06 11:14:55', '2018-06-06 11:14:55', 171, 3, 1),
(562, 1, '2018-06-06 11:16:14', '2018-06-06 11:16:14', 317, 3, 1),
(563, 1, '2018-06-06 11:16:31', '2018-06-06 11:16:31', 297, 3, 1),
(564, 1, '2018-06-06 11:16:42', '2018-06-06 11:16:42', 302, 3, 1),
(565, 1, '2018-06-06 11:16:57', '2018-06-06 11:16:57', 323, 3, 1),
(566, 1, '2018-06-06 11:17:08', '2018-06-06 11:17:08', 316, 3, 1),
(567, 1, '2018-06-06 11:17:25', '2018-06-06 11:17:25', 333, 3, 1),
(568, 1, '2018-06-06 11:17:36', '2018-06-06 11:17:36', 329, 3, 1),
(569, 1, '2018-06-06 11:17:51', '2018-06-06 11:17:51', 309, 3, 1),
(570, 1, '2018-06-06 11:19:32', '2018-06-06 11:19:32', 298, 3, 1),
(571, 1, '2018-06-06 11:19:44', '2018-06-06 11:19:44', 656, 3, 1),
(572, 1, '2018-06-06 11:20:00', '2018-06-06 11:20:00', 324, 3, 1),
(573, 1, '2018-06-06 11:20:15', '2018-06-06 11:20:15', 300, 3, 1),
(574, 1, '2018-06-06 11:20:26', '2018-06-06 11:20:26', 303, 3, 1),
(575, 1, '2018-06-06 11:20:41', '2018-06-06 11:20:41', 310, 3, 1),
(576, 1, '2018-06-06 11:20:58', '2018-06-06 11:20:58', 334, 3, 1),
(577, 1, '2018-06-06 11:21:11', '2018-06-06 11:21:11', 313, 3, 1),
(578, 1, '2018-06-06 11:21:25', '2018-06-06 11:21:25', 311, 3, 1),
(579, 1, '2018-06-06 11:21:41', '2018-06-06 11:21:41', 203, 3, 1),
(580, 1, '2018-06-06 11:21:50', '2018-06-06 11:21:50', 142, 3, 1),
(581, 1, '2018-06-06 11:22:00', '2018-06-06 11:22:00', 136, 3, 1),
(582, 1, '2018-06-06 11:22:11', '2018-06-06 11:22:11', 332, 3, 1),
(583, 1, '2018-06-06 11:22:25', '2018-06-06 11:22:25', 328, 3, 1),
(584, 1, '2018-06-06 11:22:44', '2018-06-06 11:22:44', 325, 3, 1),
(585, 1, '2018-06-06 11:22:58', '2018-06-06 11:22:58', 322, 3, 1),
(586, 1, '2018-06-06 11:23:14', '2018-06-06 11:23:14', 330, 3, 1),
(587, 1, '2018-06-06 11:23:23', '2018-06-06 11:23:23', 304, 3, 1),
(588, 1, '2018-06-06 11:23:43', '2018-06-06 11:23:43', 331, 3, 1),
(589, 1, '2018-06-06 11:23:58', '2018-06-06 11:23:58', 305, 3, 1),
(590, 1, '2018-06-06 11:24:17', '2018-06-06 11:24:17', 175, 3, 1),
(591, 1, '2018-06-06 11:24:24', '2018-06-06 11:24:24', 173, 3, 1),
(592, 1, '2018-06-06 11:24:32', '2018-06-06 11:24:32', 201, 3, 1),
(593, 1, '2018-06-06 11:24:47', '2018-06-06 11:24:47', 162, 3, 1),
(594, 1, '2018-06-06 11:25:01', '2018-06-06 11:25:01', 193, 3, 1),
(595, 1, '2018-06-06 11:25:11', '2018-06-06 11:25:11', 204, 3, 1),
(596, 1, '2018-06-06 11:25:24', '2018-06-06 11:25:24', 207, 3, 1),
(597, 1, '2018-06-06 11:25:37', '2018-06-06 11:25:37', 198, 3, 1),
(598, 1, '2018-06-06 11:27:26', '2018-06-06 11:27:26', 326, 3, 1),
(599, 1, '2018-06-06 11:27:35', '2018-06-06 11:27:35', 321, 3, 1),
(600, 1, '2018-06-06 11:28:05', '2018-06-06 11:28:05', 166, 3, 1),
(601, 1, '2018-06-06 11:28:18', '2018-06-06 11:28:18', 177, 3, 1),
(602, 1, '2018-06-06 11:28:35', '2018-06-06 11:28:35', 172, 3, 1),
(603, 1, '2018-06-06 11:28:51', '2018-06-06 11:28:51', 116, 3, 1),
(604, 1, '2018-06-06 11:29:17', '2018-06-06 11:29:17', 122, 3, 1),
(605, 1, '2018-06-06 11:29:27', '2018-06-06 11:29:27', 550, 3, 1),
(606, 1, '2018-06-06 11:29:51', '2018-06-06 11:29:51', 124, 3, 1),
(607, 1, '2018-06-06 11:30:33', '2018-06-06 11:30:33', 150, 3, 1),
(608, 1, '2018-06-06 11:30:47', '2018-06-06 11:30:47', 123, 3, 1),
(609, 1, '2018-06-06 11:31:11', '2018-06-06 11:31:11', 307, 3, 1),
(610, 1, '2018-06-06 11:32:04', '2018-06-06 11:32:04', 153, 3, 1),
(611, 1, '2018-06-06 11:32:21', '2018-06-06 11:32:21', 157, 3, 1),
(612, 1, '2018-06-06 11:32:31', '2018-06-06 11:32:31', 319, 3, 1),
(613, 1, '2018-06-06 11:32:45', '2018-06-06 11:32:45', 312, 3, 1),
(614, 1, '2018-06-06 11:32:57', '2018-06-06 11:32:57', 127, 3, 1),
(615, 1, '2018-06-06 11:33:13', '2018-06-06 11:33:13', 526, 3, 1),
(616, 1, '2018-06-06 11:33:26', '2018-06-06 11:33:26', 186, 3, 1),
(617, 1, '2018-06-06 11:33:50', '2018-06-06 11:33:50', 139, 3, 1),
(618, 1, '2018-06-06 11:34:09', '2018-06-06 11:34:09', 188, 3, 1),
(619, 1, '2018-06-06 11:34:21', '2018-06-06 11:34:21', 146, 3, 1),
(620, 1, '2018-06-06 11:34:39', '2018-06-06 11:34:39', 132, 3, 1),
(621, 1, '2018-06-06 11:35:00', '2018-06-06 11:35:00', 130, 3, 1),
(622, 1, '2018-06-06 11:35:16', '2018-06-06 11:35:16', 148, 3, 1),
(623, 1, '2018-06-06 11:35:30', '2018-06-06 11:35:30', 158, 3, 1),
(624, 1, '2018-06-06 11:35:48', '2018-06-06 11:35:48', 184, 3, 1),
(625, 1, '2018-06-06 11:36:01', '2018-06-06 11:36:01', 200, 3, 1),
(626, 1, '2018-06-06 11:37:05', '2018-06-06 11:37:05', 170, 3, 1),
(627, 1, '2018-06-06 11:37:18', '2018-06-06 11:37:18', 161, 3, 1),
(628, 1, '2018-06-06 11:37:36', '2018-06-06 11:37:36', 315, 3, 1),
(629, 1, '2018-06-06 11:37:56', '2018-06-06 11:37:56', 318, 3, 1),
(630, 1, '2018-06-06 11:38:58', '2018-06-06 11:38:58', 202, 3, 1),
(631, 1, '2018-06-06 11:39:09', '2018-06-06 11:39:09', 145, 3, 1),
(632, 1, '2018-06-06 11:39:58', '2018-06-06 11:39:58', 190, 3, 1),
(633, 1, '2018-06-06 11:40:53', '2018-06-06 11:40:53', 194, 3, 1),
(634, 1, '2018-06-06 11:42:54', '2018-06-06 11:42:54', 314, 3, 1),
(635, 1, '2018-06-06 11:43:57', '2018-06-06 11:43:57', 131, 3, 1),
(636, 1, '2018-06-06 11:44:09', '2018-06-06 11:44:09', 128, 3, 1),
(637, 1, '2018-06-06 11:44:30', '2018-06-06 11:44:30', 120, 3, 1),
(638, 1, '2018-06-06 11:44:44', '2018-06-06 11:44:44', 149, 3, 1),
(639, 1, '2018-06-06 11:45:53', '2018-06-06 11:45:53', 181, 3, 1),
(640, 1, '2018-06-06 11:46:05', '2018-06-06 11:46:05', 187, 3, 1),
(641, 1, '2018-06-06 11:46:20', '2018-06-06 11:46:20', 182, 3, 1),
(642, 1, '2018-06-06 11:46:29', '2018-06-06 11:46:29', 89, 3, 1),
(643, 1, '2018-06-06 11:46:38', '2018-06-06 11:46:38', 113, 3, 1),
(644, 1, '2018-06-06 11:46:53', '2018-06-06 11:46:53', 117, 3, 1),
(645, 1, '2018-06-06 11:47:06', '2018-06-06 11:47:06', 85, 3, 1),
(646, 1, '2018-06-06 11:47:18', '2018-06-06 11:47:18', 82, 3, 1),
(647, 1, '2018-06-06 11:47:34', '2018-06-06 11:47:34', 105, 3, 1),
(648, 1, '2018-06-06 11:47:57', '2018-06-06 11:47:57', 86, 3, 1),
(649, 1, '2018-06-06 11:48:07', '2018-06-06 11:48:07', 111, 3, 1),
(650, 1, '2018-06-06 11:48:19', '2018-06-06 11:48:19', 107, 3, 1),
(651, 1, '2018-06-06 11:48:43', '2018-06-06 11:48:43', 87, 3, 1),
(652, 1, '2018-06-06 11:48:52', '2018-06-06 11:48:52', 81, 3, 1),
(653, 1, '2018-06-06 11:49:19', '2018-06-06 11:49:19', 143, 3, 1),
(654, 1, '2018-06-06 11:49:37', '2018-06-06 11:49:37', 97, 3, 1),
(655, 1, '2018-06-06 11:49:47', '2018-06-06 11:49:47', 106, 3, 1),
(656, 1, '2018-06-06 11:50:03', '2018-06-06 11:50:03', 115, 3, 1),
(657, 1, '2018-06-06 11:50:24', '2018-06-06 11:50:24', 110, 3, 1),
(658, 1, '2018-06-06 11:50:36', '2018-06-06 11:50:36', 104, 3, 1),
(659, 1, '2018-06-06 11:50:47', '2018-06-06 11:50:47', 90, 3, 1),
(660, 1, '2018-06-06 11:51:05', '2018-06-06 11:51:05', 102, 3, 1),
(661, 1, '2018-06-06 11:51:18', '2018-06-06 11:51:18', 108, 3, 1),
(662, 1, '2018-06-06 11:51:32', '2018-06-06 11:51:32', 159, 3, 1),
(663, 1, '2018-06-06 11:51:52', '2018-06-06 11:51:52', 189, 3, 1),
(664, 1, '2018-06-06 11:52:04', '2018-06-06 11:52:04', 93, 3, 1),
(665, 0, '2018-06-06 11:52:16', '2018-06-06 11:52:16', 253, 3, 1),
(666, 0, '2018-06-06 11:52:56', '2018-06-06 11:52:56', 254, 3, 1),
(667, 0, '2018-06-06 11:53:08', '2018-06-06 11:53:08', 259, 3, 1),
(668, 1, '2018-06-06 11:53:21', '2018-06-06 11:53:21', 144, 3, 1),
(669, 1, '2018-06-06 11:54:10', '2018-06-06 11:54:10', 94, 3, 1),
(670, 1, '2018-06-06 11:54:25', '2018-06-06 11:54:25', 83, 3, 1),
(671, 1, '2018-06-06 11:54:39', '2018-06-06 11:54:39', 327, 3, 1),
(672, 1, '2018-06-06 11:55:24', '2018-06-06 11:55:24', 663, 3, 1),
(673, 1, '2018-06-06 11:55:35', '2018-06-06 11:55:35', 657, 3, 1),
(674, 1, '2018-06-06 11:55:48', '2018-06-06 11:55:48', 653, 3, 1),
(675, 1, '2018-06-06 11:56:01', '2018-06-06 11:56:01', 649, 3, 1),
(676, 1, '2018-06-06 11:56:15', '2018-06-06 11:56:15', 650, 3, 1),
(677, 0, '2018-06-06 11:56:35', '2018-06-06 11:56:35', 251, 3, 1),
(678, 1, '2018-06-06 11:56:45', '2018-06-06 11:56:45', 634, 3, 1),
(679, 1, '2018-06-06 11:57:41', '2018-06-06 11:57:41', 652, 3, 1),
(680, 1, '2018-06-06 11:57:54', '2018-06-06 11:57:54', 664, 3, 1),
(681, 1, '2018-06-06 11:58:07', '2018-06-06 11:58:07', 640, 3, 1),
(682, 1, '2018-06-06 11:58:20', '2018-06-06 11:58:20', 338, 3, 1),
(683, 1, '2018-06-06 11:58:33', '2018-06-06 11:58:33', 568, 3, 1),
(684, 1, '2018-06-06 11:58:48', '2018-06-06 11:58:48', 362, 3, 1),
(685, 1, '2018-06-06 11:59:02', '2018-06-06 11:59:02', 348, 3, 1),
(686, 1, '2018-06-06 11:59:14', '2018-06-06 11:59:14', 369, 3, 1),
(687, 1, '2018-06-06 11:59:28', '2018-06-06 11:59:28', 339, 3, 1),
(688, 1, '2018-06-06 11:59:39', '2018-06-06 11:59:39', 354, 3, 1),
(689, 1, '2018-06-06 11:59:53', '2018-06-06 11:59:53', 361, 3, 1),
(690, 1, '2018-06-06 12:00:21', '2018-06-06 12:00:21', 335, 3, 1),
(691, 1, '2018-06-06 12:00:38', '2018-06-06 12:00:38', 356, 3, 1),
(692, 1, '2018-06-06 12:00:54', '2018-06-06 12:00:54', 366, 3, 1),
(693, 1, '2018-06-06 12:01:18', '2018-06-06 12:01:18', 370, 3, 1),
(694, 1, '2018-06-06 12:01:40', '2018-06-06 12:01:40', 548, 3, 1),
(695, 1, '2018-06-06 12:01:50', '2018-06-06 12:01:50', 554, 3, 1),
(696, 1, '2018-06-06 12:02:01', '2018-06-06 12:02:01', 551, 3, 1),
(697, 1, '2018-06-06 12:02:18', '2018-06-06 12:02:18', 573, 3, 1),
(698, 1, '2018-06-06 12:02:32', '2018-06-06 12:02:32', 572, 3, 1),
(699, 1, '2018-06-06 12:03:00', '2018-06-06 12:03:00', 368, 3, 1),
(700, 1, '2018-06-06 12:03:12', '2018-06-06 12:03:12', 360, 3, 1),
(701, 1, '2018-06-06 12:03:21', '2018-06-06 12:03:21', 351, 3, 1),
(702, 1, '2018-06-06 12:03:40', '2018-06-06 12:03:40', 345, 3, 1),
(703, 1, '2018-06-06 12:03:52', '2018-06-06 12:03:52', 636, 3, 1),
(704, 1, '2018-06-06 12:04:05', '2018-06-06 12:04:05', 665, 3, 1),
(705, 1, '2018-06-06 12:04:31', '2018-06-06 12:04:31', 320, 3, 1),
(706, 1, '2018-06-06 12:04:51', '2018-06-06 12:04:51', 308, 3, 1),
(707, 1, '2018-06-06 12:05:02', '2018-06-06 12:05:02', 342, 3, 1),
(708, 1, '2018-06-06 12:05:13', '2018-06-06 12:05:13', 357, 3, 1),
(709, 1, '2018-06-06 12:05:25', '2018-06-06 12:05:25', 359, 3, 1),
(710, 1, '2018-06-06 12:05:36', '2018-06-06 12:05:36', 553, 3, 1),
(711, 1, '2018-06-06 12:05:48', '2018-06-06 12:05:48', 646, 3, 1),
(712, 1, '2018-06-06 12:06:19', '2018-06-06 12:06:19', 632, 3, 1),
(713, 1, '2018-06-06 12:06:29', '2018-06-06 12:06:29', 659, 3, 1),
(714, 1, '2018-06-06 12:06:41', '2018-06-06 12:06:41', 630, 3, 1),
(715, 1, '2018-06-06 12:07:21', '2018-06-06 12:07:21', 647, 3, 1),
(716, 1, '2018-06-06 12:07:33', '2018-06-06 12:07:33', 654, 3, 1),
(717, 1, '2018-06-06 12:07:44', '2018-06-06 12:07:44', 648, 3, 1),
(718, 1, '2018-06-06 12:07:56', '2018-06-06 12:07:56', 638, 3, 1),
(719, 1, '2018-06-06 12:08:04', '2018-06-06 12:08:04', 350, 3, 1),
(720, 1, '2018-06-06 12:08:15', '2018-06-06 12:08:15', 344, 3, 1),
(721, 1, '2018-06-06 12:08:23', '2018-06-06 12:08:23', 336, 3, 1),
(722, 1, '2018-06-06 12:08:35', '2018-06-06 12:08:35', 57, 3, 1),
(723, 1, '2018-06-06 12:08:43', '2018-06-06 12:08:43', 347, 3, 1),
(724, 1, '2018-06-06 12:08:50', '2018-06-06 12:08:50', 353, 3, 1),
(725, 1, '2018-06-06 12:08:57', '2018-06-06 12:08:57', 352, 3, 1),
(726, 1, '2018-06-06 12:09:08', '2018-06-06 12:09:08', 343, 3, 1),
(727, 1, '2018-06-06 12:09:14', '2018-06-06 12:09:14', 367, 3, 1),
(728, 1, '2018-06-06 12:09:24', '2018-06-06 12:09:24', 346, 3, 1),
(729, 1, '2018-06-06 12:09:40', '2018-06-06 12:09:40', 365, 3, 1),
(730, 1, '2018-06-06 12:09:46', '2018-06-06 12:09:46', 349, 3, 1),
(731, 1, '2018-06-06 12:09:58', '2018-06-06 12:09:58', 358, 3, 1),
(732, 1, '2018-06-06 12:10:04', '2018-06-06 12:10:04', 337, 3, 1),
(733, 1, '2018-06-06 12:10:12', '2018-06-06 12:10:12', 559, 3, 1),
(734, 1, '2018-06-06 12:10:36', '2018-06-06 12:10:36', 561, 3, 1),
(735, 1, '2018-06-06 12:10:45', '2018-06-06 12:10:45', 546, 3, 1),
(736, 1, '2018-06-06 12:10:56', '2018-06-06 12:10:56', 565, 3, 1),
(737, 1, '2018-06-06 12:11:32', '2018-06-06 12:11:32', 666, 3, 1),
(738, 1, '2018-06-06 12:11:41', '2018-06-06 12:11:41', 643, 3, 1),
(739, 1, '2018-06-06 12:12:04', '2018-06-06 12:12:04', 547, 3, 1),
(740, 1, '2018-06-06 12:12:12', '2018-06-06 12:12:12', 569, 3, 1),
(741, 1, '2018-06-06 12:12:23', '2018-06-06 12:12:23', 571, 3, 1),
(742, 1, '2018-06-06 12:12:28', '2018-06-06 12:12:28', 564, 3, 1),
(743, 1, '2018-06-06 12:12:37', '2018-06-06 12:12:37', 641, 3, 1),
(744, 1, '2018-06-06 12:13:19', '2018-06-06 12:13:19', 118, 3, 1),
(745, 1, '2018-06-06 12:13:28', '2018-06-06 12:13:28', 54, 3, 1),
(746, 1, '2018-06-06 12:13:33', '2018-06-06 12:13:33', 67, 3, 1),
(747, 1, '2018-06-06 12:13:40', '2018-06-06 12:13:40', 661, 3, 1),
(748, 1, '2018-06-06 12:13:54', '2018-06-06 12:13:54', 633, 3, 1),
(749, 1, '2018-06-06 12:14:07', '2018-06-06 12:14:07', 639, 3, 1),
(750, 1, '2018-06-06 12:14:13', '2018-06-06 12:14:13', 637, 3, 1),
(751, 1, '2018-06-06 12:14:20', '2018-06-06 12:14:20', 660, 3, 1),
(752, 1, '2018-06-06 12:14:27', '2018-06-06 12:14:27', 642, 3, 1),
(753, 1, '2018-06-06 12:14:33', '2018-06-06 12:14:33', 645, 3, 1),
(754, 1, '2018-06-06 12:14:53', '2018-06-06 12:14:53', 560, 3, 1),
(755, 1, '2018-06-06 12:15:11', '2018-06-06 12:15:11', 567, 3, 1),
(756, 1, '2018-06-06 12:15:18', '2018-06-06 12:15:18', 556, 3, 1),
(757, 1, '2018-06-06 12:15:25', '2018-06-06 12:15:25', 579, 3, 1),
(758, 1, '2018-06-06 12:15:32', '2018-06-06 12:15:32', 591, 3, 1),
(759, 1, '2018-06-06 12:15:48', '2018-06-06 12:15:48', 584, 3, 1),
(760, 1, '2018-06-06 12:15:58', '2018-06-06 12:15:58', 587, 3, 1),
(761, 1, '2018-06-06 12:16:06', '2018-06-06 12:16:06', 593, 3, 1),
(762, 1, '2018-06-06 12:16:15', '2018-06-06 12:16:15', 577, 3, 1),
(763, 1, '2018-06-06 12:16:23', '2018-06-06 12:16:23', 582, 3, 1),
(764, 1, '2018-06-06 12:16:33', '2018-06-06 12:16:33', 590, 3, 1),
(765, 1, '2018-06-06 12:16:44', '2018-06-06 12:16:44', 589, 3, 1),
(766, 1, '2018-06-06 12:16:49', '2018-06-06 12:16:49', 583, 3, 1),
(767, 1, '2018-06-06 12:18:14', '2018-06-06 12:18:14', 519, 3, 1),
(768, 1, '2018-06-06 12:18:21', '2018-06-06 12:18:21', 521, 3, 1),
(769, 1, '2018-06-06 12:18:26', '2018-06-06 12:18:26', 76, 3, 1),
(770, 1, '2018-06-06 12:18:51', '2018-06-06 12:18:51', 36, 3, 1);
INSERT INTO `record_children` (`id`, `approved`, `created_at`, `updated_at`, `person_id`, `record_father_id`, `payment_type_id`) VALUES
(771, 1, '2018-06-06 12:19:02', '2018-06-06 12:19:02', 38, 3, 1),
(772, 1, '2018-06-06 12:19:09', '2018-06-06 12:19:09', 22, 3, 1),
(773, 1, '2018-06-06 12:19:16', '2018-06-06 12:19:16', 11, 3, 1),
(774, 1, '2018-06-06 12:19:22', '2018-06-06 12:19:22', 10, 3, 1),
(775, 1, '2018-06-06 12:19:29', '2018-06-06 12:19:29', 27, 3, 1),
(776, 1, '2018-06-06 12:19:36', '2018-06-06 12:19:36', 37, 3, 1),
(777, 1, '2018-06-06 12:19:42', '2018-06-06 12:19:42', 39, 3, 1),
(778, 1, '2018-06-06 12:19:51', '2018-06-06 12:19:51', 363, 3, 1),
(779, 1, '2018-06-06 12:20:16', '2018-06-06 12:20:16', 549, 3, 1),
(780, 1, '2018-06-06 12:20:25', '2018-06-06 12:20:25', 576, 3, 1),
(781, 1, '2018-06-06 12:20:35', '2018-06-06 12:20:35', 586, 3, 1),
(782, 1, '2018-06-06 12:20:56', '2018-06-06 12:20:56', 140, 3, 1),
(783, 1, '2018-06-06 12:21:07', '2018-06-06 12:21:07', 133, 3, 1),
(784, 0, '2018-06-06 12:21:14', '2018-06-06 12:21:14', 270, 3, 1),
(785, 1, '2018-06-06 12:21:22', '2018-06-06 12:21:22', 138, 3, 1),
(786, 1, '2018-06-06 12:21:30', '2018-06-06 12:21:30', 4, 3, 1),
(787, 1, '2018-06-06 12:21:37', '2018-06-06 12:21:37', 66, 3, 1),
(788, 1, '2018-06-06 12:21:44', '2018-06-06 12:21:44', 3, 3, 1),
(789, 1, '2018-06-06 12:21:52', '2018-06-06 12:21:52', 101, 3, 1),
(790, 1, '2018-06-06 12:22:05', '2018-06-06 12:22:05', 65, 3, 1),
(791, 1, '2018-06-06 12:22:14', '2018-06-06 12:22:14', 109, 3, 1),
(792, 1, '2018-06-06 12:22:23', '2018-06-06 12:22:23', 56, 3, 1),
(793, 1, '2018-06-06 12:22:29', '2018-06-06 12:22:29', 59, 3, 1),
(794, 1, '2018-06-06 12:22:36', '2018-06-06 12:22:36', 51, 3, 1),
(795, 1, '2018-06-06 12:22:41', '2018-06-06 12:22:41', 49, 3, 1),
(796, 1, '2018-06-06 12:22:49', '2018-06-06 12:22:49', 14, 3, 1),
(797, 1, '2018-06-06 12:23:00', '2018-06-06 12:23:00', 17, 3, 1),
(798, 1, '2018-06-06 12:23:06', '2018-06-06 12:23:06', 72, 3, 1),
(799, 1, '2018-06-06 12:23:46', '2018-06-06 12:23:46', 78, 3, 1),
(800, 1, '2018-06-06 12:24:03', '2018-06-06 12:24:03', 79, 3, 1),
(801, 1, '2018-06-06 12:24:11', '2018-06-06 12:24:11', 40, 3, 1),
(802, 1, '2018-06-06 12:24:18', '2018-06-06 12:24:18', 68, 3, 1),
(803, 1, '2018-06-06 12:24:26', '2018-06-06 12:24:26', 50, 3, 1),
(804, 1, '2018-06-06 12:24:33', '2018-06-06 12:24:33', 53, 3, 1),
(805, 1, '2018-06-06 12:24:42', '2018-06-06 12:24:42', 77, 3, 1),
(806, 1, '2018-06-06 12:24:51', '2018-06-06 12:24:51', 42, 3, 1),
(807, 1, '2018-06-06 12:24:59', '2018-06-06 12:24:59', 74, 3, 1),
(808, 1, '2018-06-06 12:25:05', '2018-06-06 12:25:05', 63, 3, 1),
(809, 1, '2018-06-06 12:25:11', '2018-06-06 12:25:11', 48, 3, 1),
(810, 1, '2018-06-06 12:25:27', '2018-06-06 12:25:27', 43, 3, 1),
(811, 1, '2018-06-06 12:25:44', '2018-06-06 12:25:44', 58, 3, 1),
(812, 1, '2018-06-06 12:25:52', '2018-06-06 12:25:52', 73, 3, 1),
(813, 1, '2018-06-06 12:26:04', '2018-06-06 12:26:04', 64, 3, 1),
(814, 1, '2018-06-06 12:26:13', '2018-06-06 12:26:13', 45, 3, 1),
(815, 1, '2018-06-06 12:26:22', '2018-06-06 12:26:22', 62, 3, 1),
(816, 1, '2018-06-06 12:26:33', '2018-06-06 12:26:33', 341, 3, 1),
(817, 1, '2018-06-06 12:27:02', '2018-06-06 12:27:02', 55, 3, 1),
(818, 1, '2018-06-06 12:27:19', '2018-06-06 12:27:19', 52, 3, 1),
(819, 1, '2018-06-06 12:27:28', '2018-06-06 12:27:28', 31, 3, 1),
(820, 1, '2018-06-06 12:27:42', '2018-06-06 12:27:42', 355, 3, 1),
(821, 1, '2018-06-06 12:27:51', '2018-06-06 12:27:51', 60, 3, 1),
(822, 1, '2018-06-06 12:28:00', '2018-06-06 12:28:00', 25, 3, 1),
(823, 1, '2018-06-06 12:28:08', '2018-06-06 12:28:08', 6, 3, 1),
(824, 1, '2018-06-06 12:28:27', '2018-06-06 12:28:27', 28, 3, 1),
(825, 1, '2018-06-06 12:28:37', '2018-06-06 12:28:37', 7, 3, 1),
(826, 1, '2018-06-06 12:28:43', '2018-06-06 12:28:43', 41, 3, 1),
(827, 1, '2018-06-06 12:28:51', '2018-06-06 12:28:51', 19, 3, 1),
(828, 1, '2018-06-06 12:29:23', '2018-06-06 12:29:23', 20, 3, 1),
(829, 1, '2018-06-06 12:29:48', '2018-06-06 12:29:48', 35, 3, 1),
(830, 1, '2018-06-06 12:29:57', '2018-06-06 12:29:57', 18, 3, 1),
(831, 1, '2018-06-06 12:30:07', '2018-06-06 12:30:07', 34, 3, 1),
(832, 1, '2018-06-06 12:30:14', '2018-06-06 12:30:14', 23, 3, 1),
(833, 1, '2018-06-06 12:30:21', '2018-06-06 12:30:21', 16, 3, 1),
(834, 1, '2018-06-06 12:30:38', '2018-06-06 12:30:38', 29, 3, 1),
(835, 1, '2018-06-06 12:30:54', '2018-06-06 12:30:54', 12, 3, 1),
(836, 1, '2018-06-06 12:31:05', '2018-06-06 12:31:05', 581, 3, 1),
(837, 1, '2018-06-06 12:31:10', '2018-06-06 12:31:10', 594, 3, 1),
(838, 1, '2018-06-06 12:31:16', '2018-06-06 12:31:16', 191, 3, 1),
(839, 1, '2018-06-06 12:31:59', '2018-06-06 12:31:59', 541, 3, 1),
(840, 1, '2018-06-06 12:32:06', '2018-06-06 12:32:06', 542, 3, 1),
(841, 1, '2018-06-06 12:32:15', '2018-06-06 12:32:15', 514, 3, 1),
(842, 1, '2018-06-06 12:33:12', '2018-06-06 12:33:12', 24, 3, 1),
(843, 1, '2018-06-06 12:33:19', '2018-06-06 12:33:19', 129, 3, 1),
(844, 1, '2018-06-06 12:33:26', '2018-06-06 12:33:26', 555, 3, 1),
(845, 1, '2018-06-06 12:33:36', '2018-06-06 12:33:36', 1, 3, 1),
(846, 1, '2018-06-06 12:33:49', '2018-06-06 12:33:49', 95, 3, 1),
(847, 1, '2018-06-06 12:34:06', '2018-06-06 12:34:06', 566, 3, 1),
(848, 1, '2018-06-06 12:35:42', '2018-06-06 12:35:42', 301, 3, 1),
(849, 1, '2018-06-06 12:53:07', '2018-06-06 12:53:07', 651, 3, 1),
(850, 1, '2018-06-06 18:33:29', '2018-06-06 18:33:29', 251, 3, 1),
(851, 1, '2018-06-06 18:33:44', '2018-06-06 18:33:44', 186, 3, 1),
(852, 1, '2018-06-06 18:34:05', '2018-06-06 18:34:05', 245, 3, 1),
(853, 1, '2018-06-06 18:37:36', '2018-06-06 18:37:36', 127, 3, 1),
(854, 1, '2018-06-06 18:37:46', '2018-06-06 18:37:46', 259, 3, 1),
(855, 1, '2018-06-06 18:37:57', '2018-06-06 18:37:57', 218, 3, 1),
(856, 1, '2018-06-06 18:38:10', '2018-06-06 18:38:10', 210, 3, 1),
(857, 1, '2018-06-06 18:41:35', '2018-06-06 18:41:35', 254, 3, 1),
(858, 1, '2018-06-06 18:41:45', '2018-06-06 18:41:45', 270, 3, 1),
(859, 1, '2018-06-06 18:41:59', '2018-06-06 18:41:59', 253, 3, 1),
(860, 1, '2018-06-06 18:42:13', '2018-06-06 18:42:13', 215, 3, 1);

-- --------------------------------------------------------

--
-- Estrutura da tabela `record_father`
--

CREATE TABLE `record_father` (
  `id` int(10) UNSIGNED NOT NULL,
  `created_at` timestamp NULL DEFAULT NULL,
  `updated_at` timestamp NULL DEFAULT NULL
) ENGINE=InnoDB DEFAULT CHARSET=utf8 COLLATE=utf8_unicode_ci;

--
-- Extraindo dados da tabela `record_father`
--

INSERT INTO `record_father` (`id`, `created_at`, `updated_at`) VALUES
(1, '2018-06-04 13:12:53', '2018-06-04 13:12:53'),
(2, '2018-06-05 11:00:35', '2018-06-05 11:00:35'),
(3, '2018-06-06 11:13:20', '2018-06-06 11:13:20');

-- --------------------------------------------------------

--
-- Estrutura da tabela `students`
--

CREATE TABLE `students` (
  `id` int(10) UNSIGNED NOT NULL,
  `registry` varchar(255) COLLATE utf8_unicode_ci NOT NULL,
  `isBoarder` tinyint(1) NOT NULL,
  `created_at` timestamp NULL DEFAULT NULL,
  `updated_at` timestamp NULL DEFAULT NULL,
  `school_id` int(10) UNSIGNED NOT NULL,
  `person_id` int(10) UNSIGNED NOT NULL,
  `class_id` int(10) UNSIGNED DEFAULT NULL
) ENGINE=InnoDB DEFAULT CHARSET=utf8 COLLATE=utf8_unicode_ci;

--
-- Extraindo dados da tabela `students`
--

INSERT INTO `students` (`id`, `registry`, `isBoarder`, `created_at`, `updated_at`, `school_id`, `person_id`, `class_id`) VALUES
(1, '2017311242', 0, '2018-06-04 11:34:06', '2018-06-04 11:34:19', 1, 1, NULL),
(2, '2018310375', 0, '2018-06-04 11:34:06', '2018-06-04 11:34:19', 1, 2, NULL),
(3, '2018318936', 0, '2018-06-04 11:34:06', '2018-06-04 11:34:19', 1, 3, NULL),
(4, '2018313555', 0, '2018-06-04 11:34:06', '2018-06-04 11:34:19', 1, 4, NULL),
(5, '2018315916', 0, '2018-06-04 11:34:06', '2018-06-04 11:34:19', 1, 5, NULL),
(6, '2018314507', 0, '2018-06-04 11:34:06', '2018-06-04 11:34:19', 1, 6, NULL),
(7, '2018317456', 0, '2018-06-04 11:34:06', '2018-06-04 11:34:19', 1, 7, NULL),
(8, '2018314801', 0, '2018-06-04 11:34:06', '2018-06-04 11:34:19', 1, 8, NULL),
(9, '2018319334', 0, '2018-06-04 11:34:06', '2018-06-04 11:34:19', 1, 9, NULL),
(10, '2018318533', 0, '2018-06-04 11:34:06', '2018-06-04 11:34:19', 1, 10, NULL),
(11, '2018308475', 0, '2018-06-04 11:34:06', '2018-06-04 11:34:19', 1, 11, NULL),
(12, '2018318560', 0, '2018-06-04 11:34:06', '2018-06-04 11:34:19', 1, 12, NULL),
(13, '2017311387', 0, '2018-06-04 11:34:06', '2018-06-04 11:34:19', 1, 13, NULL),
(14, '2018315827', 0, '2018-06-04 11:34:06', '2018-06-04 11:34:19', 1, 14, NULL),
(15, '2018317536', 0, '2018-06-04 11:34:06', '2018-06-04 11:34:19', 1, 15, NULL),
(16, '2018312861', 0, '2018-06-04 11:34:06', '2018-06-04 11:34:19', 1, 16, NULL),
(17, '2018311336', 0, '2018-06-04 11:34:06', '2018-06-04 11:34:19', 1, 17, NULL),
(18, '2018311022', 0, '2018-06-04 11:34:06', '2018-06-04 11:34:19', 1, 18, NULL),
(19, '2018308439', 0, '2018-06-04 11:34:06', '2018-06-04 11:34:19', 1, 19, NULL),
(20, '2018322385', 0, '2018-06-04 11:34:06', '2018-06-04 11:34:19', 1, 20, NULL),
(21, '2018308377', 0, '2018-06-04 11:34:06', '2018-06-04 11:34:19', 1, 21, NULL),
(22, '2018314632', 0, '2018-06-04 11:34:06', '2018-06-04 11:34:19', 1, 22, NULL),
(23, '2018313484', 0, '2018-06-04 11:34:06', '2018-06-04 11:34:19', 1, 23, NULL),
(24, '2018312923', 0, '2018-06-04 11:34:06', '2018-06-04 11:34:19', 1, 24, NULL),
(25, '2018318300', 0, '2018-06-04 11:34:06', '2018-06-04 11:34:19', 1, 25, NULL),
(26, '2018314875', 0, '2018-06-04 11:34:06', '2018-06-04 11:34:19', 1, 26, NULL),
(27, '2018318570', 0, '2018-06-04 11:34:06', '2018-06-04 11:34:19', 1, 27, NULL),
(28, '2018318524', 0, '2018-06-04 11:34:06', '2018-06-04 11:34:19', 1, 28, NULL),
(29, '2018306176', 0, '2018-06-04 11:34:06', '2018-06-04 11:34:19', 1, 29, NULL),
(30, '2018310357', 0, '2018-06-04 11:34:07', '2018-06-04 11:34:19', 1, 30, NULL),
(31, '2018322394', 0, '2018-06-04 11:34:07', '2018-06-04 11:34:19', 1, 31, NULL),
(32, '2018318080', 0, '2018-06-04 11:34:07', '2018-06-04 11:34:19', 1, 32, NULL),
(33, '2018318551', 0, '2018-06-04 11:34:07', '2018-06-04 11:34:19', 1, 33, NULL),
(34, '2017309558', 0, '2018-06-04 11:34:07', '2018-06-04 11:34:19', 1, 34, NULL),
(35, '2017310100', 0, '2018-06-04 11:34:07', '2018-06-04 11:34:19', 1, 35, NULL),
(36, '2018311120', 0, '2018-06-04 11:34:07', '2018-06-04 11:34:19', 1, 36, NULL),
(37, '2018322376', 0, '2018-06-04 11:34:07', '2018-06-04 11:34:19', 1, 37, NULL),
(38, '2018318014', 0, '2018-06-04 11:34:07', '2018-06-04 11:34:19', 1, 38, NULL),
(39, '2017310915', 0, '2018-06-04 11:34:07', '2018-06-04 11:34:19', 1, 39, NULL),
(40, '2017307938', 0, '2018-06-04 11:34:07', '2018-06-04 11:34:19', 1, 40, NULL),
(41, '2018312988', 0, '2018-06-04 11:34:07', '2018-06-04 11:34:19', 1, 41, NULL),
(42, '2018310366', 0, '2018-06-04 11:34:07', '2018-06-04 11:34:19', 1, 42, NULL),
(43, '2018308537', 0, '2018-06-04 11:34:07', '2018-06-04 11:34:19', 1, 43, NULL),
(44, '2018314383', 0, '2018-06-04 11:34:07', '2018-06-04 11:34:19', 1, 44, NULL),
(45, '2018318319', 0, '2018-06-04 11:34:07', '2018-06-04 11:34:19', 1, 45, NULL),
(46, '2017309351', 0, '2018-06-04 11:34:07', '2018-06-04 11:34:19', 1, 46, NULL),
(47, '2018311309', 0, '2018-06-04 11:34:07', '2018-06-04 11:34:19', 1, 47, NULL),
(48, '2018312558', 0, '2018-06-04 11:34:07', '2018-06-04 11:34:19', 1, 48, NULL),
(49, '2018318490', 0, '2018-06-04 11:34:07', '2018-06-04 11:34:19', 1, 49, NULL),
(50, '2018308457', 0, '2018-06-04 11:34:07', '2018-06-04 11:34:19', 1, 50, NULL),
(51, '2018317474', 0, '2018-06-04 11:34:07', '2018-06-04 11:34:19', 1, 51, NULL),
(52, '2018317492', 0, '2018-06-04 11:34:07', '2018-06-04 11:34:19', 1, 52, NULL),
(53, '2018308582', 0, '2018-06-04 11:34:07', '2018-06-04 11:34:19', 1, 53, NULL),
(54, '2018313072', 0, '2018-06-04 11:34:07', '2018-06-04 11:34:19', 1, 54, NULL),
(55, '2018308500', 0, '2018-06-04 11:34:07', '2018-06-04 11:34:19', 1, 55, NULL),
(56, '2018314409', 0, '2018-06-04 11:34:07', '2018-06-04 11:34:19', 1, 56, NULL),
(57, '2018310384', 0, '2018-06-04 11:34:07', '2018-06-04 11:34:19', 1, 57, NULL),
(58, '2018312709', 0, '2018-06-04 11:34:07', '2018-06-04 11:34:19', 1, 58, NULL),
(59, '2018314777', 0, '2018-06-04 11:34:07', '2018-06-04 11:34:19', 1, 59, NULL),
(60, '2018314991', 0, '2018-06-04 11:34:07', '2018-06-04 11:34:19', 1, 60, NULL),
(61, '2018318005', 0, '2018-06-04 11:34:07', '2018-06-04 11:34:19', 1, 61, NULL),
(62, '2018314024', 0, '2018-06-04 11:34:07', '2018-06-04 11:34:19', 1, 62, NULL),
(63, '2018317518', 0, '2018-06-04 11:34:07', '2018-06-04 11:34:19', 1, 63, NULL),
(64, '2018311194', 0, '2018-06-04 11:34:07', '2018-06-04 11:34:19', 1, 64, NULL),
(65, '2017309870', 0, '2018-06-04 11:34:07', '2018-06-04 11:34:19', 1, 65, NULL),
(66, '2017322667', 0, '2018-06-04 11:34:07', '2018-06-04 11:34:19', 1, 66, NULL),
(67, '2018311087', 0, '2018-06-04 11:34:07', '2018-06-04 11:34:19', 1, 67, NULL),
(68, '2018318284', 0, '2018-06-04 11:34:07', '2018-06-04 11:34:19', 1, 68, NULL),
(69, '2018306167', 0, '2018-06-04 11:34:07', '2018-06-04 11:34:19', 1, 69, NULL),
(70, '2018316709', 0, '2018-06-04 11:34:07', '2018-06-04 11:34:20', 1, 70, NULL),
(71, '2018308395', 0, '2018-06-04 11:34:07', '2018-06-04 11:34:20', 1, 71, NULL),
(72, '2018311980', 0, '2018-06-04 11:34:07', '2018-06-04 11:34:20', 1, 72, NULL),
(73, '2018318515', 0, '2018-06-04 11:34:07', '2018-06-04 11:34:20', 1, 73, NULL),
(74, '2018314543', 0, '2018-06-04 11:34:07', '2018-06-04 11:34:20', 1, 74, NULL),
(75, '2017318477', 0, '2018-06-04 11:34:07', '2018-06-04 11:34:20', 1, 75, NULL),
(76, '2018314964', 0, '2018-06-04 11:34:07', '2018-06-04 11:34:20', 1, 76, NULL),
(77, '2018315040', 0, '2018-06-04 11:34:07', '2018-06-04 11:34:20', 1, 77, NULL),
(78, '2018318506', 0, '2018-06-04 11:34:07', '2018-06-04 11:34:20', 1, 78, NULL),
(79, '2018314614', 0, '2018-06-04 11:34:07', '2018-06-04 11:34:20', 1, 79, NULL),
(80, '2018315872', 0, '2018-06-04 11:34:07', '2018-06-04 11:34:20', 1, 80, NULL),
(81, '2018317895', 0, '2018-06-04 11:34:07', '2018-06-04 11:34:20', 1, 81, NULL),
(82, '2018308564', 0, '2018-06-04 11:34:07', '2018-06-04 11:34:20', 1, 82, NULL),
(83, '2018322920', 0, '2018-06-04 11:34:07', '2018-06-04 11:34:20', 1, 83, NULL),
(84, '2018314365', 0, '2018-06-04 11:34:07', '2018-06-04 11:34:20', 1, 84, NULL),
(85, '2018318041', 0, '2018-06-04 11:34:07', '2018-06-04 11:34:20', 1, 85, NULL),
(86, '2018304410', 0, '2018-06-04 11:34:07', '2018-06-04 11:34:20', 1, 86, NULL),
(87, '2018316744', 0, '2018-06-04 11:34:07', '2018-06-04 11:34:20', 1, 87, NULL),
(88, '2018315783', 0, '2018-06-04 11:34:07', '2018-06-04 11:34:20', 1, 88, NULL),
(89, '2018316520', 0, '2018-06-04 11:34:07', '2018-06-04 11:34:20', 1, 89, NULL),
(90, '2018317975', 0, '2018-06-04 11:34:07', '2018-06-04 11:34:20', 1, 90, NULL),
(91, '2018316735', 0, '2018-06-04 11:34:07', '2018-06-04 11:34:20', 1, 91, NULL),
(92, '2018317554', 0, '2018-06-04 11:34:07', '2018-06-04 11:34:20', 1, 92, NULL),
(93, '2018318471', 0, '2018-06-04 11:34:07', '2018-06-04 11:34:20', 1, 93, NULL),
(94, '2018310867', 0, '2018-06-04 11:34:07', '2018-06-04 11:34:20', 1, 94, NULL),
(95, '2017309502', 0, '2018-06-04 11:34:07', '2018-06-04 11:34:20', 1, 95, NULL),
(96, '2018316539', 0, '2018-06-04 11:34:07', '2018-06-04 11:34:20', 1, 96, NULL),
(97, '2018311040', 0, '2018-06-04 11:34:07', '2018-06-04 11:34:20', 1, 97, NULL),
(98, '2018317572', 0, '2018-06-04 11:34:07', '2018-06-04 11:34:20', 1, 98, NULL),
(99, '2018311265', 0, '2018-06-04 11:34:07', '2018-06-04 11:34:20', 1, 99, NULL),
(100, '2018311238', 0, '2018-06-04 11:34:07', '2018-06-04 11:34:20', 1, 100, NULL),
(101, '2018319343', 0, '2018-06-04 11:34:07', '2018-06-04 11:34:20', 1, 101, NULL),
(102, '2018314481', 0, '2018-06-04 11:34:07', '2018-06-04 11:34:20', 1, 102, NULL),
(103, '2017303886', 0, '2018-06-04 11:34:07', '2018-06-04 11:34:20', 1, 103, NULL),
(104, '2018318444', 0, '2018-06-04 11:34:07', '2018-06-04 11:34:20', 1, 104, NULL),
(105, '2018312502', 0, '2018-06-04 11:34:07', '2018-06-04 11:34:20', 1, 105, NULL),
(106, '2018312638', 0, '2018-06-04 11:34:07', '2018-06-04 11:34:20', 1, 106, NULL),
(107, '2018312182', 0, '2018-06-04 11:34:07', '2018-06-04 11:34:20', 1, 107, NULL),
(108, '2017310530', 0, '2018-06-04 11:34:07', '2018-06-04 11:34:20', 1, 108, NULL),
(109, '2018318293', 0, '2018-06-04 11:34:07', '2018-06-04 11:34:20', 1, 109, NULL),
(110, '2018315021', 0, '2018-06-04 11:34:07', '2018-06-04 11:34:20', 1, 110, NULL),
(111, '2018318453', 0, '2018-06-04 11:34:07', '2018-06-04 11:34:20', 1, 111, NULL),
(112, '2018315729', 0, '2018-06-04 11:34:07', '2018-06-04 11:34:20', 1, 112, NULL),
(113, '2018323014', 0, '2018-06-04 11:34:07', '2018-06-04 11:34:20', 1, 113, NULL),
(114, '2018310393', 0, '2018-06-04 11:34:07', '2018-06-04 11:34:20', 1, 114, NULL),
(115, '2018310320', 0, '2018-06-04 11:34:07', '2018-06-04 11:34:20', 1, 115, NULL),
(116, '2017305675', 0, '2018-06-04 11:34:07', '2018-06-04 11:34:20', 1, 116, NULL),
(117, '2018306194', 0, '2018-06-04 11:34:07', '2018-06-04 11:34:20', 1, 117, NULL),
(118, '2018306149', 0, '2018-06-04 11:34:07', '2018-06-04 11:34:20', 1, 118, NULL),
(119, '2018317429', 0, '2018-06-04 11:34:07', '2018-06-04 11:34:20', 1, 119, NULL),
(120, '2017308390', 0, '2018-06-04 11:34:07', '2018-06-04 11:34:20', 1, 120, NULL),
(121, '2017310871', 0, '2018-06-04 11:34:07', '2018-06-04 11:34:20', 1, 121, NULL),
(122, '2017309217', 0, '2018-06-04 11:34:07', '2018-06-04 11:34:20', 1, 122, NULL),
(123, '2017312571', 0, '2018-06-04 11:34:07', '2018-06-04 11:34:20', 1, 123, NULL),
(124, '2017310782', 0, '2018-06-04 11:34:07', '2018-06-04 11:34:20', 1, 124, NULL),
(125, '2017309342', 0, '2018-06-04 11:34:07', '2018-06-04 11:34:20', 1, 125, NULL),
(126, '2015300070', 0, '2018-06-04 11:34:07', '2018-06-04 11:34:20', 1, 126, NULL),
(127, '2017322282', 1, '2018-06-04 11:34:07', '2018-06-04 11:34:20', 1, 127, NULL),
(128, '2017303723', 0, '2018-06-04 11:34:07', '2018-06-04 11:34:20', 1, 128, NULL),
(129, '2016300191', 0, '2018-06-04 11:34:07', '2018-06-04 11:34:20', 1, 129, NULL),
(130, '2017309404', 0, '2018-06-04 11:34:07', '2018-06-04 11:34:20', 1, 130, NULL),
(131, '2017310880', 0, '2018-06-04 11:34:07', '2018-06-04 11:34:20', 1, 131, NULL),
(132, '2017309914', 0, '2018-06-04 11:34:07', '2018-06-04 11:34:20', 1, 132, NULL),
(133, '2017310844', 0, '2018-06-04 11:34:07', '2018-06-04 11:34:20', 1, 133, NULL),
(134, '2017312885', 0, '2018-06-04 11:34:07', '2018-06-04 11:34:20', 1, 134, NULL),
(135, '2017321982', 0, '2018-06-04 11:34:07', '2018-06-04 11:34:20', 1, 135, NULL),
(136, '2017309306', 0, '2018-06-04 11:34:07', '2018-06-04 11:34:20', 1, 136, NULL),
(137, '2017310343', 0, '2018-06-04 11:34:07', '2018-06-04 11:34:20', 1, 137, NULL),
(138, '2017310998', 0, '2018-06-04 11:34:07', '2018-06-04 11:34:20', 1, 138, NULL),
(139, '2016300217', 1, '2018-06-04 11:34:07', '2018-06-04 11:34:20', 1, 139, NULL),
(140, '2017311000', 0, '2018-06-04 11:34:07', '2018-06-04 11:34:20', 1, 140, NULL),
(141, '2017310675', 0, '2018-06-04 11:34:07', '2018-06-04 11:34:20', 1, 141, NULL),
(142, '2017310906', 0, '2018-06-04 11:34:07', '2018-06-04 11:34:20', 1, 142, NULL),
(143, '2017310058', 0, '2018-06-04 11:34:07', '2018-06-04 11:34:20', 1, 143, NULL),
(144, '2017309253', 0, '2018-06-04 11:34:07', '2018-06-04 11:34:20', 1, 144, NULL),
(145, '2017310755', 0, '2018-06-04 11:34:07', '2018-06-04 11:34:20', 1, 145, NULL),
(146, '2017322658', 0, '2018-06-04 11:34:07', '2018-06-04 11:34:20', 1, 146, NULL),
(147, '2017309807', 0, '2018-06-04 11:34:07', '2018-06-04 11:34:20', 1, 147, NULL),
(148, '2018323023', 0, '2018-06-04 11:34:07', '2018-06-04 11:34:20', 1, 148, NULL),
(149, '2017310156', 0, '2018-06-04 11:34:07', '2018-06-04 11:34:20', 1, 149, NULL),
(150, '2017310011', 0, '2018-06-04 11:34:07', '2018-06-04 11:34:20', 1, 150, NULL),
(151, '2017309315', 0, '2018-06-04 11:34:07', '2018-06-04 11:34:20', 1, 151, NULL),
(152, '2017311550', 0, '2018-06-04 11:34:07', '2018-06-04 11:34:20', 1, 152, NULL),
(153, '2017310316', 0, '2018-06-04 11:34:07', '2018-06-04 11:34:20', 1, 153, NULL),
(154, '2017311378', 0, '2018-06-04 11:34:07', '2018-06-04 11:34:20', 1, 154, NULL),
(155, '2017309763', 0, '2018-06-04 11:34:07', '2018-06-04 11:34:20', 1, 155, NULL),
(156, '2017316113', 0, '2018-06-04 11:34:07', '2018-06-04 11:34:20', 1, 156, NULL),
(157, '2017309932', 0, '2018-06-04 11:34:07', '2018-06-04 11:34:20', 1, 157, NULL),
(158, '2017309422', 0, '2018-06-04 11:34:07', '2018-06-04 11:34:20', 1, 158, NULL),
(159, '2017311153', 0, '2018-06-04 11:34:07', '2018-06-04 11:34:20', 1, 159, NULL),
(160, '2016300271', 0, '2018-06-04 11:34:07', '2018-06-04 11:34:20', 1, 160, NULL),
(161, '2017310209', 0, '2018-06-04 11:34:07', '2018-06-04 11:34:20', 1, 161, NULL),
(162, '2017309816', 0, '2018-06-04 11:34:07', '2018-06-04 11:34:20', 1, 162, NULL),
(163, '2017311304', 0, '2018-06-04 11:34:07', '2018-06-04 11:34:20', 1, 163, NULL),
(164, '2017310138', 0, '2018-06-04 11:34:07', '2018-06-04 11:34:20', 1, 164, NULL),
(165, '2017310067', 0, '2018-06-04 11:34:07', '2018-06-04 11:34:20', 1, 165, NULL),
(166, '2017305530', 0, '2018-06-04 11:34:07', '2018-06-04 11:34:20', 1, 166, NULL),
(167, '2017309280', 0, '2018-06-04 11:34:07', '2018-06-04 11:34:20', 1, 167, NULL),
(168, '2017310174', 0, '2018-06-04 11:34:07', '2018-06-04 11:34:20', 1, 168, NULL),
(169, '2017310183', 0, '2018-06-04 11:34:07', '2018-06-04 11:34:20', 1, 169, NULL),
(170, '2017310595', 0, '2018-06-04 11:34:07', '2018-06-04 11:34:20', 1, 170, NULL),
(171, '2017311233', 0, '2018-06-04 11:34:07', '2018-06-04 11:34:20', 1, 171, NULL),
(172, '2017310460', 0, '2018-06-04 11:34:07', '2018-06-04 11:34:20', 1, 172, NULL),
(173, '2017314834', 0, '2018-06-04 11:34:07', '2018-06-04 11:34:20', 1, 173, NULL),
(174, '2017310497', 0, '2018-06-04 11:34:07', '2018-06-04 11:34:20', 1, 174, NULL),
(175, '2017309389', 0, '2018-06-04 11:34:07', '2018-06-04 11:34:20', 1, 175, NULL),
(176, '2017309333', 0, '2018-06-04 11:34:07', '2018-06-04 11:34:20', 1, 176, NULL),
(177, '2017308194', 0, '2018-06-04 11:34:07', '2018-06-04 11:34:20', 1, 177, NULL),
(178, '2017318501', 0, '2018-06-04 11:34:07', '2018-06-04 11:34:20', 1, 178, NULL),
(179, '2017310657', 0, '2018-06-04 11:34:07', '2018-06-04 11:34:20', 1, 179, NULL),
(180, '2017310737', 0, '2018-06-04 11:34:07', '2018-06-04 11:34:20', 1, 180, NULL),
(181, '2017311251', 0, '2018-06-04 11:34:07', '2018-06-04 11:34:20', 1, 181, NULL),
(182, '2017316294', 0, '2018-06-04 11:34:07', '2018-06-04 11:34:20', 1, 182, NULL),
(183, '2017310835', 0, '2018-06-04 11:34:07', '2018-06-04 11:34:20', 1, 183, NULL),
(184, '2017308336', 0, '2018-06-04 11:34:07', '2018-06-04 11:34:20', 1, 184, NULL),
(185, '2017311171', 0, '2018-06-04 11:34:07', '2018-06-04 11:34:20', 1, 185, NULL),
(186, '2016300280', 1, '2018-06-04 11:34:07', '2018-06-04 11:34:20', 1, 186, NULL),
(187, '2017310764', 0, '2018-06-04 11:34:07', '2018-06-04 11:34:20', 1, 187, NULL),
(188, '2017311215', 0, '2018-06-04 11:34:07', '2018-06-04 11:34:20', 1, 188, NULL),
(189, '2017312858', 0, '2018-06-04 11:34:07', '2018-06-04 11:34:20', 1, 189, NULL),
(190, '2017310862', 0, '2018-06-04 11:34:07', '2018-06-04 11:34:20', 1, 190, NULL),
(191, '2017311224', 0, '2018-06-04 11:34:07', '2018-06-04 11:34:20', 1, 191, NULL),
(192, '2017311046', 0, '2018-06-04 11:34:07', '2018-06-04 11:34:20', 1, 192, NULL),
(193, '2017309960', 0, '2018-06-04 11:34:07', '2018-06-04 11:34:20', 1, 193, NULL),
(194, '2017311298', 0, '2018-06-04 11:34:07', '2018-06-04 11:34:20', 1, 194, NULL),
(195, '2017311313', 0, '2018-06-04 11:34:07', '2018-06-04 11:34:20', 1, 195, NULL),
(196, '2017314861', 0, '2018-06-04 11:34:07', '2018-06-04 11:34:20', 1, 196, NULL),
(197, '2017311162', 0, '2018-06-04 11:34:07', '2018-06-04 11:34:20', 1, 197, NULL),
(198, '2017311091', 0, '2018-06-04 11:34:07', '2018-06-04 11:34:20', 1, 198, NULL),
(199, '2017305601', 0, '2018-06-04 11:34:07', '2018-06-04 11:34:20', 1, 199, NULL),
(200, '2017322371', 0, '2018-06-04 11:34:07', '2018-06-04 11:34:20', 1, 200, NULL),
(201, '2017312615', 0, '2018-06-04 11:34:07', '2018-06-04 11:34:20', 1, 201, NULL),
(202, '2017310639', 0, '2018-06-04 11:34:07', '2018-06-04 11:34:20', 1, 202, NULL),
(203, '2017310791', 0, '2018-06-04 11:34:07', '2018-06-04 11:34:20', 1, 203, NULL),
(204, '2017311135', 0, '2018-06-04 11:34:07', '2018-06-04 11:34:20', 1, 204, NULL),
(205, '2017310700', 0, '2018-06-04 11:34:07', '2018-06-04 11:34:20', 1, 205, NULL),
(206, '2016300290', 0, '2018-06-04 11:34:07', '2018-06-04 11:34:20', 1, 206, NULL),
(207, '2017310989', 0, '2018-06-04 11:34:07', '2018-06-04 11:34:20', 1, 207, NULL),
(208, '2015300393', 0, '2018-06-04 11:34:07', '2018-06-04 11:34:20', 1, 208, NULL),
(209, '2016300674', 0, '2018-06-04 11:34:07', '2018-06-04 11:34:20', 1, 209, NULL),
(210, '2016300683', 1, '2018-06-04 11:34:07', '2018-06-04 11:34:20', 1, 210, NULL),
(211, '2016300692', 0, '2018-06-04 11:34:07', '2018-06-04 11:34:20', 1, 211, NULL),
(212, '2016300709', 0, '2018-06-04 11:34:07', '2018-06-04 11:34:20', 1, 212, NULL),
(213, '2016300718', 0, '2018-06-04 11:34:07', '2018-06-04 11:34:20', 1, 213, NULL),
(214, '2015300400', 0, '2018-06-04 11:34:07', '2018-06-04 11:34:20', 1, 214, NULL),
(215, '2015300419', 1, '2018-06-04 11:34:07', '2018-06-04 11:34:20', 1, 215, NULL),
(216, '2016300727', 0, '2018-06-04 11:34:07', '2018-06-04 11:34:20', 1, 216, NULL),
(217, '2016300736', 0, '2018-06-04 11:34:07', '2018-06-04 11:34:20', 1, 217, NULL),
(218, '2016300745', 1, '2018-06-04 11:34:07', '2018-06-04 11:34:20', 1, 218, NULL),
(219, '2016300754', 0, '2018-06-04 11:34:07', '2018-06-04 11:34:20', 1, 219, NULL),
(220, '2016300763', 1, '2018-06-04 11:34:07', '2018-06-04 11:34:20', 1, 220, NULL),
(221, '2015300437', 0, '2018-06-04 11:34:07', '2018-06-04 11:34:20', 1, 221, NULL),
(222, '2016300772', 0, '2018-06-04 11:34:07', '2018-06-04 11:34:20', 1, 222, NULL),
(223, '2016300781', 0, '2018-06-04 11:34:07', '2018-06-04 11:34:20', 1, 223, NULL),
(224, '2016300790', 0, '2018-06-04 11:34:07', '2018-06-04 11:34:20', 1, 224, NULL),
(225, '2016300807', 0, '2018-06-04 11:34:07', '2018-06-04 11:34:20', 1, 225, NULL),
(226, '2016300816', 0, '2018-06-04 11:34:07', '2018-06-04 11:34:20', 1, 226, NULL),
(227, '2016300825', 0, '2018-06-04 11:34:07', '2018-06-04 11:34:20', 1, 227, NULL),
(228, '2016300834', 0, '2018-06-04 11:34:07', '2018-06-04 11:34:20', 1, 228, NULL),
(229, '2016300843', 0, '2018-06-04 11:34:07', '2018-06-04 11:34:20', 1, 229, NULL),
(230, '2016300852', 0, '2018-06-04 11:34:07', '2018-06-04 11:34:20', 1, 230, NULL),
(231, '2016300861', 0, '2018-06-04 11:34:07', '2018-06-04 11:34:20', 1, 231, NULL),
(232, '2016300870', 0, '2018-06-04 11:34:07', '2018-06-04 11:34:20', 1, 232, NULL),
(233, '2016300880', 0, '2018-06-04 11:34:07', '2018-06-04 11:34:20', 1, 233, NULL),
(234, '2016300899', 0, '2018-06-04 11:34:07', '2018-06-04 11:34:20', 1, 234, NULL),
(235, '2016300905', 0, '2018-06-04 11:34:07', '2018-06-04 11:34:20', 1, 235, NULL),
(236, '2016300923', 0, '2018-06-04 11:34:07', '2018-06-04 11:34:20', 1, 236, NULL),
(237, '2016300932', 0, '2018-06-04 11:34:07', '2018-06-04 11:34:20', 1, 237, NULL),
(238, '2016300941', 0, '2018-06-04 11:34:07', '2018-06-04 11:34:20', 1, 238, NULL),
(239, '2016300950', 0, '2018-06-04 11:34:07', '2018-06-04 11:34:20', 1, 239, NULL),
(240, '2016300960', 0, '2018-06-04 11:34:07', '2018-06-04 11:34:20', 1, 240, NULL),
(241, '2016300988', 0, '2018-06-04 11:34:07', '2018-06-04 11:34:20', 1, 241, NULL),
(242, '2016301063', 0, '2018-06-04 11:34:07', '2018-06-04 11:34:20', 1, 242, NULL),
(243, '2016301072', 0, '2018-06-04 11:34:07', '2018-06-04 11:34:20', 1, 243, NULL),
(244, '2016301081', 0, '2018-06-04 11:34:07', '2018-06-04 11:34:20', 1, 244, NULL),
(245, '2016301090', 1, '2018-06-04 11:34:07', '2018-06-04 11:34:20', 1, 245, NULL),
(246, '2016301107', 0, '2018-06-04 11:34:07', '2018-06-04 11:34:20', 1, 246, NULL),
(247, '2016301116', 0, '2018-06-04 11:34:07', '2018-06-04 11:34:20', 1, 247, NULL),
(248, '2016301125', 0, '2018-06-04 11:34:07', '2018-06-04 11:34:20', 1, 248, NULL),
(249, '2016301134', 0, '2018-06-04 11:34:07', '2018-06-04 11:34:20', 1, 249, NULL),
(250, '2016301143', 0, '2018-06-04 11:34:07', '2018-06-04 11:34:20', 1, 250, NULL),
(251, '2016301152', 1, '2018-06-04 11:34:07', '2018-06-04 11:34:20', 1, 251, NULL),
(252, '2016301161', 0, '2018-06-04 11:34:07', '2018-06-04 11:34:20', 1, 252, NULL),
(253, '2016301170', 1, '2018-06-04 11:34:07', '2018-06-04 11:34:20', 1, 253, NULL),
(254, '2016301180', 1, '2018-06-04 11:34:07', '2018-06-04 11:34:20', 1, 254, NULL),
(255, '2016301199', 0, '2018-06-04 11:34:07', '2018-06-04 11:34:20', 1, 255, NULL),
(256, '2016301205', 0, '2018-06-04 11:34:07', '2018-06-04 11:34:20', 1, 256, NULL),
(257, '2015300473', 0, '2018-06-04 11:34:07', '2018-06-04 11:34:20', 1, 257, NULL),
(258, '2016301214', 0, '2018-06-04 11:34:07', '2018-06-04 11:34:20', 1, 258, NULL),
(259, '2016301223', 1, '2018-06-04 11:34:07', '2018-06-04 11:34:20', 1, 259, NULL),
(260, '2016301232', 0, '2018-06-04 11:34:07', '2018-06-04 11:34:20', 1, 260, NULL),
(261, '2016301241', 0, '2018-06-04 11:34:07', '2018-06-04 11:34:20', 1, 261, NULL),
(262, '2016301250', 0, '2018-06-04 11:34:07', '2018-06-04 11:34:20', 1, 262, NULL),
(263, '2016301260', 0, '2018-06-04 11:34:07', '2018-06-04 11:34:20', 1, 263, NULL),
(264, '2016301279', 0, '2018-06-04 11:34:07', '2018-06-04 11:34:20', 1, 264, NULL),
(265, '2016301288', 0, '2018-06-04 11:34:07', '2018-06-04 11:34:20', 1, 265, NULL),
(266, '2016301297', 0, '2018-06-04 11:34:07', '2018-06-04 11:34:20', 1, 266, NULL),
(267, '2016301303', 0, '2018-06-04 11:34:07', '2018-06-04 11:34:20', 1, 267, NULL),
(268, '2016301312', 0, '2018-06-04 11:34:07', '2018-06-04 11:34:20', 1, 268, NULL),
(269, '2016301321', 0, '2018-06-04 11:34:07', '2018-06-04 11:34:20', 1, 269, NULL),
(270, '2016301330', 1, '2018-06-04 11:34:07', '2018-06-04 11:34:20', 1, 270, NULL),
(271, '2016301340', 0, '2018-06-04 11:34:07', '2018-06-04 11:34:20', 1, 271, NULL),
(272, '2016301359', 0, '2018-06-04 11:34:07', '2018-06-04 11:34:20', 1, 272, NULL),
(273, '2016301368', 0, '2018-06-04 11:34:07', '2018-06-04 11:34:20', 1, 273, NULL),
(274, '2015300482', 0, '2018-06-04 11:34:07', '2018-06-04 11:34:20', 1, 274, NULL),
(275, '2016301377', 0, '2018-06-04 11:34:07', '2018-06-04 11:34:20', 1, 275, NULL),
(276, '2014300085', 0, '2018-06-04 11:34:07', '2018-06-04 11:34:20', 1, 276, NULL),
(277, '2016301386', 0, '2018-06-04 11:34:07', '2018-06-04 11:34:20', 1, 277, NULL),
(278, '2016301395', 0, '2018-06-04 11:34:07', '2018-06-04 11:34:20', 1, 278, NULL),
(279, '2016301401', 0, '2018-06-04 11:34:07', '2018-06-04 11:34:20', 1, 279, NULL),
(280, '2015300428', 0, '2018-06-04 11:34:07', '2018-06-04 11:34:20', 1, 280, NULL),
(281, '2016301410', 0, '2018-06-04 11:34:07', '2018-06-04 11:34:21', 1, 281, NULL),
(282, '2016301420', 0, '2018-06-04 11:34:07', '2018-06-04 11:34:21', 1, 282, NULL),
(283, '2016301439', 0, '2018-06-04 11:34:07', '2018-06-04 11:34:21', 1, 283, NULL),
(284, '2016301448', 0, '2018-06-04 11:34:07', '2018-06-04 11:34:21', 1, 284, NULL),
(285, '2016301457', 0, '2018-06-04 11:34:08', '2018-06-04 11:34:21', 1, 285, NULL),
(286, '2016301466', 1, '2018-06-04 11:34:08', '2018-06-04 11:34:21', 1, 286, NULL),
(287, '2016301475', 0, '2018-06-04 11:34:08', '2018-06-04 11:34:21', 1, 287, NULL),
(288, '2015300491', 0, '2018-06-04 11:34:08', '2018-06-04 11:34:21', 1, 288, NULL),
(289, '2015300508', 0, '2018-06-04 11:34:08', '2018-06-04 11:34:21', 1, 289, NULL),
(290, '2015300517', 0, '2018-06-04 11:34:08', '2018-06-04 11:34:21', 1, 290, NULL),
(291, '2016301484', 0, '2018-06-04 11:34:08', '2018-06-04 11:34:21', 1, 291, NULL),
(292, '2016301493', 0, '2018-06-04 11:34:08', '2018-06-04 11:34:21', 1, 292, NULL),
(293, '2016301500', 0, '2018-06-04 11:34:08', '2018-06-04 11:34:21', 1, 293, NULL),
(294, '2015300535', 0, '2018-06-04 11:34:08', '2018-06-04 11:34:21', 1, 294, NULL),
(295, '2016301519', 0, '2018-06-04 11:34:08', '2018-06-04 11:34:21', 1, 295, NULL),
(296, '2018315863', 0, '2018-06-04 11:34:08', '2018-06-04 11:34:21', 1, 296, NULL),
(297, '2018308573', 0, '2018-06-04 11:34:08', '2018-06-04 11:34:21', 1, 297, NULL),
(298, '2018310034', 0, '2018-06-04 11:34:08', '2018-06-04 11:34:21', 1, 298, NULL),
(299, '2018319791', 0, '2018-06-04 11:34:08', '2018-06-04 11:34:21', 1, 299, NULL),
(300, '2018317287', 0, '2018-06-04 11:34:08', '2018-06-04 11:34:21', 1, 300, NULL),
(301, '2018316092', 0, '2018-06-04 11:34:08', '2018-06-04 11:34:21', 1, 301, NULL),
(302, '2018318112', 0, '2018-06-04 11:34:08', '2018-06-04 11:34:21', 1, 302, NULL),
(303, '2018317115', 0, '2018-06-04 11:34:08', '2018-06-04 11:34:21', 1, 303, NULL),
(304, '2018303209', 0, '2018-06-04 11:34:08', '2018-06-04 11:34:21', 1, 304, NULL),
(305, '2018313410', 0, '2018-06-04 11:34:08', '2018-06-04 11:34:21', 1, 305, NULL),
(306, '2018318909', 0, '2018-06-04 11:34:08', '2018-06-04 11:34:21', 1, 306, NULL),
(307, '2018317106', 0, '2018-06-04 11:34:08', '2018-06-04 11:34:21', 1, 307, NULL),
(308, '2018310230', 0, '2018-06-04 11:34:08', '2018-06-04 11:34:21', 1, 308, NULL),
(309, '2018316682', 0, '2018-06-04 11:34:08', '2018-06-04 11:34:21', 1, 309, NULL),
(310, '2018308466', 0, '2018-06-04 11:34:08', '2018-06-04 11:34:21', 1, 310, NULL),
(311, '2018315809', 0, '2018-06-04 11:34:08', '2018-06-04 11:34:21', 1, 311, NULL),
(312, '2018318847', 0, '2018-06-04 11:34:08', '2018-06-04 11:34:21', 1, 312, NULL),
(313, '2018310651', 0, '2018-06-04 11:34:08', '2018-06-04 11:34:21', 1, 313, NULL),
(314, '2018310740', 0, '2018-06-04 11:34:08', '2018-06-04 11:34:21', 1, 314, NULL),
(315, '2018310508', 0, '2018-06-04 11:34:08', '2018-06-04 11:34:21', 1, 315, NULL),
(316, '2018310787', 0, '2018-06-04 11:34:08', '2018-06-04 11:34:21', 1, 316, NULL),
(317, '2018310894', 0, '2018-06-04 11:34:08', '2018-06-04 11:34:21', 1, 317, NULL),
(318, '2018310236', 0, '2018-06-04 11:34:08', '2018-06-04 11:34:21', 1, 318, NULL),
(319, '2017322611', 0, '2018-06-04 11:34:08', '2018-06-04 11:34:21', 1, 319, NULL),
(320, '2018314356', 0, '2018-06-04 11:34:08', '2018-06-04 11:34:21', 1, 320, NULL),
(321, '2018310722', 0, '2018-06-04 11:34:08', '2018-06-04 11:34:21', 1, 321, NULL),
(322, '2017322139', 0, '2018-06-04 11:34:08', '2018-06-04 11:34:21', 1, 322, NULL),
(323, '2018310802', 0, '2018-06-04 11:34:08', '2018-06-04 11:34:21', 1, 323, NULL),
(324, '2018310105', 0, '2018-06-04 11:34:08', '2018-06-04 11:34:21', 1, 324, NULL),
(325, '2018310437', 0, '2018-06-04 11:34:08', '2018-06-04 11:34:21', 1, 325, NULL),
(326, '2018310974', 0, '2018-06-04 11:34:08', '2018-06-04 11:34:21', 1, 326, NULL),
(327, '2018310277', 0, '2018-06-04 11:34:08', '2018-06-04 11:34:21', 1, 327, NULL),
(328, '2018308170', 0, '2018-06-04 11:34:08', '2018-06-04 11:34:21', 1, 328, NULL),
(329, '2018310197', 0, '2018-06-04 11:34:08', '2018-06-04 11:34:21', 1, 329, NULL),
(330, '2018317090', 0, '2018-06-04 11:34:08', '2018-06-04 11:34:21', 1, 330, NULL),
(331, '2018310348', 0, '2018-06-04 11:34:08', '2018-06-04 11:34:21', 1, 331, NULL),
(332, '2018318838', 0, '2018-06-04 11:34:08', '2018-06-04 11:34:21', 1, 332, NULL),
(333, '2017309825', 0, '2018-06-04 11:34:08', '2018-06-04 11:34:21', 1, 333, NULL),
(334, '2018316074', 0, '2018-06-04 11:34:08', '2018-06-04 11:34:21', 1, 334, NULL),
(335, '2018316145', 0, '2018-06-04 11:34:08', '2018-06-04 11:34:21', 1, 335, NULL),
(336, '2018318800', 0, '2018-06-04 11:34:08', '2018-06-04 11:34:21', 1, 336, NULL),
(337, '2018313377', 0, '2018-06-04 11:34:08', '2018-06-04 11:34:21', 1, 337, NULL),
(338, '2018309703', 0, '2018-06-04 11:34:08', '2018-06-04 11:34:21', 1, 338, NULL),
(339, '2018310455', 0, '2018-06-04 11:34:08', '2018-06-04 11:34:21', 1, 339, NULL),
(340, '2018319361', 0, '2018-06-04 11:34:08', '2018-06-04 11:34:21', 1, 340, NULL),
(341, '2018310061', 0, '2018-06-04 11:34:08', '2018-06-04 11:34:21', 1, 341, NULL),
(342, '2018318159', 0, '2018-06-04 11:34:08', '2018-06-04 11:34:21', 1, 342, NULL),
(343, '2018316181', 0, '2018-06-04 11:34:08', '2018-06-04 11:34:21', 1, 343, NULL),
(344, '2018320101', 0, '2018-06-04 11:34:08', '2018-06-04 11:34:21', 1, 344, NULL),
(345, '2018308555', 0, '2018-06-04 11:34:08', '2018-06-04 11:34:21', 1, 345, NULL),
(346, '2018310473', 0, '2018-06-04 11:34:08', '2018-06-04 11:34:21', 1, 346, NULL),
(347, '2018318829', 0, '2018-06-04 11:34:08', '2018-06-04 11:34:21', 1, 347, NULL),
(348, '2018310544', 0, '2018-06-04 11:34:08', '2018-06-04 11:34:21', 1, 348, NULL),
(349, '2018309884', 0, '2018-06-04 11:34:08', '2018-06-04 11:34:21', 1, 349, NULL),
(350, '2018316163', 0, '2018-06-04 11:34:08', '2018-06-04 11:34:21', 1, 350, NULL),
(351, '2017309182', 0, '2018-06-04 11:34:08', '2018-06-04 11:34:21', 1, 351, NULL),
(352, '2018310123', 0, '2018-06-04 11:34:08', '2018-06-04 11:34:21', 1, 352, NULL),
(353, '2018317330', 0, '2018-06-04 11:34:08', '2018-06-04 11:34:21', 1, 353, NULL),
(354, '2018310938', 0, '2018-06-04 11:34:08', '2018-06-04 11:34:21', 1, 354, NULL),
(355, '2018310259', 0, '2018-06-04 11:34:08', '2018-06-04 11:34:21', 1, 355, NULL),
(356, '2018322939', 0, '2018-06-04 11:34:08', '2018-06-04 11:34:21', 1, 356, NULL),
(357, '2018314140', 0, '2018-06-04 11:34:08', '2018-06-04 11:34:21', 1, 357, NULL),
(358, '2018317311', 0, '2018-06-04 11:34:08', '2018-06-04 11:34:21', 1, 358, NULL),
(359, '2018310992', 0, '2018-06-04 11:34:08', '2018-06-04 11:34:21', 1, 359, NULL),
(360, '2018315765', 0, '2018-06-04 11:34:08', '2018-06-04 11:34:21', 1, 360, NULL),
(361, '2018310150', 0, '2018-06-04 11:34:08', '2018-06-04 11:34:21', 1, 361, NULL),
(362, '2018310624', 0, '2018-06-04 11:34:08', '2018-06-04 11:34:21', 1, 362, NULL),
(363, '2018310339', 0, '2018-06-04 11:34:08', '2018-06-04 11:34:21', 1, 363, NULL),
(364, '2018310268', 0, '2018-06-04 11:34:08', '2018-06-04 11:34:21', 1, 364, NULL),
(365, '2018308591', 0, '2018-06-04 11:34:08', '2018-06-04 11:34:21', 1, 365, NULL),
(366, '2018316664', 0, '2018-06-04 11:34:08', '2018-06-04 11:34:21', 1, 366, NULL),
(367, '2018315845', 0, '2018-06-04 11:34:08', '2018-06-04 11:34:21', 1, 367, NULL),
(368, '2018309641', 0, '2018-06-04 11:34:08', '2018-06-04 11:34:21', 1, 368, NULL),
(369, '2018320934', 0, '2018-06-04 11:34:08', '2018-06-04 11:34:21', 1, 369, NULL),
(370, '2018318140', 0, '2018-06-04 11:34:08', '2018-06-04 11:34:21', 1, 370, NULL),
(371, '2018315934', 0, '2018-06-04 11:34:08', '2018-06-04 11:34:21', 1, 371, NULL),
(372, '2018310580', 0, '2018-06-04 11:34:08', '2018-06-04 11:34:21', 1, 372, NULL),
(373, '2018310301', 0, '2018-06-04 11:34:08', '2018-06-04 11:34:21', 1, 373, NULL),
(374, '2018318865', 0, '2018-06-04 11:34:08', '2018-06-04 11:34:21', 1, 374, NULL),
(375, '2018314113', 0, '2018-06-04 11:34:08', '2018-06-04 11:34:21', 1, 375, NULL),
(376, '2018318435', 0, '2018-06-04 11:34:08', '2018-06-04 11:34:21', 1, 376, NULL),
(377, '2018317376', 0, '2018-06-04 11:34:08', '2018-06-04 11:34:21', 1, 377, NULL),
(378, '2018310203', 0, '2018-06-04 11:34:08', '2018-06-04 11:34:21', 1, 378, NULL),
(379, '2018318918', 0, '2018-06-04 11:34:08', '2018-06-04 11:34:21', 1, 379, NULL),
(380, '2018315738', 0, '2018-06-04 11:34:08', '2018-06-04 11:34:21', 1, 380, NULL),
(381, '2018306158', 0, '2018-06-04 11:34:08', '2018-06-04 11:34:21', 1, 381, NULL),
(382, '2018309310', 0, '2018-06-04 11:34:08', '2018-06-04 11:34:21', 1, 382, NULL),
(383, '2018321145', 0, '2018-06-04 11:34:08', '2018-06-04 11:34:21', 1, 383, NULL),
(384, '2018310956', 0, '2018-06-04 11:34:08', '2018-06-04 11:34:21', 1, 384, NULL),
(385, '2018310141', 0, '2018-06-04 11:34:08', '2018-06-04 11:34:21', 1, 385, NULL),
(386, '2018309365', 0, '2018-06-04 11:34:08', '2018-06-04 11:34:21', 1, 386, NULL),
(387, '2018318168', 0, '2018-06-04 11:34:08', '2018-06-04 11:34:21', 1, 387, NULL),
(388, '2018322741', 0, '2018-06-04 11:34:08', '2018-06-04 11:34:21', 1, 388, NULL),
(389, '2017311430', 0, '2018-06-04 11:34:08', '2018-06-04 11:34:21', 1, 389, NULL),
(390, '2018308493', 0, '2018-06-04 11:34:08', '2018-06-04 11:34:21', 1, 390, NULL),
(391, '2018317394', 0, '2018-06-04 11:34:08', '2018-06-04 11:34:21', 1, 391, NULL),
(392, '2017309997', 0, '2018-06-04 11:34:08', '2018-06-04 11:34:21', 1, 392, NULL),
(393, '2018314267', 0, '2018-06-04 11:34:08', '2018-06-04 11:34:21', 1, 393, NULL),
(394, '2018309481', 0, '2018-06-04 11:34:08', '2018-06-04 11:34:21', 1, 394, NULL),
(395, '2018310240', 0, '2018-06-04 11:34:08', '2018-06-04 11:34:21', 1, 395, NULL),
(396, '2018313170', 0, '2018-06-04 11:34:08', '2018-06-04 11:34:21', 1, 396, NULL),
(397, '2017312580', 0, '2018-06-04 11:34:08', '2018-06-04 11:34:21', 1, 397, NULL),
(398, '2018310212', 0, '2018-06-04 11:34:08', '2018-06-04 11:34:21', 1, 398, NULL),
(399, '2017314923', 0, '2018-06-04 11:34:08', '2018-06-04 11:34:21', 1, 399, NULL),
(400, '2018307941', 0, '2018-06-04 11:34:08', '2018-06-04 11:34:21', 1, 400, NULL),
(401, '2018310428', 0, '2018-06-04 11:34:08', '2018-06-04 11:34:21', 1, 401, NULL),
(402, '2018317367', 0, '2018-06-04 11:34:08', '2018-06-04 11:34:21', 1, 402, NULL),
(403, '2018317385', 0, '2018-06-04 11:34:08', '2018-06-04 11:34:21', 1, 403, NULL),
(404, '2018309409', 0, '2018-06-04 11:34:08', '2018-06-04 11:34:21', 1, 404, NULL),
(405, '2018306185', 0, '2018-06-04 11:34:08', '2018-06-04 11:34:21', 1, 405, NULL),
(406, '2018309534', 0, '2018-06-04 11:34:08', '2018-06-04 11:34:21', 1, 406, NULL),
(407, '2018316038', 0, '2018-06-04 11:34:08', '2018-06-04 11:34:21', 1, 407, NULL),
(408, '2018316118', 0, '2018-06-04 11:34:08', '2018-06-04 11:34:21', 1, 408, NULL),
(409, '2017310479', 0, '2018-06-04 11:34:08', '2018-06-04 11:34:21', 1, 409, NULL),
(410, '2017309398', 0, '2018-06-04 11:34:08', '2018-06-04 11:34:21', 1, 410, NULL),
(411, '2017316089', 0, '2018-06-04 11:34:08', '2018-06-04 11:34:21', 1, 411, NULL),
(412, '2017309638', 0, '2018-06-04 11:34:08', '2018-06-04 11:34:21', 1, 412, NULL),
(413, '2017309487', 0, '2018-06-04 11:34:08', '2018-06-04 11:34:21', 1, 413, NULL),
(414, '2017305684', 0, '2018-06-04 11:34:08', '2018-06-04 11:34:21', 1, 414, NULL),
(415, '2017310085', 0, '2018-06-04 11:34:08', '2018-06-04 11:34:21', 1, 415, NULL),
(416, '2017322415', 0, '2018-06-04 11:34:08', '2018-06-04 11:34:21', 1, 416, NULL),
(417, '2017309754', 0, '2018-06-04 11:34:08', '2018-06-04 11:34:21', 1, 417, NULL),
(418, '2017322406', 0, '2018-06-04 11:34:08', '2018-06-04 11:34:21', 1, 418, NULL),
(419, '2017310147', 0, '2018-06-04 11:34:08', '2018-06-04 11:34:21', 1, 419, NULL),
(420, '2017309530', 0, '2018-06-04 11:34:08', '2018-06-04 11:34:21', 1, 420, NULL),
(421, '2017309191', 0, '2018-06-04 11:34:08', '2018-06-04 11:34:21', 1, 421, NULL),
(422, '2017310568', 0, '2018-06-04 11:34:08', '2018-06-04 11:34:21', 1, 422, NULL),
(423, '2017305307', 0, '2018-06-04 11:34:08', '2018-06-04 11:34:21', 1, 423, NULL),
(424, '2017310808', 0, '2018-06-04 11:34:08', '2018-06-04 11:34:21', 1, 424, NULL),
(425, '2017310746', 0, '2018-06-04 11:34:08', '2018-06-04 11:34:21', 1, 425, NULL),
(426, '2017310693', 0, '2018-06-04 11:34:08', '2018-06-04 11:34:21', 1, 426, NULL),
(427, '2017309440', 0, '2018-06-04 11:34:08', '2018-06-04 11:34:21', 1, 427, NULL),
(428, '2017314979', 0, '2018-06-04 11:34:08', '2018-06-04 11:34:21', 1, 428, NULL),
(429, '2017309208', 0, '2018-06-04 11:34:08', '2018-06-04 11:34:21', 1, 429, NULL),
(430, '2017310192', 0, '2018-06-04 11:34:08', '2018-06-04 11:34:21', 1, 430, NULL),
(431, '2017310020', 0, '2018-06-04 11:34:08', '2018-06-04 11:34:21', 1, 431, NULL),
(432, '2017309075', 0, '2018-06-04 11:34:08', '2018-06-04 11:34:21', 1, 432, NULL),
(433, '2017309431', 0, '2018-06-04 11:34:08', '2018-06-04 11:34:21', 1, 433, NULL),
(434, '2017310380', 0, '2018-06-04 11:34:08', '2018-06-04 11:34:21', 1, 434, NULL),
(435, '2017309290', 0, '2018-06-04 11:34:08', '2018-06-04 11:34:21', 1, 435, NULL),
(436, '2017310826', 0, '2018-06-04 11:34:08', '2018-06-04 11:34:21', 1, 436, NULL),
(437, '2017310666', 0, '2018-06-04 11:34:08', '2018-06-04 11:34:21', 1, 437, NULL),
(438, '2017309155', 0, '2018-06-04 11:34:08', '2018-06-04 11:34:21', 1, 438, NULL),
(439, '2017323323', 0, '2018-06-04 11:34:08', '2018-06-04 11:34:21', 1, 439, NULL),
(440, '2017311556', 0, '2018-06-04 11:34:08', '2018-06-04 11:34:21', 1, 440, NULL),
(441, '2015300043', 0, '2018-06-04 11:34:08', '2018-06-04 11:34:21', 1, 441, NULL),
(442, '2017313550', 0, '2018-06-04 11:34:08', '2018-06-04 11:34:21', 1, 442, NULL),
(443, '2017314066', 0, '2018-06-04 11:34:08', '2018-06-04 11:34:21', 1, 443, NULL),
(444, '2017309736', 0, '2018-06-04 11:34:08', '2018-06-04 11:34:21', 1, 444, NULL),
(445, '2017310245', 0, '2018-06-04 11:34:08', '2018-06-04 11:34:21', 1, 445, NULL),
(446, '2016300146', 0, '2018-06-04 11:34:08', '2018-06-04 11:34:21', 1, 446, NULL),
(447, '2017310094', 0, '2018-06-04 11:34:08', '2018-06-04 11:34:21', 1, 447, NULL),
(448, '2017308962', 0, '2018-06-04 11:34:08', '2018-06-04 11:34:21', 1, 448, NULL),
(449, '2016300155', 0, '2018-06-04 11:34:08', '2018-06-04 11:34:21', 1, 449, NULL),
(450, '2018321118', 0, '2018-06-04 11:34:08', '2018-06-04 11:34:21', 1, 450, NULL),
(451, '2017310227', 0, '2018-06-04 11:34:08', '2018-06-04 11:34:21', 1, 451, NULL),
(452, '2017311538', 0, '2018-06-04 11:34:08', '2018-06-04 11:34:21', 1, 452, NULL),
(453, '2017309478', 0, '2018-06-04 11:34:08', '2018-06-04 11:34:21', 1, 453, NULL),
(454, '2017307366', 0, '2018-06-04 11:34:08', '2018-06-04 11:34:21', 1, 454, NULL),
(455, '2017310325', 0, '2018-06-04 11:34:08', '2018-06-04 11:34:21', 1, 455, NULL),
(456, '2017309137', 0, '2018-06-04 11:34:08', '2018-06-04 11:34:21', 1, 456, NULL),
(457, '2017309262', 0, '2018-06-04 11:34:08', '2018-06-04 11:34:21', 1, 457, NULL),
(458, '2016300164', 0, '2018-06-04 11:34:08', '2018-06-04 11:34:21', 1, 458, NULL),
(459, '2017310049', 0, '2018-06-04 11:34:08', '2018-06-04 11:34:21', 1, 459, NULL),
(460, '2017313603', 0, '2018-06-04 11:34:08', '2018-06-04 11:34:21', 1, 460, NULL),
(461, '2017309100', 0, '2018-06-04 11:34:08', '2018-06-04 11:34:21', 1, 461, NULL),
(462, '2017314899', 0, '2018-06-04 11:34:08', '2018-06-04 11:34:21', 1, 462, NULL),
(463, '2017309226', 0, '2018-06-04 11:34:08', '2018-06-04 11:34:21', 1, 463, NULL),
(464, '2017310272', 0, '2018-06-04 11:34:08', '2018-06-04 11:34:21', 1, 464, NULL),
(465, '2017309834', 0, '2018-06-04 11:34:08', '2018-06-04 11:34:21', 1, 465, NULL),
(466, '2015300061', 0, '2018-06-04 11:34:08', '2018-06-04 11:34:21', 1, 466, NULL),
(467, '2017309674', 0, '2018-06-04 11:34:08', '2018-06-04 11:34:21', 1, 467, NULL),
(468, '2018316717', 0, '2018-06-04 11:34:08', '2018-06-04 11:34:21', 1, 468, NULL),
(469, '2017322596', 0, '2018-06-04 11:34:08', '2018-06-04 11:34:21', 1, 469, NULL),
(470, '2017309370', 0, '2018-06-04 11:34:08', '2018-06-04 11:34:21', 1, 470, NULL),
(471, '2018316673', 0, '2018-06-04 11:34:08', '2018-06-04 11:34:21', 1, 471, NULL),
(472, '2017313532', 0, '2018-06-04 11:34:08', '2018-06-04 11:34:21', 1, 472, NULL),
(473, '2017311082', 0, '2018-06-04 11:34:08', '2018-06-04 11:34:21', 1, 473, NULL),
(474, '2017311690', 0, '2018-06-04 11:34:08', '2018-06-04 11:34:21', 1, 474, NULL),
(475, '2017310414', 0, '2018-06-04 11:34:08', '2018-06-04 11:34:21', 1, 475, NULL),
(476, '2017309781', 0, '2018-06-04 11:34:08', '2018-06-04 11:34:21', 1, 476, NULL),
(477, '2017308739', 0, '2018-06-04 11:34:08', '2018-06-04 11:34:21', 1, 477, NULL),
(478, '2017308720', 0, '2018-06-04 11:34:08', '2018-06-04 11:34:21', 1, 478, NULL),
(479, '2017309923', 0, '2018-06-04 11:34:08', '2018-06-04 11:34:21', 1, 479, NULL),
(480, '2016300182', 0, '2018-06-04 11:34:08', '2018-06-04 11:34:21', 1, 480, NULL),
(481, '2017311126', 0, '2018-06-04 11:34:08', '2018-06-04 11:34:21', 1, 481, NULL),
(482, '2017311206', 0, '2018-06-04 11:34:08', '2018-06-04 11:34:21', 1, 482, NULL),
(483, '2017311547', 0, '2018-06-04 11:34:08', '2018-06-04 11:34:21', 1, 483, NULL),
(484, '2017312455', 0, '2018-06-04 11:34:08', '2018-06-04 11:34:21', 1, 484, NULL),
(485, '2017308828', 0, '2018-06-04 11:34:08', '2018-06-04 11:34:21', 1, 485, NULL),
(486, '2017312016', 0, '2018-06-04 11:34:08', '2018-06-04 11:34:21', 1, 486, NULL),
(487, '2017311897', 0, '2018-06-04 11:34:08', '2018-06-04 11:34:21', 1, 487, NULL),
(488, '2017311411', 0, '2018-06-04 11:34:08', '2018-06-04 11:34:21', 1, 488, NULL),
(489, '2017311420', 0, '2018-06-04 11:34:08', '2018-06-04 11:34:21', 1, 489, NULL),
(490, '2017311716', 0, '2018-06-04 11:34:08', '2018-06-04 11:34:21', 1, 490, NULL),
(491, '2017308597', 0, '2018-06-04 11:34:08', '2018-06-04 11:34:21', 1, 491, NULL),
(492, '2017312473', 0, '2018-06-04 11:34:08', '2018-06-04 11:34:21', 1, 492, NULL),
(493, '2017311073', 0, '2018-06-04 11:34:08', '2018-06-04 11:34:21', 1, 493, NULL),
(494, '2017312132', 0, '2018-06-04 11:34:08', '2018-06-04 11:34:21', 1, 494, NULL),
(495, '2017311369', 0, '2018-06-04 11:34:08', '2018-06-04 11:34:21', 1, 495, NULL),
(496, '2017308695', 0, '2018-06-04 11:34:08', '2018-06-04 11:34:21', 1, 496, NULL),
(497, '2017311117', 0, '2018-06-04 11:34:08', '2018-06-04 11:34:22', 1, 497, NULL),
(498, '2017311921', 0, '2018-06-04 11:34:08', '2018-06-04 11:34:22', 1, 498, NULL),
(499, '2017308864', 0, '2018-06-04 11:34:08', '2018-06-04 11:34:22', 1, 499, NULL),
(500, '2017311180', 0, '2018-06-04 11:34:08', '2018-06-04 11:34:22', 1, 500, NULL),
(501, '2017311654', 0, '2018-06-04 11:34:08', '2018-06-04 11:34:22', 1, 501, NULL),
(502, '2017312339', 0, '2018-06-04 11:34:08', '2018-06-04 11:34:22', 1, 502, NULL),
(503, '2017312553', 0, '2018-06-04 11:34:08', '2018-06-04 11:34:22', 1, 503, NULL),
(504, '2017312160', 0, '2018-06-04 11:34:08', '2018-06-04 11:34:22', 1, 504, NULL),
(505, '2017311565', 0, '2018-06-04 11:34:08', '2018-06-04 11:34:22', 1, 505, NULL),
(506, '2017323145', 0, '2018-06-04 11:34:08', '2018-06-04 11:34:22', 1, 506, NULL),
(507, '2017312230', 0, '2018-06-04 11:34:08', '2018-06-04 11:34:22', 1, 507, NULL),
(508, '2017312642', 0, '2018-06-04 11:34:08', '2018-06-04 11:34:22', 1, 508, NULL),
(509, '2017309413', 0, '2018-06-04 11:34:08', '2018-06-04 11:34:22', 1, 509, NULL),
(510, '2017312535', 0, '2018-06-04 11:34:08', '2018-06-04 11:34:22', 1, 510, NULL),
(511, '2017311609', 0, '2018-06-04 11:34:08', '2018-06-04 11:34:22', 1, 511, NULL),
(512, '2016301528', 0, '2018-06-04 11:34:08', '2018-06-04 11:34:22', 1, 512, NULL),
(513, '2016301537', 0, '2018-06-04 11:34:08', '2018-06-04 11:34:22', 1, 513, NULL),
(514, '2016301546', 0, '2018-06-04 11:34:08', '2018-06-04 11:34:22', 1, 514, NULL),
(515, '2016301555', 0, '2018-06-04 11:34:08', '2018-06-04 11:34:22', 1, 515, NULL),
(516, '2014300094', 0, '2018-06-04 11:34:08', '2018-06-04 11:34:22', 1, 516, NULL),
(517, '2016301564', 0, '2018-06-04 11:34:08', '2018-06-04 11:34:22', 1, 517, NULL),
(518, '2016301573', 0, '2018-06-04 11:34:08', '2018-06-04 11:34:22', 1, 518, NULL),
(519, '2016301582', 0, '2018-06-04 11:34:08', '2018-06-04 11:34:22', 1, 519, NULL),
(520, '2016301591', 0, '2018-06-04 11:34:08', '2018-06-04 11:34:22', 1, 520, NULL),
(521, '2016301608', 0, '2018-06-04 11:34:08', '2018-06-04 11:34:22', 1, 521, NULL),
(522, '2016301617', 0, '2018-06-04 11:34:08', '2018-06-04 11:34:22', 1, 522, NULL),
(523, '2016301626', 0, '2018-06-04 11:34:08', '2018-06-04 11:34:22', 1, 523, NULL),
(524, '2016301635', 0, '2018-06-04 11:34:08', '2018-06-04 11:34:22', 1, 524, NULL),
(525, '2016301644', 0, '2018-06-04 11:34:09', '2018-06-04 11:34:22', 1, 525, NULL),
(526, '2016301653', 0, '2018-06-04 11:34:09', '2018-06-04 11:34:22', 1, 526, NULL),
(527, '2016301662', 0, '2018-06-04 11:34:09', '2018-06-04 11:34:22', 1, 527, NULL),
(528, '2016301671', 0, '2018-06-04 11:34:09', '2018-06-04 11:34:22', 1, 528, NULL),
(529, '2016301680', 0, '2018-06-04 11:34:09', '2018-06-04 11:34:22', 1, 529, NULL),
(530, '2016301690', 0, '2018-06-04 11:34:09', '2018-06-04 11:34:22', 1, 530, NULL),
(531, '2016301706', 0, '2018-06-04 11:34:09', '2018-06-04 11:34:22', 1, 531, NULL),
(532, '2016301715', 0, '2018-06-04 11:34:09', '2018-06-04 11:34:22', 1, 532, NULL),
(533, '2016301724', 0, '2018-06-04 11:34:09', '2018-06-04 11:34:22', 1, 533, NULL),
(534, '2016301733', 0, '2018-06-04 11:34:09', '2018-06-04 11:34:22', 1, 534, NULL),
(535, '2016301742', 0, '2018-06-04 11:34:09', '2018-06-04 11:34:22', 1, 535, NULL),
(536, '2016301751', 0, '2018-06-04 11:34:09', '2018-06-04 11:34:22', 1, 536, NULL),
(537, '2016301760', 0, '2018-06-04 11:34:09', '2018-06-04 11:34:22', 1, 537, NULL),
(538, '2015300544', 0, '2018-06-04 11:34:09', '2018-06-04 11:34:22', 1, 538, NULL),
(539, '2016301770', 0, '2018-06-04 11:34:09', '2018-06-04 11:34:22', 1, 539, NULL),
(540, '2016301789', 0, '2018-06-04 11:34:09', '2018-06-04 11:34:22', 1, 540, NULL),
(541, '2016301798', 0, '2018-06-04 11:34:09', '2018-06-04 11:34:22', 1, 541, NULL),
(542, '2016301804', 0, '2018-06-04 11:34:09', '2018-06-04 11:34:22', 1, 542, NULL),
(543, '2016301813', 0, '2018-06-04 11:34:09', '2018-06-04 11:34:22', 1, 543, NULL),
(544, '2016301822', 0, '2018-06-04 11:34:09', '2018-06-04 11:34:22', 1, 544, NULL),
(545, '2016301831', 0, '2018-06-04 11:34:09', '2018-06-04 11:34:22', 1, 545, NULL),
(546, '2016301840', 0, '2018-06-04 11:34:09', '2018-06-04 11:34:22', 1, 546, NULL),
(547, '2016301850', 0, '2018-06-04 11:34:09', '2018-06-04 11:34:22', 1, 547, NULL),
(548, '2016301869', 0, '2018-06-04 11:34:09', '2018-06-04 11:34:22', 1, 548, NULL),
(549, '2015300553', 0, '2018-06-04 11:34:09', '2018-06-04 11:34:22', 1, 549, NULL),
(550, '2015300562', 0, '2018-06-04 11:34:09', '2018-06-04 11:34:22', 1, 550, NULL),
(551, '2016301878', 0, '2018-06-04 11:34:09', '2018-06-04 11:34:22', 1, 551, NULL),
(552, '2016301887', 0, '2018-06-04 11:34:09', '2018-06-04 11:34:22', 1, 552, NULL),
(553, '2016301896', 0, '2018-06-04 11:34:09', '2018-06-04 11:34:22', 1, 553, NULL),
(554, '2016301902', 0, '2018-06-04 11:34:09', '2018-06-04 11:34:22', 1, 554, NULL),
(555, '2016301911', 0, '2018-06-04 11:34:09', '2018-06-04 11:34:22', 1, 555, NULL),
(556, '2016301920', 0, '2018-06-04 11:34:09', '2018-06-04 11:34:22', 1, 556, NULL),
(557, '2016301930', 0, '2018-06-04 11:34:09', '2018-06-04 11:34:22', 1, 557, NULL),
(558, '2016301949', 0, '2018-06-04 11:34:09', '2018-06-04 11:34:22', 1, 558, NULL),
(559, '2016301958', 0, '2018-06-04 11:34:09', '2018-06-04 11:34:22', 1, 559, NULL),
(560, '2016301967', 0, '2018-06-04 11:34:09', '2018-06-04 11:34:22', 1, 560, NULL),
(561, '2016301976', 0, '2018-06-04 11:34:09', '2018-06-04 11:34:22', 1, 561, NULL),
(562, '2016301985', 0, '2018-06-04 11:34:09', '2018-06-04 11:34:22', 1, 562, NULL),
(563, '2016301994', 0, '2018-06-04 11:34:09', '2018-06-04 11:34:22', 1, 563, NULL),
(564, '2016302006', 0, '2018-06-04 11:34:09', '2018-06-04 11:34:22', 1, 564, NULL),
(565, '2016302015', 0, '2018-06-04 11:34:09', '2018-06-04 11:34:22', 1, 565, NULL),
(566, '2016302024', 0, '2018-06-04 11:34:09', '2018-06-04 11:34:22', 1, 566, NULL),
(567, '2016302033', 0, '2018-06-04 11:34:09', '2018-06-04 11:34:22', 1, 567, NULL),
(568, '2016302042', 0, '2018-06-04 11:34:09', '2018-06-04 11:34:22', 1, 568, NULL),
(569, '2016302051', 0, '2018-06-04 11:34:09', '2018-06-04 11:34:22', 1, 569, NULL),
(570, '2016302060', 0, '2018-06-04 11:34:09', '2018-06-04 11:34:22', 1, 570, NULL),
(571, '2016302070', 0, '2018-06-04 11:34:09', '2018-06-04 11:34:22', 1, 571, NULL),
(572, '2014300100', 0, '2018-06-04 11:34:09', '2018-06-04 11:34:22', 1, 572, NULL),
(573, '2016302089', 0, '2018-06-04 11:34:09', '2018-06-04 11:34:22', 1, 573, NULL),
(574, '2014300110', 0, '2018-06-04 11:34:09', '2018-06-04 11:34:22', 1, 574, NULL),
(575, '2016302098', 0, '2018-06-04 11:34:09', '2018-06-04 11:34:22', 1, 575, NULL),
(576, '2016302104', 0, '2018-06-04 11:34:09', '2018-06-04 11:34:22', 1, 576, NULL),
(577, '2016302113', 0, '2018-06-04 11:34:09', '2018-06-04 11:34:22', 1, 577, NULL),
(578, '2016302122', 0, '2018-06-04 11:34:09', '2018-06-04 11:34:22', 1, 578, NULL),
(579, '2016302131', 0, '2018-06-04 11:34:09', '2018-06-04 11:34:22', 1, 579, NULL),
(580, '2016302140', 0, '2018-06-04 11:34:09', '2018-06-04 11:34:22', 1, 580, NULL),
(581, '2016302150', 0, '2018-06-04 11:34:09', '2018-06-04 11:34:22', 1, 581, NULL),
(582, '2016302169', 0, '2018-06-04 11:34:09', '2018-06-04 11:34:22', 1, 582, NULL),
(583, '2016302178', 0, '2018-06-04 11:34:09', '2018-06-04 11:34:22', 1, 583, NULL),
(584, '2016302187', 0, '2018-06-04 11:34:09', '2018-06-04 11:34:22', 1, 584, NULL),
(585, '2016302196', 0, '2018-06-04 11:34:09', '2018-06-04 11:34:22', 1, 585, NULL),
(586, '2016302202', 0, '2018-06-04 11:34:09', '2018-06-04 11:34:22', 1, 586, NULL),
(587, '2016302211', 0, '2018-06-04 11:34:09', '2018-06-04 11:34:22', 1, 587, NULL),
(588, '2015300571', 0, '2018-06-04 11:34:09', '2018-06-04 11:34:22', 1, 588, NULL),
(589, '2016302220', 0, '2018-06-04 11:34:09', '2018-06-04 11:34:22', 1, 589, NULL),
(590, '2016302230', 0, '2018-06-04 11:34:09', '2018-06-04 11:34:22', 1, 590, NULL),
(591, '2016302249', 0, '2018-06-04 11:34:09', '2018-06-04 11:34:22', 1, 591, NULL),
(592, '2016302258', 0, '2018-06-04 11:34:09', '2018-06-04 11:34:22', 1, 592, NULL),
(593, '2016302267', 0, '2018-06-04 11:34:09', '2018-06-04 11:34:22', 1, 593, NULL),
(594, '2016302276', 0, '2018-06-04 11:34:09', '2018-06-04 11:34:22', 1, 594, NULL),
(595, '2016302285', 0, '2018-06-04 11:34:09', '2018-06-04 11:34:22', 1, 595, NULL),
(596, '2018315602', 0, '2018-06-04 11:34:09', '2018-06-04 11:34:22', 1, 596, NULL),
(597, '2018302794', 0, '2018-06-04 11:34:09', '2018-06-04 11:34:22', 1, 597, NULL),
(598, '2018310007', 0, '2018-06-04 11:34:09', '2018-06-04 11:34:22', 1, 598, NULL),
(599, '2018317859', 0, '2018-06-04 11:34:09', '2018-06-04 11:34:22', 1, 599, NULL),
(600, '2018320110', 0, '2018-06-04 11:34:09', '2018-06-04 11:34:22', 1, 600, NULL),
(601, '2018310114', 0, '2018-06-04 11:34:09', '2018-06-04 11:34:22', 1, 601, NULL),
(602, '2018310188', 0, '2018-06-04 11:34:09', '2018-06-04 11:34:22', 1, 602, NULL),
(603, '2018311318', 0, '2018-06-04 11:34:09', '2018-06-04 11:34:22', 1, 603, NULL),
(604, '2017310405', 0, '2018-06-04 11:34:09', '2018-06-04 11:34:22', 1, 604, NULL),
(605, '2018317868', 0, '2018-06-04 11:34:09', '2018-06-04 11:34:22', 1, 605, NULL),
(606, '2018310132', 0, '2018-06-04 11:34:09', '2018-06-04 11:34:22', 1, 606, NULL),
(607, '2018315470', 0, '2018-06-04 11:34:09', '2018-06-04 11:34:22', 1, 607, NULL),
(608, '2018308617', 0, '2018-06-04 11:34:09', '2018-06-04 11:34:22', 1, 608, NULL),
(609, '2018310160', 0, '2018-06-04 11:34:09', '2018-06-04 11:34:22', 1, 609, NULL),
(610, '2018310830', 0, '2018-06-04 11:34:09', '2018-06-04 11:34:22', 1, 610, NULL);
INSERT INTO `students` (`id`, `registry`, `isBoarder`, `created_at`, `updated_at`, `school_id`, `person_id`, `class_id`) VALUES
(611, '2018310080', 0, '2018-06-04 11:34:09', '2018-06-04 11:34:22', 1, 611, NULL),
(612, '2018317877', 0, '2018-06-04 11:34:09', '2018-06-04 11:34:22', 1, 612, NULL),
(613, '2018310099', 0, '2018-06-04 11:34:09', '2018-06-04 11:34:22', 1, 613, NULL),
(614, '2018310052', 0, '2018-06-04 11:34:09', '2018-06-04 11:34:22', 1, 614, NULL),
(615, '2018307001', 0, '2018-06-04 11:34:09', '2018-06-04 11:34:22', 1, 615, NULL),
(616, '2018316510', 0, '2018-06-04 11:34:09', '2018-06-04 11:34:22', 1, 616, NULL),
(617, '2018315531', 0, '2018-06-04 11:34:09', '2018-06-04 11:34:22', 1, 617, NULL),
(618, '2018317886', 0, '2018-06-04 11:34:09', '2018-06-04 11:34:22', 1, 618, NULL),
(619, '2018319808', 0, '2018-06-04 11:34:09', '2018-06-04 11:34:22', 1, 619, NULL),
(620, '2018321996', 0, '2018-06-04 11:34:09', '2018-06-04 11:34:22', 1, 620, NULL),
(621, '2018308608', 0, '2018-06-04 11:34:09', '2018-06-04 11:34:22', 1, 621, NULL),
(622, '2018318702', 0, '2018-06-04 11:34:09', '2018-06-04 11:34:22', 1, 622, NULL),
(623, '2018315550', 0, '2018-06-04 11:34:09', '2018-06-04 11:34:22', 1, 623, NULL),
(624, '2018310016', 0, '2018-06-04 11:34:09', '2018-06-04 11:34:22', 1, 624, NULL),
(625, '2018315498', 0, '2018-06-04 11:34:09', '2018-06-04 11:34:22', 1, 625, NULL),
(626, '2018303049', 0, '2018-06-04 11:34:09', '2018-06-04 11:34:22', 1, 626, NULL),
(627, '2018315587', 0, '2018-06-04 11:34:09', '2018-06-04 11:34:22', 1, 627, NULL),
(628, '2018318720', 0, '2018-06-04 11:34:09', '2018-06-04 11:34:22', 1, 628, NULL),
(629, '2018318088', 0, '2018-06-04 11:34:09', '2018-06-04 11:34:22', 1, 629, NULL),
(630, '2017323360', 0, '2018-06-04 11:34:09', '2018-06-04 11:34:22', 1, 630, NULL),
(631, '2017314763', 0, '2018-06-04 11:34:09', '2018-06-04 11:34:22', 1, 631, NULL),
(632, '2017309941', 0, '2018-06-04 11:34:09', '2018-06-04 11:34:22', 1, 632, NULL),
(633, '2017321991', 0, '2018-06-04 11:34:09', '2018-06-04 11:34:22', 1, 633, NULL),
(634, '2017310620', 0, '2018-06-04 11:34:09', '2018-06-04 11:34:22', 1, 634, NULL),
(635, '2017310586', 0, '2018-06-04 11:34:09', '2018-06-04 11:34:22', 1, 635, NULL),
(636, '2017310441', 0, '2018-06-04 11:34:09', '2018-06-04 11:34:22', 1, 636, NULL),
(637, '2017310577', 0, '2018-06-04 11:34:09', '2018-06-04 11:34:22', 1, 637, NULL),
(638, '2017309852', 0, '2018-06-04 11:34:09', '2018-06-04 11:34:22', 1, 638, NULL),
(639, '2017310165', 0, '2018-06-04 11:34:09', '2018-06-04 11:34:22', 1, 639, NULL),
(640, '2017309576', 0, '2018-06-04 11:34:09', '2018-06-04 11:34:22', 1, 640, NULL),
(641, '2017309629', 0, '2018-06-04 11:34:09', '2018-06-04 11:34:22', 1, 641, NULL),
(642, '2017309585', 0, '2018-06-04 11:34:09', '2018-06-04 11:34:22', 1, 642, NULL),
(643, '2017310110', 0, '2018-06-04 11:34:09', '2018-06-04 11:34:22', 1, 643, NULL),
(644, '2017309988', 0, '2018-06-04 11:34:09', '2018-06-04 11:34:22', 1, 644, NULL),
(645, '2017310218', 0, '2018-06-04 11:34:09', '2018-06-04 11:34:22', 1, 645, NULL),
(646, '2017322120', 0, '2018-06-04 11:34:09', '2018-06-04 11:34:22', 1, 646, NULL),
(647, '2017309899', 0, '2018-06-04 11:34:09', '2018-06-04 11:34:22', 1, 647, NULL),
(648, '2017313480', 0, '2018-06-04 11:34:09', '2018-06-04 11:34:22', 1, 648, NULL),
(649, '2017310263', 0, '2018-06-04 11:34:09', '2018-06-04 11:34:22', 1, 649, NULL),
(650, '2017310334', 0, '2018-06-04 11:34:09', '2018-06-04 11:34:22', 1, 650, NULL),
(651, '2017309709', 0, '2018-06-04 11:34:09', '2018-06-04 11:34:22', 1, 651, NULL),
(652, '2017309790', 0, '2018-06-04 11:34:09', '2018-06-04 11:34:22', 1, 652, NULL),
(653, '2017309549', 0, '2018-06-04 11:34:09', '2018-06-04 11:34:22', 1, 653, NULL),
(654, '2017310030', 0, '2018-06-04 11:34:09', '2018-06-04 11:34:22', 1, 654, NULL),
(655, '2017309683', 0, '2018-06-04 11:34:09', '2018-06-04 11:34:22', 1, 655, NULL),
(656, '2017322012', 0, '2018-06-04 11:34:09', '2018-06-04 11:34:22', 1, 656, NULL),
(657, '2017316490', 0, '2018-06-04 11:34:09', '2018-06-04 11:34:22', 1, 657, NULL),
(658, '2017316472', 0, '2018-06-04 11:34:09', '2018-06-04 11:34:22', 1, 658, NULL),
(659, '2017309745', 0, '2018-06-04 11:34:09', '2018-06-04 11:34:22', 1, 659, NULL),
(660, '2017309610', 0, '2018-06-04 11:34:09', '2018-06-04 11:34:22', 1, 660, NULL),
(661, '2017309567', 0, '2018-06-04 11:34:09', '2018-06-04 11:34:22', 1, 661, NULL),
(662, '2017318468', 0, '2018-06-04 11:34:09', '2018-06-04 11:34:22', 1, 662, NULL),
(663, '2017308523', 0, '2018-06-04 11:34:09', '2018-06-04 11:34:22', 1, 663, NULL),
(664, '2017310601', 0, '2018-06-04 11:34:09', '2018-06-04 11:34:22', 1, 664, NULL),
(665, '2017305479', 0, '2018-06-04 11:34:09', '2018-06-04 11:34:22', 1, 665, NULL),
(666, '2017310361', 0, '2018-06-04 11:34:09', '2018-06-04 11:34:22', 1, 666, NULL),
(667, '2016300450', 0, '2018-06-04 11:34:09', '2018-06-04 11:34:22', 1, 667, NULL),
(668, '2016300469', 0, '2018-06-04 11:34:09', '2018-06-04 11:34:22', 1, 668, NULL),
(669, '2016300478', 0, '2018-06-04 11:34:09', '2018-06-04 11:34:22', 1, 669, NULL),
(670, '2016300487', 0, '2018-06-04 11:34:09', '2018-06-04 11:34:22', 1, 670, NULL),
(671, '2016300496', 0, '2018-06-04 11:34:09', '2018-06-04 11:34:22', 1, 671, NULL),
(672, '2015300348', 0, '2018-06-04 11:34:09', '2018-06-04 11:34:22', 1, 672, NULL),
(673, '2016300502', 0, '2018-06-04 11:34:09', '2018-06-04 11:34:22', 1, 673, NULL),
(674, '2016300511', 0, '2018-06-04 11:34:09', '2018-06-04 11:34:22', 1, 674, NULL),
(675, '2016300520', 0, '2018-06-04 11:34:09', '2018-06-04 11:34:22', 1, 675, NULL),
(676, '2016300530', 0, '2018-06-04 11:34:09', '2018-06-04 11:34:22', 1, 676, NULL),
(677, '2015300357', 0, '2018-06-04 11:34:09', '2018-06-04 11:34:22', 1, 677, NULL),
(678, '2016300549', 0, '2018-06-04 11:34:09', '2018-06-04 11:34:22', 1, 678, NULL),
(679, '2015300366', 0, '2018-06-04 11:34:09', '2018-06-04 11:34:22', 1, 679, NULL),
(680, '2016300558', 0, '2018-06-04 11:34:09', '2018-06-04 11:34:22', 1, 680, NULL),
(681, '2016300567', 0, '2018-06-04 11:34:09', '2018-06-04 11:34:22', 1, 681, NULL),
(682, '2016300576', 0, '2018-06-04 11:34:09', '2018-06-04 11:34:22', 1, 682, NULL),
(683, '2016300585', 0, '2018-06-04 11:34:09', '2018-06-04 11:34:22', 1, 683, NULL),
(684, '2015300375', 0, '2018-06-04 11:34:09', '2018-06-04 11:34:22', 1, 684, NULL),
(685, '2016300594', 0, '2018-06-04 11:34:09', '2018-06-04 11:34:22', 1, 685, NULL),
(686, '2015300384', 0, '2018-06-04 11:34:09', '2018-06-04 11:34:22', 1, 686, NULL),
(687, '2016300600', 0, '2018-06-04 11:34:09', '2018-06-04 11:34:22', 1, 687, NULL),
(688, '2016300610', 0, '2018-06-04 11:34:09', '2018-06-04 11:34:22', 1, 688, NULL),
(689, '2016300629', 0, '2018-06-04 11:34:09', '2018-06-04 11:34:22', 1, 689, NULL),
(690, '2016300638', 0, '2018-06-04 11:34:09', '2018-06-04 11:34:22', 1, 690, NULL),
(691, '2016300647', 0, '2018-06-04 11:34:09', '2018-06-04 11:34:22', 1, 691, NULL),
(692, '2016300914', 0, '2018-06-04 11:34:09', '2018-06-04 11:34:22', 1, 692, NULL),
(693, '2016300979', 0, '2018-06-04 11:34:09', '2018-06-04 11:34:22', 1, 693, NULL),
(694, '2016300997', 0, '2018-06-04 11:34:09', '2018-06-04 11:34:22', 1, 694, NULL),
(695, '2015300446', 0, '2018-06-04 11:34:09', '2018-06-04 11:34:22', 1, 695, NULL),
(696, '2016301009', 0, '2018-06-04 11:34:09', '2018-06-04 11:34:22', 1, 696, NULL),
(697, '2016301018', 0, '2018-06-04 11:34:09', '2018-06-04 11:34:22', 1, 697, NULL),
(698, '2016301027', 0, '2018-06-04 11:34:09', '2018-06-04 11:34:22', 1, 698, NULL),
(699, '2014300076', 0, '2018-06-04 11:34:09', '2018-06-04 11:34:22', 1, 699, NULL),
(700, '2015300455', 0, '2018-06-04 11:34:09', '2018-06-04 11:34:22', 1, 700, NULL),
(701, '2016301036', 0, '2018-06-04 11:34:09', '2018-06-04 11:34:22', 1, 701, NULL),
(702, '2015300464', 0, '2018-06-04 11:34:09', '2018-06-04 11:34:22', 1, 702, NULL),
(703, '2016301045', 0, '2018-06-04 11:34:09', '2018-06-04 11:34:22', 1, 703, NULL),
(704, '2016301054', 0, '2018-06-04 11:34:09', '2018-06-04 11:34:22', 1, 704, NULL),
(705, '2015300141', 0, '2018-06-04 11:34:09', '2018-06-04 11:34:22', 1, 705, NULL),
(706, '2015300150', 0, '2018-06-04 11:34:09', '2018-06-04 11:34:22', 1, 706, NULL),
(707, '2014300020', 0, '2018-06-04 11:34:09', '2018-06-04 11:34:22', 1, 707, NULL),
(708, '2015300160', 0, '2018-06-04 11:34:09', '2018-06-04 11:34:22', 1, 708, NULL),
(709, '2015300179', 0, '2018-06-04 11:34:09', '2018-06-04 11:34:22', 1, 709, NULL),
(710, '2015300188', 0, '2018-06-04 11:34:09', '2018-06-04 11:34:22', 1, 710, NULL),
(711, '2015300197', 0, '2018-06-04 11:34:09', '2018-06-04 11:34:22', 1, 711, NULL),
(712, '2015300203', 0, '2018-06-04 11:34:09', '2018-06-04 11:34:23', 1, 712, NULL),
(713, '2015300212', 0, '2018-06-04 11:34:09', '2018-06-04 11:34:23', 1, 713, NULL),
(714, '2014300030', 0, '2018-06-04 11:34:09', '2018-06-04 11:34:23', 1, 714, NULL),
(715, '2015300221', 0, '2018-06-04 11:34:09', '2018-06-04 11:34:23', 1, 715, NULL),
(716, '2015300230', 0, '2018-06-04 11:34:09', '2018-06-04 11:34:23', 1, 716, NULL),
(717, '2015300240', 0, '2018-06-04 11:34:09', '2018-06-04 11:34:23', 1, 717, NULL),
(718, '2015300259', 0, '2018-06-04 11:34:09', '2018-06-04 11:34:23', 1, 718, NULL),
(719, '2015300268', 0, '2018-06-04 11:34:09', '2018-06-04 11:34:23', 1, 719, NULL),
(720, '2015300277', 0, '2018-06-04 11:34:09', '2018-06-04 11:34:23', 1, 720, NULL),
(721, '2014300049', 0, '2018-06-04 11:34:09', '2018-06-04 11:34:23', 1, 721, NULL),
(722, '2015300286', 0, '2018-06-04 11:34:09', '2018-06-04 11:34:23', 1, 722, NULL),
(723, '2015300295', 0, '2018-06-04 11:34:09', '2018-06-04 11:34:23', 1, 723, NULL),
(724, '2015300301', 0, '2018-06-04 11:34:09', '2018-06-04 11:34:23', 1, 724, NULL),
(725, '2015300310', 0, '2018-06-04 11:34:09', '2018-06-04 11:34:23', 1, 725, NULL),
(726, '2015300320', 0, '2018-06-04 11:34:09', '2018-06-04 11:34:23', 1, 726, NULL),
(727, '2015300339', 0, '2018-06-04 11:34:09', '2018-06-04 11:34:23', 1, 727, NULL),
(728, '2014300058', 0, '2018-06-04 11:34:09', '2018-06-04 11:34:23', 1, 728, NULL);

-- --------------------------------------------------------

--
-- Estrutura da tabela `users`
--

CREATE TABLE `users` (
  `id` int(10) UNSIGNED NOT NULL,
  `name` varchar(255) COLLATE utf8_unicode_ci NOT NULL,
  `email` varchar(255) COLLATE utf8_unicode_ci NOT NULL,
  `password` varchar(60) COLLATE utf8_unicode_ci NOT NULL,
  `remember_token` varchar(100) COLLATE utf8_unicode_ci DEFAULT NULL,
  `created_at` timestamp NULL DEFAULT NULL,
  `updated_at` timestamp NULL DEFAULT NULL
) ENGINE=InnoDB DEFAULT CHARSET=utf8 COLLATE=utf8_unicode_ci;

--
-- Extraindo dados da tabela `users`
--

INSERT INTO `users` (`id`, `name`, `email`, `password`, `remember_token`, `created_at`, `updated_at`) VALUES
(1, 'Marlon de Oliveira dos Santos', 'marlonlolz75@gmail.com', '$2y$10$FaWJclPCSfEq7FwoWMiGIuuKWBqsCeYo/n2LPAHH8riA/Kx7/K.3G', NULL, '2018-06-04 11:32:36', '2018-06-04 11:32:36'),
(2, 'Bruno Barros', 'bruno@saecozinhaindustrial.com.br', '$2y$10$EGJD23peTgo7nv.V96BYG.XMzNN7umTqYYCgqqEMYuINYaxQkAm7G', NULL, '2018-06-04 13:09:43', '2018-06-04 13:09:43');

--
-- Indexes for dumped tables
--

--
-- Indexes for table `classes`
--
ALTER TABLE `classes`
  ADD PRIMARY KEY (`id`),
  ADD KEY `classes_school_id_foreign` (`school_id`);

--
-- Indexes for table `enviroments`
--
ALTER TABLE `enviroments`
  ADD PRIMARY KEY (`id`);

--
-- Indexes for table `lunch_patterns`
--
ALTER TABLE `lunch_patterns`
  ADD PRIMARY KEY (`id`),
  ADD KEY `lunch_patterns_person_id_foreign` (`person_id`);

--
-- Indexes for table `migrations`
--
ALTER TABLE `migrations`
  ADD PRIMARY KEY (`id`);

--
-- Indexes for table `password_resets`
--
ALTER TABLE `password_resets`
  ADD KEY `password_resets_email_index` (`email`),
  ADD KEY `password_resets_token_index` (`token`);

--
-- Indexes for table `payment_types`
--
ALTER TABLE `payment_types`
  ADD PRIMARY KEY (`id`),
  ADD KEY `payment_types_enviroment_id_foreign` (`enviroment_id`);

--
-- Indexes for table `persons`
--
ALTER TABLE `persons`
  ADD PRIMARY KEY (`id`);

--
-- Indexes for table `record_children`
--
ALTER TABLE `record_children`
  ADD PRIMARY KEY (`id`),
  ADD KEY `record_children_person_id_foreign` (`person_id`),
  ADD KEY `record_children_record_father_id_foreign` (`record_father_id`),
  ADD KEY `record_children_payment_type_id_foreign` (`payment_type_id`);

--
-- Indexes for table `record_father`
--
ALTER TABLE `record_father`
  ADD PRIMARY KEY (`id`);

--
-- Indexes for table `students`
--
ALTER TABLE `students`
  ADD PRIMARY KEY (`id`),
  ADD KEY `students_school_id_foreign` (`school_id`),
  ADD KEY `students_person_id_foreign` (`person_id`),
  ADD KEY `students_class_id_foreign` (`class_id`);

--
-- Indexes for table `users`
--
ALTER TABLE `users`
  ADD PRIMARY KEY (`id`),
  ADD UNIQUE KEY `users_email_unique` (`email`);

--
-- AUTO_INCREMENT for dumped tables
--

--
-- AUTO_INCREMENT for table `classes`
--
ALTER TABLE `classes`
  MODIFY `id` int(10) UNSIGNED NOT NULL AUTO_INCREMENT;
--
-- AUTO_INCREMENT for table `enviroments`
--
ALTER TABLE `enviroments`
  MODIFY `id` int(10) UNSIGNED NOT NULL AUTO_INCREMENT, AUTO_INCREMENT=2;
--
-- AUTO_INCREMENT for table `lunch_patterns`
--
ALTER TABLE `lunch_patterns`
  MODIFY `id` int(10) UNSIGNED NOT NULL AUTO_INCREMENT, AUTO_INCREMENT=729;
--
-- AUTO_INCREMENT for table `migrations`
--
ALTER TABLE `migrations`
  MODIFY `id` int(10) UNSIGNED NOT NULL AUTO_INCREMENT, AUTO_INCREMENT=23;
--
-- AUTO_INCREMENT for table `payment_types`
--
ALTER TABLE `payment_types`
  MODIFY `id` int(10) UNSIGNED NOT NULL AUTO_INCREMENT, AUTO_INCREMENT=3;
--
-- AUTO_INCREMENT for table `persons`
--
ALTER TABLE `persons`
  MODIFY `id` int(10) UNSIGNED NOT NULL AUTO_INCREMENT, AUTO_INCREMENT=729;
--
-- AUTO_INCREMENT for table `record_children`
--
ALTER TABLE `record_children`
  MODIFY `id` int(10) UNSIGNED NOT NULL AUTO_INCREMENT, AUTO_INCREMENT=861;
--
-- AUTO_INCREMENT for table `record_father`
--
ALTER TABLE `record_father`
  MODIFY `id` int(10) UNSIGNED NOT NULL AUTO_INCREMENT, AUTO_INCREMENT=4;
--
-- AUTO_INCREMENT for table `students`
--
ALTER TABLE `students`
  MODIFY `id` int(10) UNSIGNED NOT NULL AUTO_INCREMENT, AUTO_INCREMENT=729;
--
-- AUTO_INCREMENT for table `users`
--
ALTER TABLE `users`
  MODIFY `id` int(10) UNSIGNED NOT NULL AUTO_INCREMENT, AUTO_INCREMENT=3;
--
-- Constraints for dumped tables
--

--
-- Limitadores para a tabela `classes`
--
ALTER TABLE `classes`
  ADD CONSTRAINT `classes_school_id_foreign` FOREIGN KEY (`school_id`) REFERENCES `enviroments` (`id`);

--
-- Limitadores para a tabela `lunch_patterns`
--
ALTER TABLE `lunch_patterns`
  ADD CONSTRAINT `lunch_patterns_person_id_foreign` FOREIGN KEY (`person_id`) REFERENCES `persons` (`id`);

--
-- Limitadores para a tabela `payment_types`
--
ALTER TABLE `payment_types`
  ADD CONSTRAINT `payment_types_enviroment_id_foreign` FOREIGN KEY (`enviroment_id`) REFERENCES `enviroments` (`id`);

--
-- Limitadores para a tabela `record_children`
--
ALTER TABLE `record_children`
  ADD CONSTRAINT `record_children_payment_type_id_foreign` FOREIGN KEY (`payment_type_id`) REFERENCES `payment_types` (`id`),
  ADD CONSTRAINT `record_children_person_id_foreign` FOREIGN KEY (`person_id`) REFERENCES `persons` (`id`),
  ADD CONSTRAINT `record_children_record_father_id_foreign` FOREIGN KEY (`record_father_id`) REFERENCES `record_father` (`id`);

--
-- Limitadores para a tabela `students`
--
ALTER TABLE `students`
  ADD CONSTRAINT `students_class_id_foreign` FOREIGN KEY (`class_id`) REFERENCES `classes` (`id`),
  ADD CONSTRAINT `students_person_id_foreign` FOREIGN KEY (`person_id`) REFERENCES `persons` (`id`),
  ADD CONSTRAINT `students_school_id_foreign` FOREIGN KEY (`school_id`) REFERENCES `enviroments` (`id`);

/*!40101 SET CHARACTER_SET_CLIENT=@OLD_CHARACTER_SET_CLIENT */;
/*!40101 SET CHARACTER_SET_RESULTS=@OLD_CHARACTER_SET_RESULTS */;
/*!40101 SET COLLATION_CONNECTION=@OLD_COLLATION_CONNECTION */;
